daily_ic,daily_ic_available_case,days_defined,days_expected,feature_group,first_test_day,horizon,ic,kind,last_train_day,mean_day_prediction_label_ic,model,origin,original_prediction_sha256,period,prediction_std_bps,scope,seed,shuffle,symbol,task_id,test_row_hash,test_rows,train_row_hash,train_rows,undefined_reason
0.010893494246804754,0.010893494246804754,21,21,F5,2017-06-01,20,0.00892454262701265,control,2017-05-31,0.3844155844155844,xgboost,verified_original_prediction,8009afc32ac1f1a82ba7b89df50e1094f7ce8bc419dd76cd71202a3cc7576502,2017-06,0.01830588751651393,own_june,7.0,S0,KGHM,dd16b2d3b694327076f566ed1586994caf018f74b5915f46792891bd37f4296d,dfea138502e09ff6b8f1389607fba3f9927f3534faa294dbb92e69e3cafad8b3,1014565,fa1f687728225a3b991ccc3a9fa3b13b58a4acd4a4bda6a6f70ebb0173c112b0,7204856,
0.01017989434882395,0.01017989434882395,21,21,F5,2017-06-01,20,0.006039411552788001,control,2017-05-31,0.4168831168831169,xgboost,new_fit,,2017-06,0.021501361879883395,own_june,17.0,S0,KGHM,c8255fb06865a5747762bc85097f5ddc444c46ab22334173d7c4be9a82b6615c,dfea138502e09ff6b8f1389607fba3f9927f3534faa294dbb92e69e3cafad8b3,1014565,fa1f687728225a3b991ccc3a9fa3b13b58a4acd4a4bda6a6f70ebb0173c112b0,7204856,
0.013289635568211737,0.013289635568211737,21,21,F5,2017-06-01,20,0.012899333609660557,control,2017-05-31,0.28181818181818186,xgboost,new_fit,,2017-06,0.019267993520252845,own_june,29.0,S0,KGHM,16acc8742379aefc6d0fc5a3835a0e530404d76912a9212f5a2d2b2021395683,dfea138502e09ff6b8f1389607fba3f9927f3534faa294dbb92e69e3cafad8b3,1014565,fa1f687728225a3b991ccc3a9fa3b13b58a4acd4a4bda6a6f70ebb0173c112b0,7204856,
0.01556091425109846,0.01556091425109846,21,21,F5,2017-06-01,20,0.012521822237822187,control,2017-05-31,0.2350649350649351,xgboost,new_fit,,2017-06,0.021285372419006462,own_june,43.0,S0,KGHM,e02393908811a4d12bd749104b30fca3c8ec39b5dd593c1364bc7e8ea0f7d5d2,dfea138502e09ff6b8f1389607fba3f9927f3534faa294dbb92e69e3cafad8b3,1014565,fa1f687728225a3b991ccc3a9fa3b13b58a4acd4a4bda6a6f70ebb0173c112b0,7204856,
-0.0059814030377756495,-0.0059814030377756495,21,21,F5,2017-06-01,20,-0.004797996897000947,control,2017-05-31,0.2727272727272727,xgboost,new_fit,,2017-06,0.019944773146628608,own_june,71.0,S0,KGHM,e68af8b6debcd6230b01e4a15f81578777fed9e51aa3751400667479144e3d31,dfea138502e09ff6b8f1389607fba3f9927f3534faa294dbb92e69e3cafad8b3,1014565,fa1f687728225a3b991ccc3a9fa3b13b58a4acd4a4bda6a6f70ebb0173c112b0,7204856,
0.04503994446414762,0.04503994446414762,21,21,F5,2017-06-01,20,0.04639083531777521,control,2017-05-31,0.274025974025974,xgboost,new_fit,,2017-06,0.014212590389269615,own_june,7.0,S1,KGHM,7fca4e6f0462261c02e6b5d953279e035654c0d5ee2943a1ccdbadd2536f6745,dfea138502e09ff6b8f1389607fba3f9927f3534faa294dbb92e69e3cafad8b3,1014565,fa1f687728225a3b991ccc3a9fa3b13b58a4acd4a4bda6a6f70ebb0173c112b0,7204856,
0.03659184693227585,0.03659184693227585,21,21,F5,2017-06-01,20,0.03760245055968163,control,2017-05-31,0.07922077922077922,xgboost,new_fit,,2017-06,0.014971909244060456,own_june,17.0,S1,KGHM,a39d9c99498dd9b9d8837852bdf7c3c4c2d9b8251b70d871d2dc0531c153a237,dfea138502e09ff6b8f1389607fba3f9927f3534faa294dbb92e69e3cafad8b3,1014565,fa1f687728225a3b991ccc3a9fa3b13b58a4acd4a4bda6a6f70ebb0173c112b0,7204856,
-0.027357593582486767,-0.027357593582486767,21,21,F5,2017-06-01,20,-0.029046984918841993,control,2017-05-31,-0.2857142857142857,xgboost,new_fit,,2017-06,0.01549412122802772,own_june,29.0,S1,KGHM,4953f786e6fbf58c453ac53ea434600075f9caa81f9357b1ea13194a571db347,dfea138502e09ff6b8f1389607fba3f9927f3534faa294dbb92e69e3cafad8b3,1014565,fa1f687728225a3b991ccc3a9fa3b13b58a4acd4a4bda6a6f70ebb0173c112b0,7204856,
0.013847623811349732,0.013847623811349732,21,21,F5,2017-06-01,20,0.013180645030109083,control,2017-05-31,-0.40649350649350646,xgboost,new_fit,,2017-06,0.014045869709237296,own_june,43.0,S1,KGHM,7fcf17a8119d7b71836435841e52f96e165756d234f6959ca90b2edf84dfa6b5,dfea138502e09ff6b8f1389607fba3f9927f3534faa294dbb92e69e3cafad8b3,1014565,fa1f687728225a3b991ccc3a9fa3b13b58a4acd4a4bda6a6f70ebb0173c112b0,7204856,
-0.054653175300893114,-0.054653175300893114,21,21,F5,2017-06-01,20,-0.05361700576637372,control,2017-05-31,-0.27792207792207796,xgboost,new_fit,,2017-06,0.015959841062934556,own_june,71.0,S1,KGHM,37a7e5609f87d650d4acec847995d1fa66d834326dec9230014ac07060986559,dfea138502e09ff6b8f1389607fba3f9927f3534faa294dbb92e69e3cafad8b3,1014565,fa1f687728225a3b991ccc3a9fa3b13b58a4acd4a4bda6a6f70ebb0173c112b0,7204856,
0.01093005527653035,0.01093005527653035,21,21,F5,2017-06-01,20,0.010898420846860057,control,2017-05-31,0.251948051948052,xgboost,verified_original_prediction,7cfa4652d30390c3b01cbc5e022c92d3e2924db21c5d6c87a9cbc186a990b479,2017-06,0.027707038214641336,own_june,7.0,S0,PEKAO,2774b91a38a0ca45675b3c955384ac5841d8e927466cf1fdc237148343144d6e,840577ef5ae26c78d60f0138f4970706b283a9d36012b42b3790486205753838,657478,bbe98f139a43f1d31ccfb9785eb36adafb7ae5a0cfa11688058dea9bb7cef9bd,3179866,
-0.0073380380921245925,-0.0073380380921245925,21,21,F5,2017-06-01,20,-0.004558677284335746,control,2017-05-31,0.3246753246753247,xgboost,verified_original_prediction,cdeb57d75697f985019f3475ae4ada0c207fed3407dc4d9bb233f7ecf5ca0f69,2017-06,0.030643452838440447,own_june,17.0,S0,PEKAO,64faef9f1319007e362a2ddba065410b572231e60accc03e1c4ed9d69a4c9ceb,840577ef5ae26c78d60f0138f4970706b283a9d36012b42b3790486205753838,657478,bbe98f139a43f1d31ccfb9785eb36adafb7ae5a0cfa11688058dea9bb7cef9bd,3179866,
0.060709623572212955,0.060709623572212955,21,21,F5,2017-06-01,20,0.052781354462752374,control,2017-05-31,0.2896103896103896,xgboost,verified_original_prediction,7bb30b17d26b0e7f562e34daac6349145115b85de5d96cd22a93cbdd4281da75,2017-06,0.029388182405719946,own_june,29.0,S0,PEKAO,b3e9342abf0c13ae32dc65e7a74133d3692e47c8dc4f7409d55209e227245ef2,840577ef5ae26c78d60f0138f4970706b283a9d36012b42b3790486205753838,657478,bbe98f139a43f1d31ccfb9785eb36adafb7ae5a0cfa11688058dea9bb7cef9bd,3179866,
-0.005225932197501788,-0.005225932197501788,21,21,F5,2017-06-01,20,-0.006814440099114619,control,2017-05-31,0.2597402597402597,xgboost,new_fit,,2017-06,0.028310085601655023,own_june,43.0,S0,PEKAO,32cf49bb8178605f8febf47207d8577ae4f911414a11287216c731dacb49bba8,840577ef5ae26c78d60f0138f4970706b283a9d36012b42b3790486205753838,657478,bbe98f139a43f1d31ccfb9785eb36adafb7ae5a0cfa11688058dea9bb7cef9bd,3179866,
0.03820643431785094,0.03820643431785094,21,21,F5,2017-06-01,20,0.03182996888444515,control,2017-05-31,0.35844155844155845,xgboost,new_fit,,2017-06,0.029023392037391026,own_june,71.0,S0,PEKAO,7de4d1ad1c83ec82444050633ab78829cb12f9ca228dadf9d30f8c01b51a158b,840577ef5ae26c78d60f0138f4970706b283a9d36012b42b3790486205753838,657478,bbe98f139a43f1d31ccfb9785eb36adafb7ae5a0cfa11688058dea9bb7cef9bd,3179866,
0.01669189080258015,0.01669189080258015,21,21,F5,2017-06-01,20,0.011544529133915364,control,2017-05-31,0.21818181818181817,xgboost,new_fit,,2017-06,0.027749957934525768,own_june,7.0,S1,PEKAO,aac20c2faa2ed55dbeaa67a46326a46f70439e6857832b4df54ce30050a50756,840577ef5ae26c78d60f0138f4970706b283a9d36012b42b3790486205753838,657478,bbe98f139a43f1d31ccfb9785eb36adafb7ae5a0cfa11688058dea9bb7cef9bd,3179866,
-0.03335084540477145,-0.03335084540477145,21,21,F5,2017-06-01,20,-0.031147977557092612,control,2017-05-31,0.0935064935064935,xgboost,new_fit,,2017-06,0.028676505077531906,own_june,17.0,S1,PEKAO,c792ab83ea7aa870842c4a80b6757af21af881ea10f38a632c446568662b3507,840577ef5ae26c78d60f0138f4970706b283a9d36012b42b3790486205753838,657478,bbe98f139a43f1d31ccfb9785eb36adafb7ae5a0cfa11688058dea9bb7cef9bd,3179866,
0.042890622241900225,0.042890622241900225,21,21,F5,2017-06-01,20,0.038058551944785066,control,2017-05-31,-0.08441558441558442,xgboost,new_fit,,2017-06,0.026347958236754836,own_june,29.0,S1,PEKAO,e9f3e7273baf2a917c125cb5cef8a2d308e53964bace90c98c1721928234f0a1,840577ef5ae26c78d60f0138f4970706b283a9d36012b42b3790486205753838,657478,bbe98f139a43f1d31ccfb9785eb36adafb7ae5a0cfa11688058dea9bb7cef9bd,3179866,
-0.021387429609917376,-0.021387429609917376,21,21,F5,2017-06-01,20,-0.020510132491886532,control,2017-05-31,0.29480519480519485,xgboost,new_fit,,2017-06,0.027215865250152838,own_june,43.0,S1,PEKAO,a95b91707d9ebbe6d55347daeef86906437319e467e625faef8105af85707ce3,840577ef5ae26c78d60f0138f4970706b283a9d36012b42b3790486205753838,657478,bbe98f139a43f1d31ccfb9785eb36adafb7ae5a0cfa11688058dea9bb7cef9bd,3179866,
-0.05932143999256166,-0.05932143999256166,21,21,F5,2017-06-01,20,-0.053223148238290933,control,2017-05-31,-0.005194805194805195,xgboost,new_fit,,2017-06,0.0271456012692126,own_june,71.0,S1,PEKAO,d326e110a345c7860143493249e75498fcadda689e6eabf9576d11803a751b8b,840577ef5ae26c78d60f0138f4970706b283a9d36012b42b3790486205753838,657478,bbe98f139a43f1d31ccfb9785eb36adafb7ae5a0cfa11688058dea9bb7cef9bd,3179866,
0.1037739314319947,0.1037739314319947,21,21,F5,2017-06-01,20,0.09222840639994086,control,2017-05-31,-0.24805194805194808,xgboost,verified_original_prediction,aac0b2e2f73e5430d60109f5e85cb9a3b23b398b1cde81e7a090912cfd6234f3,2017-06,0.018541107570777114,own_june,7.0,S0,PKNORLEN,8221ba0068abbf791957fe47d54f30a49fe88e78925d8b50c16fa1918aa9d067,06746a0407e336f74af93806dbbb59609abde9bb79cbe5370dd12917857fca52,862980,59568ea0a4f743e7111a179ae5829e7b05862870570464823bbcb8a454c85f58,6678973,
0.10281228063813282,0.10281228063813282,21,21,F5,2017-06-01,20,0.08854589637788395,control,2017-05-31,-0.37922077922077924,xgboost,new_fit,,2017-06,0.01864436519968877,own_june,17.0,S0,PKNORLEN,2f8c5f1318ccf0d7823fd805676540491f0c9e7c352d11250690779033a898c4,06746a0407e336f74af93806dbbb59609abde9bb79cbe5370dd12917857fca52,862980,59568ea0a4f743e7111a179ae5829e7b05862870570464823bbcb8a454c85f58,6678973,
0.11232938314597149,0.11232938314597149,21,21,F5,2017-06-01,20,0.10478508946882727,control,2017-05-31,-0.3337662337662338,xgboost,new_fit,,2017-06,0.018106045888513448,own_june,29.0,S0,PKNORLEN,e9b1031dddf19c7a527be26390d4b885ca544cfd804890455547e80ca571a4db,06746a0407e336f74af93806dbbb59609abde9bb79cbe5370dd12917857fca52,862980,59568ea0a4f743e7111a179ae5829e7b05862870570464823bbcb8a454c85f58,6678973,
0.08460733629337555,0.08460733629337555,21,21,F5,2017-06-01,20,0.07174914608818703,control,2017-05-31,-0.2558441558441559,xgboost,new_fit,,2017-06,0.01939832444494958,own_june,43.0,S0,PKNORLEN,247191b37c3d25e120ba43098bcae8b13b848e98a5467ba48cea12cbc1abbb9d,06746a0407e336f74af93806dbbb59609abde9bb79cbe5370dd12917857fca52,862980,59568ea0a4f743e7111a179ae5829e7b05862870570464823bbcb8a454c85f58,6678973,
0.09567875194157972,0.09567875194157972,21,21,F5,2017-06-01,20,0.081773697987573,control,2017-05-31,-0.3974025974025974,xgboost,new_fit,,2017-06,0.018427279838777247,own_june,71.0,S0,PKNORLEN,68b1a6723fb4a50f675f29a90c75a3ba009a7b07b55ea7429efb7fbad637c329,06746a0407e336f74af93806dbbb59609abde9bb79cbe5370dd12917857fca52,862980,59568ea0a4f743e7111a179ae5829e7b05862870570464823bbcb8a454c85f58,6678973,
0.03334646076086592,0.03334646076086592,21,21,F5,2017-06-01,20,0.03307169951022987,control,2017-05-31,0.18051948051948052,xgboost,new_fit,,2017-06,0.013644719077375893,own_june,7.0,S1,PKNORLEN,a109e5179263899aeb9d3bbf98a331cd01e590368e8e99103f76cd2f1a678fa0,06746a0407e336f74af93806dbbb59609abde9bb79cbe5370dd12917857fca52,862980,59568ea0a4f743e7111a179ae5829e7b05862870570464823bbcb8a454c85f58,6678973,
0.0522778449161952,0.0522778449161952,21,21,F5,2017-06-01,20,0.05342443706341227,control,2017-05-31,-0.287012987012987,xgboost,new_fit,,2017-06,0.014820913184707438,own_june,17.0,S1,PKNORLEN,b94e4a734df2ccfe2a13e1970217dbaef8bfd32ce1b81aa4cde4d569fbbeaeea,06746a0407e336f74af93806dbbb59609abde9bb79cbe5370dd12917857fca52,862980,59568ea0a4f743e7111a179ae5829e7b05862870570464823bbcb8a454c85f58,6678973,
0.010936516145844177,0.010936516145844177,21,21,F5,2017-06-01,20,-0.0003287956872989401,control,2017-05-31,0.24805194805194808,xgboost,new_fit,,2017-06,0.014468878236901633,own_june,29.0,S1,PKNORLEN,39006b96ba83023d44c36df4c0e2a95c6a1891be5d15c59a8e85628290a6da59,06746a0407e336f74af93806dbbb59609abde9bb79cbe5370dd12917857fca52,862980,59568ea0a4f743e7111a179ae5829e7b05862870570464823bbcb8a454c85f58,6678973,
0.02056170520916179,0.02056170520916179,21,21,F5,2017-06-01,20,0.021682403943785806,control,2017-05-31,0.006493506493506493,xgboost,new_fit,,2017-06,0.014320681794052659,own_june,43.0,S1,PKNORLEN,6f9a85ac82c0ebbcd1b1d6c5ff89170150cbcfde0bc0d753ebef1b0e6abe7c16,06746a0407e336f74af93806dbbb59609abde9bb79cbe5370dd12917857fca52,862980,59568ea0a4f743e7111a179ae5829e7b05862870570464823bbcb8a454c85f58,6678973,
0.026168421366631726,0.026168421366631726,21,21,F5,2017-06-01,20,0.02789569352576492,control,2017-05-31,0.24545454545454545,xgboost,new_fit,,2017-06,0.01492973543705387,own_june,71.0,S1,PKNORLEN,6720083f49334f7a6be5bd4e685f9557d7c1860961f8276105873d42d346b26a,06746a0407e336f74af93806dbbb59609abde9bb79cbe5370dd12917857fca52,862980,59568ea0a4f743e7111a179ae5829e7b05862870570464823bbcb8a454c85f58,6678973,
0.046347053388788785,0.046347053388788785,21,21,F5,2017-06-01,20,0.04060363337291464,control,2017-05-31,0.06493506493506493,xgboost,verified_original_prediction,65489416f969d3ba4656051758724eb2a99c5fe87a306ae1afbd84efe01293ac,2017-06,0.021532861663962104,own_june,7.0,S0,PKOBP,edaef222f88f1452ed19c51c561f64b373112970802aba235891464c580c8d90,176aabcd5e4d39f994562723c2ce0e3d5dd4c03ef45bc63f5388c49e433e2913,1056564,bbc70e389c638084859d06c73a8f63bc58cec052bd8cee6dfbc4da2b6e8b5410,5806941,
0.007932376144353687,0.007932376144353687,21,21,F5,2017-06-01,20,0.005051997692246518,control,2017-05-31,0.15844155844155844,xgboost,new_fit,,2017-06,0.0203576709402356,own_june,17.0,S0,PKOBP,373986c8a1f4155a530875b6d2210d8f3795283198be439e0e41812e51688649,176aabcd5e4d39f994562723c2ce0e3d5dd4c03ef45bc63f5388c49e433e2913,1056564,bbc70e389c638084859d06c73a8f63bc58cec052bd8cee6dfbc4da2b6e8b5410,5806941,
0.016669618659343497,0.016669618659343497,21,21,F5,2017-06-01,20,0.009993478450560237,control,2017-05-31,-0.07532467532467534,xgboost,new_fit,,2017-06,0.022247525588286163,own_june,29.0,S0,PKOBP,4440f5f0f2169ee0a4352a1c30ad8c0e1286adbd645bda1904820f30cf2bbf03,176aabcd5e4d39f994562723c2ce0e3d5dd4c03ef45bc63f5388c49e433e2913,1056564,bbc70e389c638084859d06c73a8f63bc58cec052bd8cee6dfbc4da2b6e8b5410,5806941,
-0.0010299164294635236,-0.0010299164294635236,21,21,F5,2017-06-01,20,-0.0018874578130324887,control,2017-05-31,0.0012987012987012987,xgboost,new_fit,,2017-06,0.020889434064921306,own_june,43.0,S0,PKOBP,9388e49a29b85457a300b89894f6930561a67af0c9c121798441ed225611a3da,176aabcd5e4d39f994562723c2ce0e3d5dd4c03ef45bc63f5388c49e433e2913,1056564,bbc70e389c638084859d06c73a8f63bc58cec052bd8cee6dfbc4da2b6e8b5410,5806941,
0.02258349192662174,0.02258349192662174,21,21,F5,2017-06-01,20,0.019993370176443166,control,2017-05-31,0.13506493506493505,xgboost,new_fit,,2017-06,0.021179234309937022,own_june,71.0,S0,PKOBP,2bc5624cb02355a6c90881568220ed898a32ec2dd388b5ceb5ce5b797aac85b0,176aabcd5e4d39f994562723c2ce0e3d5dd4c03ef45bc63f5388c49e433e2913,1056564,bbc70e389c638084859d06c73a8f63bc58cec052bd8cee6dfbc4da2b6e8b5410,5806941,
-0.024831491593953554,-0.024831491593953554,21,21,F5,2017-06-01,20,-0.023426214124941634,control,2017-05-31,-0.04285714285714286,xgboost,new_fit,,2017-06,0.019474676791387865,own_june,7.0,S1,PKOBP,abb674b1f2fba43185db9fcc5744115e2311adefe0a057fdf76a741b57279f62,176aabcd5e4d39f994562723c2ce0e3d5dd4c03ef45bc63f5388c49e433e2913,1056564,bbc70e389c638084859d06c73a8f63bc58cec052bd8cee6dfbc4da2b6e8b5410,5806941,
-0.009876762923443853,-0.009876762923443853,21,21,F5,2017-06-01,20,-0.010234615424907122,control,2017-05-31,-0.13636363636363635,xgboost,new_fit,,2017-06,0.018599101466591,own_june,17.0,S1,PKOBP,e8956378f7f390e61dcd639141d2a4bf4df45a091714efb8250f3dffb9942dcb,176aabcd5e4d39f994562723c2ce0e3d5dd4c03ef45bc63f5388c49e433e2913,1056564,bbc70e389c638084859d06c73a8f63bc58cec052bd8cee6dfbc4da2b6e8b5410,5806941,
-0.02401109962840535,-0.02401109962840535,21,21,F5,2017-06-01,20,-0.023605339269001057,control,2017-05-31,0.15584415584415584,xgboost,new_fit,,2017-06,0.01942618167547002,own_june,29.0,S1,PKOBP,ed9d75e2d3a902f99f8afe11e1cf28ca9e0b4d38e430f2a2e715cec43c1718d0,176aabcd5e4d39f994562723c2ce0e3d5dd4c03ef45bc63f5388c49e433e2913,1056564,bbc70e389c638084859d06c73a8f63bc58cec052bd8cee6dfbc4da2b6e8b5410,5806941,
-0.022585173878527723,-0.022585173878527723,21,21,F5,2017-06-01,20,-0.024563939251504265,control,2017-05-31,-0.2675324675324675,xgboost,new_fit,,2017-06,0.01850388749321708,own_june,43.0,S1,PKOBP,2d837057266d36c5a78599a72ba8b2c667c0171c1b62602e4dda27b25775fb74,176aabcd5e4d39f994562723c2ce0e3d5dd4c03ef45bc63f5388c49e433e2913,1056564,bbc70e389c638084859d06c73a8f63bc58cec052bd8cee6dfbc4da2b6e8b5410,5806941,
-0.004501458093800436,-0.004501458093800436,21,21,F5,2017-06-01,20,-0.005560950990685726,control,2017-05-31,-0.2025974025974026,xgboost,new_fit,,2017-06,0.01874045439202887,own_june,71.0,S1,PKOBP,4fc64c52eeaec5180d32bbf87584f0485c7f84b59c706d281c3353313d94347c,176aabcd5e4d39f994562723c2ce0e3d5dd4c03ef45bc63f5388c49e433e2913,1056564,bbc70e389c638084859d06c73a8f63bc58cec052bd8cee6dfbc4da2b6e8b5410,5806941,
0.018827502278022254,0.018827502278022254,21,21,F5,2017-06-01,20,0.018422749229648445,control,2017-05-31,0.07532467532467534,xgboost,verified_original_prediction,0a7aa1ba148335c4bdb7c001b66e37f6aede1ecf3be8ba815096ff5216a95769,2017-06,0.021875357063315566,own_june,7.0,S0,PZU,9e12cc1349c58b0ccc9702a7fc28b96c580eef563532045ec1542e1b7cbed31b,6ac31c5827a8fadff0e1249797f57b6ff0abce0c2a7501936be5dfec292f63db,970253,ca47a1b8c795196b9fb26e59312de34d0db020e911dfe50f2f2bf6843c250fd6,4882338,
0.018854588459646444,0.018854588459646444,21,21,F5,2017-06-01,20,0.01563526016243443,control,2017-05-31,0.08831168831168833,xgboost,new_fit,,2017-06,0.02109820311757683,own_june,17.0,S0,PZU,7b050d855b24becab8cb3c61ac9b12985514fb3463d0caa2d584b6147a6b1a5b,6ac31c5827a8fadff0e1249797f57b6ff0abce0c2a7501936be5dfec292f63db,970253,ca47a1b8c795196b9fb26e59312de34d0db020e911dfe50f2f2bf6843c250fd6,4882338,
0.022380123764239587,0.022380123764239587,21,21,F5,2017-06-01,20,0.02146999825742314,control,2017-05-31,-0.04025974025974026,xgboost,new_fit,,2017-06,0.021622191049492565,own_june,29.0,S0,PZU,0a33c1658dc5d07bf177ce120e96364b885aca2f2ad049c241c2ffa4aa7bc902,6ac31c5827a8fadff0e1249797f57b6ff0abce0c2a7501936be5dfec292f63db,970253,ca47a1b8c795196b9fb26e59312de34d0db020e911dfe50f2f2bf6843c250fd6,4882338,
0.0125951598869951,0.0125951598869951,21,21,F5,2017-06-01,20,0.012834247161658258,control,2017-05-31,0.03506493506493507,xgboost,new_fit,,2017-06,0.020784613851738156,own_june,43.0,S0,PZU,d5b6cdafae6d8904a810f1ff6acb746c5d2a2d802dbff475035b6e34430bde59,6ac31c5827a8fadff0e1249797f57b6ff0abce0c2a7501936be5dfec292f63db,970253,ca47a1b8c795196b9fb26e59312de34d0db020e911dfe50f2f2bf6843c250fd6,4882338,
0.01959325725231064,0.01959325725231064,21,21,F5,2017-06-01,20,0.01944823842862028,control,2017-05-31,0.11688311688311687,xgboost,new_fit,,2017-06,0.021252107826619633,own_june,71.0,S0,PZU,e3a608f00105d4b29fdc72dca0c6f1aff1b598ea2d42032d09d54438c7be73a4,6ac31c5827a8fadff0e1249797f57b6ff0abce0c2a7501936be5dfec292f63db,970253,ca47a1b8c795196b9fb26e59312de34d0db020e911dfe50f2f2bf6843c250fd6,4882338,
0.01743855268259005,0.01743855268259005,21,21,F5,2017-06-01,20,0.01536280371422891,control,2017-05-31,-0.3948051948051948,xgboost,new_fit,,2017-06,0.01996581280243808,own_june,7.0,S1,PZU,021912bc9613ba286d149479bbe69334a4754a2273860da2bbdd394029d430ec,6ac31c5827a8fadff0e1249797f57b6ff0abce0c2a7501936be5dfec292f63db,970253,ca47a1b8c795196b9fb26e59312de34d0db020e911dfe50f2f2bf6843c250fd6,4882338,
-0.005331320761672491,-0.005331320761672491,21,21,F5,2017-06-01,20,-0.003928855642714033,control,2017-05-31,0.35194805194805195,xgboost,new_fit,,2017-06,0.019615998677759264,own_june,17.0,S1,PZU,5255101a7b88d805ee0385df204bc1a14a3016a1f36606f582d3ba5d558ffd45,6ac31c5827a8fadff0e1249797f57b6ff0abce0c2a7501936be5dfec292f63db,970253,ca47a1b8c795196b9fb26e59312de34d0db020e911dfe50f2f2bf6843c250fd6,4882338,
-0.0091406181701714,-0.0091406181701714,21,21,F5,2017-06-01,20,-0.010062921594589474,control,2017-05-31,-0.12857142857142856,xgboost,new_fit,,2017-06,0.01928992612400557,own_june,29.0,S1,PZU,965262dec24ba1af93c8a5b89e3fe82a28693b013c025753f3b41d5d87edb6e8,6ac31c5827a8fadff0e1249797f57b6ff0abce0c2a7501936be5dfec292f63db,970253,ca47a1b8c795196b9fb26e59312de34d0db020e911dfe50f2f2bf6843c250fd6,4882338,
0.0006136929356491479,0.0006136929356491479,21,21,F5,2017-06-01,20,-0.00023863815888230158,control,2017-05-31,0.20909090909090908,xgboost,new_fit,,2017-06,0.02123519552064513,own_june,43.0,S1,PZU,47d85ce8763887f0c6fae55bee2ee154551eea888355c581bc2207a934c6e2b1,6ac31c5827a8fadff0e1249797f57b6ff0abce0c2a7501936be5dfec292f63db,970253,ca47a1b8c795196b9fb26e59312de34d0db020e911dfe50f2f2bf6843c250fd6,4882338,
0.014343213002535382,0.014343213002535382,21,21,F5,2017-06-01,20,0.014527233407502753,control,2017-05-31,0.14935064935064934,xgboost,new_fit,,2017-06,0.02134520977496457,own_june,71.0,S1,PZU,40c8f6ec8dfc07d42f5856874a75ad90c57f326a2ad8444dec5e65dc7687125a,6ac31c5827a8fadff0e1249797f57b6ff0abce0c2a7501936be5dfec292f63db,970253,ca47a1b8c795196b9fb26e59312de34d0db020e911dfe50f2f2bf6843c250fd6,4882338,
0.07392219214806706,0.07392219214806706,21,21,F5,2017-06-01,20,0.07283093154175928,control,2017-05-31,0.20909090909090908,xgboost,new_fit,,2017-06,0.011308167818462824,transfer_june,7.0,S0,KGHM,5d99398d36ac7f804d55d81d404d0f172db1562400cf01b88232e2cbec767c7c,dfea138502e09ff6b8f1389607fba3f9927f3534faa294dbb92e69e3cafad8b3,1014565,59fd86f603a765d91ae701ae45f503b93c4ade5029dfbec5133e71640a1e5c40,20548118,
0.062429094821149785,0.062429094821149785,21,21,F5,2017-06-01,20,0.06457954046423908,control,2017-05-31,0.045454545454545456,xgboost,new_fit,,2017-06,0.010221473592500934,transfer_june,17.0,S0,KGHM,31a089ade5d0e54aa242d977058a42c89ea18ad9f11620daa5e978fa62bbecd0,dfea138502e09ff6b8f1389607fba3f9927f3534faa294dbb92e69e3cafad8b3,1014565,59fd86f603a765d91ae701ae45f503b93c4ade5029dfbec5133e71640a1e5c40,20548118,
0.12882390209306221,0.12882390209306221,21,21,F5,2017-06-01,20,0.12710524644537396,control,2017-05-31,0.24675324675324672,xgboost,new_fit,,2017-06,0.01049930303907358,transfer_june,29.0,S0,KGHM,9a9fca4b1451049e6a320e45622df9e068a4a54f3048e93d06fac3239ef88bb5,dfea138502e09ff6b8f1389607fba3f9927f3534faa294dbb92e69e3cafad8b3,1014565,59fd86f603a765d91ae701ae45f503b93c4ade5029dfbec5133e71640a1e5c40,20548118,
0.10268132343743382,0.10268132343743382,21,21,F5,2017-06-01,20,0.10044056679676089,control,2017-05-31,0.06493506493506493,xgboost,new_fit,,2017-06,0.009948135630275788,transfer_june,43.0,S0,KGHM,f281797c9fec5add59686edd6e21c34fcff5e4c22b54024f7ac918a6b615c8c4,dfea138502e09ff6b8f1389607fba3f9927f3534faa294dbb92e69e3cafad8b3,1014565,59fd86f603a765d91ae701ae45f503b93c4ade5029dfbec5133e71640a1e5c40,20548118,
0.08388432152095299,0.08388432152095299,21,21,F5,2017-06-01,20,0.08091384025774409,control,2017-05-31,0.04675324675324675,xgboost,new_fit,,2017-06,0.010125533754852622,transfer_june,71.0,S0,KGHM,417fccda85b4e2e2c07d93ff8491daf9547a2435e5e8d9640a6697b1d38ee5e1,dfea138502e09ff6b8f1389607fba3f9927f3534faa294dbb92e69e3cafad8b3,1014565,59fd86f603a765d91ae701ae45f503b93c4ade5029dfbec5133e71640a1e5c40,20548118,
0.04004051095601883,0.04004051095601883,21,21,F5,2017-06-01,20,0.040257345033300265,control,2017-05-31,-0.1935064935064935,xgboost,new_fit,,2017-06,0.0079370593117815,transfer_june,7.0,S1,KGHM,a3dbf50680158f86b6f7ca156a6ebc0f6ab157c28faa3c5dd635b19ca5ed4d3a,dfea138502e09ff6b8f1389607fba3f9927f3534faa294dbb92e69e3cafad8b3,1014565,59fd86f603a765d91ae701ae45f503b93c4ade5029dfbec5133e71640a1e5c40,20548118,
0.004597119197131092,0.004597119197131092,21,21,F5,2017-06-01,20,0.005079015334439818,control,2017-05-31,-0.029870129870129873,xgboost,new_fit,,2017-06,0.008460036818238757,transfer_june,17.0,S1,KGHM,abc44d5346b0d553a0304945ba3d1847f3750af4e021046c9119b298c2689e82,dfea138502e09ff6b8f1389607fba3f9927f3534faa294dbb92e69e3cafad8b3,1014565,59fd86f603a765d91ae701ae45f503b93c4ade5029dfbec5133e71640a1e5c40,20548118,
0.038187476958309916,0.038187476958309916,21,21,F5,2017-06-01,20,0.036383040181285756,control,2017-05-31,-0.04025974025974026,xgboost,new_fit,,2017-06,0.00876451052573871,transfer_june,29.0,S1,KGHM,164abdd7d115cff2bcec0c90ae4e71f8a05a9a307a55dbb5833c07c986ac14a9,dfea138502e09ff6b8f1389607fba3f9927f3534faa294dbb92e69e3cafad8b3,1014565,59fd86f603a765d91ae701ae45f503b93c4ade5029dfbec5133e71640a1e5c40,20548118,
-0.03783797736186299,-0.03783797736186299,21,21,F5,2017-06-01,20,-0.03749708206312876,control,2017-05-31,-0.3,xgboost,new_fit,,2017-06,0.007890884479333126,transfer_june,43.0,S1,KGHM,2012ddfa7d3531b5c631bad5ac9051006d75eddeb214d24c5573040dc6d84646,dfea138502e09ff6b8f1389607fba3f9927f3534faa294dbb92e69e3cafad8b3,1014565,59fd86f603a765d91ae701ae45f503b93c4ade5029dfbec5133e71640a1e5c40,20548118,
-0.04862313458054582,-0.04862313458054582,21,21,F5,2017-06-01,20,-0.05115652478290035,control,2017-05-31,0.07272727272727272,xgboost,new_fit,,2017-06,0.00854863221869638,transfer_june,71.0,S1,KGHM,aa72314af2448f7430cc2578e706733c3a31d2016858f06649bcba89be62cd29,dfea138502e09ff6b8f1389607fba3f9927f3534faa294dbb92e69e3cafad8b3,1014565,59fd86f603a765d91ae701ae45f503b93c4ade5029dfbec5133e71640a1e5c40,20548118,
0.0964897482439005,0.0964897482439005,21,21,F5,2017-06-01,20,0.0839335724229443,control,2017-05-31,0.34935064935064936,xgboost,new_fit,,2017-06,0.01060011764055721,transfer_june,7.0,S0,PEKAO,df78dcb125b7663a2b5c8e4e1956c99f0b8cc28957108e3c4cab67ad608fc49b,840577ef5ae26c78d60f0138f4970706b283a9d36012b42b3790486205753838,657478,de1beccf64e4735305119ebd04393bc7314887b0967efebe8a4c94bffff63e24,24573108,
0.06315541378457717,0.06315541378457717,21,21,F5,2017-06-01,20,0.05381040237578624,control,2017-05-31,0.40649350649350646,xgboost,new_fit,,2017-06,0.010211152210060546,transfer_june,17.0,S0,PEKAO,387f946215a499096ce593598dda3342bf8be19039fe75e474d37ab4fa9862f1,840577ef5ae26c78d60f0138f4970706b283a9d36012b42b3790486205753838,657478,de1beccf64e4735305119ebd04393bc7314887b0967efebe8a4c94bffff63e24,24573108,
0.06119682254897677,0.06119682254897677,21,21,F5,2017-06-01,20,0.059687937721336584,control,2017-05-31,0.387012987012987,xgboost,new_fit,,2017-06,0.0095796907729775,transfer_june,29.0,S0,PEKAO,f4f570c81fcfe21c8629d51f90cb6331f98ec711469b06ffc543de18151a26f5,840577ef5ae26c78d60f0138f4970706b283a9d36012b42b3790486205753838,657478,de1beccf64e4735305119ebd04393bc7314887b0967efebe8a4c94bffff63e24,24573108,
0.06437718595002344,0.06437718595002344,21,21,F5,2017-06-01,20,0.05881940769323087,control,2017-05-31,0.43766233766233764,xgboost,new_fit,,2017-06,0.009566463784509462,transfer_june,43.0,S0,PEKAO,0b6e7456d61dc1dd001beedb73bdcdf130c922657599f812f047f4306d770908,840577ef5ae26c78d60f0138f4970706b283a9d36012b42b3790486205753838,657478,de1beccf64e4735305119ebd04393bc7314887b0967efebe8a4c94bffff63e24,24573108,
0.012790729535424055,0.012790729535424055,21,21,F5,2017-06-01,20,0.008626081176137224,control,2017-05-31,0.4909090909090909,xgboost,new_fit,,2017-06,0.009700952808149841,transfer_june,71.0,S0,PEKAO,5b530c47f735b45cf9c348539d1c7e104f5eda5817d2c8de9e00c7556e0eeb25,840577ef5ae26c78d60f0138f4970706b283a9d36012b42b3790486205753838,657478,de1beccf64e4735305119ebd04393bc7314887b0967efebe8a4c94bffff63e24,24573108,
0.024523845875517977,0.024523845875517977,21,21,F5,2017-06-01,20,0.019991102116437565,control,2017-05-31,0.33506493506493507,xgboost,new_fit,,2017-06,0.00717390576692656,transfer_june,7.0,S1,PEKAO,8c3424f9b1ad4dac3c2f6427c31b13e4db7fc1e43914ec92c14edd0b6c9fe8c3,840577ef5ae26c78d60f0138f4970706b283a9d36012b42b3790486205753838,657478,de1beccf64e4735305119ebd04393bc7314887b0967efebe8a4c94bffff63e24,24573108,
-0.0411691910571668,-0.0411691910571668,21,21,F5,2017-06-01,20,-0.037137098388096465,control,2017-05-31,-0.2792207792207792,xgboost,new_fit,,2017-06,0.007435820223404095,transfer_june,17.0,S1,PEKAO,c3bb39ac741074e05e42c414305d3246bcd272184c5df737feca236128c69f20,840577ef5ae26c78d60f0138f4970706b283a9d36012b42b3790486205753838,657478,de1beccf64e4735305119ebd04393bc7314887b0967efebe8a4c94bffff63e24,24573108,
-0.04987170996994939,-0.04987170996994939,21,21,F5,2017-06-01,20,-0.04493378749689591,control,2017-05-31,-0.04805194805194805,xgboost,new_fit,,2017-06,0.007504879198497803,transfer_june,29.0,S1,PEKAO,41f436b39bc5b8883dc2f9b954625a2826f7a8ad0cbc77b5b5ad97e40740f7c8,840577ef5ae26c78d60f0138f4970706b283a9d36012b42b3790486205753838,657478,de1beccf64e4735305119ebd04393bc7314887b0967efebe8a4c94bffff63e24,24573108,
0.004926216132822919,0.004926216132822919,21,21,F5,2017-06-01,20,0.0006817573376850849,control,2017-05-31,-0.15194805194805194,xgboost,new_fit,,2017-06,0.007892621995216462,transfer_june,43.0,S1,PEKAO,f49feeb345f26105e10f788c00de9e40cd22c709d6f6db88761b9b6733ef5a11,840577ef5ae26c78d60f0138f4970706b283a9d36012b42b3790486205753838,657478,de1beccf64e4735305119ebd04393bc7314887b0967efebe8a4c94bffff63e24,24573108,
-0.008222437893400965,-0.008222437893400965,21,21,F5,2017-06-01,20,-0.00781335176933649,control,2017-05-31,0.031168831168831172,xgboost,new_fit,,2017-06,0.007912948262880809,transfer_june,71.0,S1,PEKAO,f27705658fdb42064ad3ec3f5decc43e3282693915739b35c6ae42e6b058397b,840577ef5ae26c78d60f0138f4970706b283a9d36012b42b3790486205753838,657478,de1beccf64e4735305119ebd04393bc7314887b0967efebe8a4c94bffff63e24,24573108,
0.0698932458375584,0.0698932458375584,21,21,F5,2017-06-01,20,0.060391058184864635,control,2017-05-31,-0.20649350649350648,xgboost,new_fit,,2017-06,0.011810200550822297,transfer_june,7.0,S0,PKNORLEN,0f6a1f20fbbbf7f594ced9edf53d45343f493df056a0c5002781f20476d3f9d1,06746a0407e336f74af93806dbbb59609abde9bb79cbe5370dd12917857fca52,862980,c647b9172e74b4a64a434948b9cca5b8fd34b8cc203c79e50e775aebfabc372d,21074001,
0.08504741825021969,0.08504741825021969,21,21,F5,2017-06-01,20,0.07520730386487971,control,2017-05-31,-0.2792207792207792,xgboost,new_fit,,2017-06,0.012299607309802162,transfer_june,17.0,S0,PKNORLEN,3282920d96dc4000caf3d490c9cce5ec0b95b397200981fb621cc5cc4f55be7a,06746a0407e336f74af93806dbbb59609abde9bb79cbe5370dd12917857fca52,862980,c647b9172e74b4a64a434948b9cca5b8fd34b8cc203c79e50e775aebfabc372d,21074001,
0.06268265603512203,0.06268265603512203,21,21,F5,2017-06-01,20,0.053273950736849436,control,2017-05-31,-0.1922077922077922,xgboost,new_fit,,2017-06,0.012268776930389674,transfer_june,29.0,S0,PKNORLEN,f721e1400302893848d7fb10136b3d34d8f184a64f6322212a9c90a39b2b2579,06746a0407e336f74af93806dbbb59609abde9bb79cbe5370dd12917857fca52,862980,c647b9172e74b4a64a434948b9cca5b8fd34b8cc203c79e50e775aebfabc372d,21074001,
0.054936154329158035,0.054936154329158035,21,21,F5,2017-06-01,20,0.045045123574733836,control,2017-05-31,-0.16883116883116883,xgboost,new_fit,,2017-06,0.011074164327116769,transfer_june,43.0,S0,PKNORLEN,853e16e0a26d68df4a5004b38869fd8cb062a967068c16a43f79de2a9d7f9794,06746a0407e336f74af93806dbbb59609abde9bb79cbe5370dd12917857fca52,862980,c647b9172e74b4a64a434948b9cca5b8fd34b8cc203c79e50e775aebfabc372d,21074001,
0.02466670361979276,0.02466670361979276,21,21,F5,2017-06-01,20,0.025506866788224284,control,2017-05-31,-0.20779220779220778,xgboost,new_fit,,2017-06,0.010772230834183745,transfer_june,71.0,S0,PKNORLEN,b8fb933d8ed0b35ecf0b2a5608f7a2296447ed63e4dd58255d684d5d8748bf91,06746a0407e336f74af93806dbbb59609abde9bb79cbe5370dd12917857fca52,862980,c647b9172e74b4a64a434948b9cca5b8fd34b8cc203c79e50e775aebfabc372d,21074001,
0.033894561288600585,0.033894561288600585,21,21,F5,2017-06-01,20,0.029823953934281295,control,2017-05-31,0.07272727272727272,xgboost,new_fit,,2017-06,0.009402174176403445,transfer_june,7.0,S1,PKNORLEN,b7e0685fdb917ee8b89bddf986792282d85e3c21233468f348cf931a2a1d85b5,06746a0407e336f74af93806dbbb59609abde9bb79cbe5370dd12917857fca52,862980,c647b9172e74b4a64a434948b9cca5b8fd34b8cc203c79e50e775aebfabc372d,21074001,
0.03055255398307889,0.03055255398307889,21,21,F5,2017-06-01,20,0.030945722121869627,control,2017-05-31,-0.2662337662337662,xgboost,new_fit,,2017-06,0.008799610926915311,transfer_june,17.0,S1,PKNORLEN,cd509e338aceb3a792620f0e5426b2a76ed4c5789d84bc7a7dcb50e05a9a1166,06746a0407e336f74af93806dbbb59609abde9bb79cbe5370dd12917857fca52,862980,c647b9172e74b4a64a434948b9cca5b8fd34b8cc203c79e50e775aebfabc372d,21074001,
-0.03141080369445387,-0.03141080369445387,21,21,F5,2017-06-01,20,-0.028263287257299846,control,2017-05-31,-0.28051948051948056,xgboost,new_fit,,2017-06,0.009111163643716133,transfer_june,29.0,S1,PKNORLEN,f643b23a7e0d01f0c3935294ba2788b9befc75d021e14d87eac554f3fe89bbc6,06746a0407e336f74af93806dbbb59609abde9bb79cbe5370dd12917857fca52,862980,c647b9172e74b4a64a434948b9cca5b8fd34b8cc203c79e50e775aebfabc372d,21074001,
0.0007872653536695166,0.0007872653536695166,21,21,F5,2017-06-01,20,-4.676749105670228e-05,control,2017-05-31,-0.20909090909090908,xgboost,new_fit,,2017-06,0.008585718110688749,transfer_june,43.0,S1,PKNORLEN,a968b0c4ac8d4941980912b9c615252cb69849cab3440d82868f924ff800dd71,06746a0407e336f74af93806dbbb59609abde9bb79cbe5370dd12917857fca52,862980,c647b9172e74b4a64a434948b9cca5b8fd34b8cc203c79e50e775aebfabc372d,21074001,
-0.0383787604616198,-0.0383787604616198,21,21,F5,2017-06-01,20,-0.04209975384624549,control,2017-05-31,-0.44155844155844154,xgboost,new_fit,,2017-06,0.008361849796202123,transfer_june,71.0,S1,PKNORLEN,22e0dfd4612f2d46835e2b80bc085bfead68d1c8bb6da73a23d6b0c3254fafbc,06746a0407e336f74af93806dbbb59609abde9bb79cbe5370dd12917857fca52,862980,c647b9172e74b4a64a434948b9cca5b8fd34b8cc203c79e50e775aebfabc372d,21074001,
0.06500722490873244,0.06500722490873244,21,21,F5,2017-06-01,20,0.06362221918280042,control,2017-05-31,0.33246753246753247,xgboost,new_fit,,2017-06,0.012953153704644019,transfer_june,7.0,S0,PKOBP,57b6b70a341644f1cf42abca64c232cbde4278602c7466eee124770ff27a57e1,176aabcd5e4d39f994562723c2ce0e3d5dd4c03ef45bc63f5388c49e433e2913,1056564,e5b6d17a7e4ba37d4d7ed6ff82c41a9555154306a6bba4d9af9c0e2baf6a5ea2,21946033,
0.04414437856782411,0.04414437856782411,21,21,F5,2017-06-01,20,0.04282303345220786,control,2017-05-31,0.2571428571428571,xgboost,new_fit,,2017-06,0.013248947706524362,transfer_june,17.0,S0,PKOBP,b234a515d77e80c6f8d4de8b8439a4cd475be1d7f1a943b67ea068373178bce4,176aabcd5e4d39f994562723c2ce0e3d5dd4c03ef45bc63f5388c49e433e2913,1056564,e5b6d17a7e4ba37d4d7ed6ff82c41a9555154306a6bba4d9af9c0e2baf6a5ea2,21946033,
0.051232116010274165,0.051232116010274165,21,21,F5,2017-06-01,20,0.050881708178615974,control,2017-05-31,0.3181818181818181,xgboost,new_fit,,2017-06,0.012699120778227446,transfer_june,29.0,S0,PKOBP,f350579d37a985e57199c015d1f00c87615ef7732118670ccf7bfd4b705aa0e9,176aabcd5e4d39f994562723c2ce0e3d5dd4c03ef45bc63f5388c49e433e2913,1056564,e5b6d17a7e4ba37d4d7ed6ff82c41a9555154306a6bba4d9af9c0e2baf6a5ea2,21946033,
0.019269693179922952,0.019269693179922952,21,21,F5,2017-06-01,20,0.01719069808059419,control,2017-05-31,0.17792207792207793,xgboost,new_fit,,2017-06,0.013659441105601005,transfer_june,43.0,S0,PKOBP,f4b6104ca1443388d42dd251ca97057d4f5e4a46801dad022074d85941ee0943,176aabcd5e4d39f994562723c2ce0e3d5dd4c03ef45bc63f5388c49e433e2913,1056564,e5b6d17a7e4ba37d4d7ed6ff82c41a9555154306a6bba4d9af9c0e2baf6a5ea2,21946033,
0.05381162129610436,0.05381162129610436,21,21,F5,2017-06-01,20,0.05111202900557591,control,2017-05-31,0.36103896103896105,xgboost,new_fit,,2017-06,0.013574347854828242,transfer_june,71.0,S0,PKOBP,8f520076a9cb94f4a530ee00580828a1a8e0083b75a10181a1dbcc1d1d4d6c29,176aabcd5e4d39f994562723c2ce0e3d5dd4c03ef45bc63f5388c49e433e2913,1056564,e5b6d17a7e4ba37d4d7ed6ff82c41a9555154306a6bba4d9af9c0e2baf6a5ea2,21946033,
-0.00935638715769851,-0.00935638715769851,21,21,F5,2017-06-01,20,-0.00691802800506332,control,2017-05-31,0.374025974025974,xgboost,new_fit,,2017-06,0.01045474532113236,transfer_june,7.0,S1,PKOBP,219040c3c49d40d50b230ef2ca0030d0de12155954737668f01feb72ca5e086b,176aabcd5e4d39f994562723c2ce0e3d5dd4c03ef45bc63f5388c49e433e2913,1056564,e5b6d17a7e4ba37d4d7ed6ff82c41a9555154306a6bba4d9af9c0e2baf6a5ea2,21946033,
0.0018598706477902132,0.0018598706477902132,21,21,F5,2017-06-01,20,0.0009113680308294874,control,2017-05-31,0.17792207792207793,xgboost,new_fit,,2017-06,0.01015082238805175,transfer_june,17.0,S1,PKOBP,547cd494466a7bd893ee1399b2444bd62d6fdff76d08342f6e064c7772868e6a,176aabcd5e4d39f994562723c2ce0e3d5dd4c03ef45bc63f5388c49e433e2913,1056564,e5b6d17a7e4ba37d4d7ed6ff82c41a9555154306a6bba4d9af9c0e2baf6a5ea2,21946033,
-0.029605904421200216,-0.029605904421200216,21,21,F5,2017-06-01,20,-0.029408127616560933,control,2017-05-31,0.05064935064935065,xgboost,new_fit,,2017-06,0.010261740515213428,transfer_june,29.0,S1,PKOBP,305c0a61ce38d1972c76783030b99f0882bca01347e76d5b1a9059663d89a617,176aabcd5e4d39f994562723c2ce0e3d5dd4c03ef45bc63f5388c49e433e2913,1056564,e5b6d17a7e4ba37d4d7ed6ff82c41a9555154306a6bba4d9af9c0e2baf6a5ea2,21946033,
0.006465073766994294,0.006465073766994294,21,21,F5,2017-06-01,20,0.00577842726774386,control,2017-05-31,-0.41038961038961036,xgboost,new_fit,,2017-06,0.010882721003943985,transfer_june,43.0,S1,PKOBP,bd55d76b8fa39ab6064048c7ccb513e4b0e0a4b7d07f25fae4bac9eb9fc80de2,176aabcd5e4d39f994562723c2ce0e3d5dd4c03ef45bc63f5388c49e433e2913,1056564,e5b6d17a7e4ba37d4d7ed6ff82c41a9555154306a6bba4d9af9c0e2baf6a5ea2,21946033,
-0.0047624037906074815,-0.0047624037906074815,21,21,F5,2017-06-01,20,-0.0025946400695047297,control,2017-05-31,0.17792207792207793,xgboost,new_fit,,2017-06,0.010198882905511823,transfer_june,71.0,S1,PKOBP,4e7a5ff9243a5cfbb7c5224e486d0bdcfb7162988732fa548fa77d646f8a7215,176aabcd5e4d39f994562723c2ce0e3d5dd4c03ef45bc63f5388c49e433e2913,1056564,e5b6d17a7e4ba37d4d7ed6ff82c41a9555154306a6bba4d9af9c0e2baf6a5ea2,21946033,
0.05288940287504355,0.05288940287504355,21,21,F5,2017-06-01,20,0.05181313080410016,control,2017-05-31,0.13246753246753248,xgboost,new_fit,,2017-06,0.014483249586325611,transfer_june,7.0,S0,PZU,23c04915ba8fb414ff91211998f42bdeca92c1c1f2561b1ac8a519cf2c5f949b,6ac31c5827a8fadff0e1249797f57b6ff0abce0c2a7501936be5dfec292f63db,970253,2452413d79f67b9ccd16640ecae63b4e16d12c43ad6f090ba26877bb6b46b0ad,22870636,
0.03532812583171797,0.03532812583171797,21,21,F5,2017-06-01,20,0.03388426596231722,control,2017-05-31,0.08181818181818182,xgboost,new_fit,,2017-06,0.013974246221004733,transfer_june,17.0,S0,PZU,3a9a3efbc8d8029185f755a22b58ecded90f54893e078a7f56d66e1940a03cdd,6ac31c5827a8fadff0e1249797f57b6ff0abce0c2a7501936be5dfec292f63db,970253,2452413d79f67b9ccd16640ecae63b4e16d12c43ad6f090ba26877bb6b46b0ad,22870636,
0.03992437704222424,0.03992437704222424,21,21,F5,2017-06-01,20,0.03879413228638701,control,2017-05-31,0.1922077922077922,xgboost,new_fit,,2017-06,0.012524868136071279,transfer_june,29.0,S0,PZU,e00b3ffde904746d4609f702304b9e2674626cbb6d4bada71b968b159ef186ac,6ac31c5827a8fadff0e1249797f57b6ff0abce0c2a7501936be5dfec292f63db,970253,2452413d79f67b9ccd16640ecae63b4e16d12c43ad6f090ba26877bb6b46b0ad,22870636,
0.034043800694943935,0.034043800694943935,21,21,F5,2017-06-01,20,0.03339488680787179,control,2017-05-31,-0.045454545454545456,xgboost,new_fit,,2017-06,0.013559298646280932,transfer_june,43.0,S0,PZU,4b6e207b9dabaacc2d2c87c75fc7ebd969554a4328c4f074c132d4da528fbcfe,6ac31c5827a8fadff0e1249797f57b6ff0abce0c2a7501936be5dfec292f63db,970253,2452413d79f67b9ccd16640ecae63b4e16d12c43ad6f090ba26877bb6b46b0ad,22870636,
0.033085302431594674,0.033085302431594674,21,21,F5,2017-06-01,20,0.03460479946079817,control,2017-05-31,0.005194805194805195,xgboost,new_fit,,2017-06,0.014488083855332111,transfer_june,71.0,S0,PZU,371b9d9166fcb46a4d860cf2cebcc7e73687e2327b72e3ecc9ff53065fc6c63d,6ac31c5827a8fadff0e1249797f57b6ff0abce0c2a7501936be5dfec292f63db,970253,2452413d79f67b9ccd16640ecae63b4e16d12c43ad6f090ba26877bb6b46b0ad,22870636,
-0.00895664871266946,-0.00895664871266946,21,21,F5,2017-06-01,20,-0.011205932787002843,control,2017-05-31,-0.02727272727272727,xgboost,new_fit,,2017-06,0.010364686309107196,transfer_june,7.0,S1,PZU,588c77ea7a2e037d3e9619ca207fcc223d6e333dc8589fa701425aaa3cc27aca,6ac31c5827a8fadff0e1249797f57b6ff0abce0c2a7501936be5dfec292f63db,970253,2452413d79f67b9ccd16640ecae63b4e16d12c43ad6f090ba26877bb6b46b0ad,22870636,
0.010467089197397896,0.010467089197397896,21,21,F5,2017-06-01,20,0.011527635246006487,control,2017-05-31,0.08051948051948052,xgboost,new_fit,,2017-06,0.0104859138306478,transfer_june,17.0,S1,PZU,ac3ca5ed38aa7b6e3f8760d55bed14d0f01bd5135175600129887f8c4d8d6d30,6ac31c5827a8fadff0e1249797f57b6ff0abce0c2a7501936be5dfec292f63db,970253,2452413d79f67b9ccd16640ecae63b4e16d12c43ad6f090ba26877bb6b46b0ad,22870636,
-0.0013272966376851958,-0.0013272966376851958,21,21,F5,2017-06-01,20,-0.003925612515827439,control,2017-05-31,-0.15454545454545454,xgboost,new_fit,,2017-06,0.011439701913048836,transfer_june,29.0,S1,PZU,aaa831ebc0c364d7d46534b2d8b89ea14e6d6a358bc0c031a58ed8fb77a54631,6ac31c5827a8fadff0e1249797f57b6ff0abce0c2a7501936be5dfec292f63db,970253,2452413d79f67b9ccd16640ecae63b4e16d12c43ad6f090ba26877bb6b46b0ad,22870636,
0.004529416702250631,0.004529416702250631,21,21,F5,2017-06-01,20,0.004381800496032216,control,2017-05-31,-0.033766233766233764,xgboost,new_fit,,2017-06,0.010756511611678957,transfer_june,43.0,S1,PZU,9827db408a87b1c26994bcd5a883eb8131761486aafb66a2dfc23d6200a0bf8c,6ac31c5827a8fadff0e1249797f57b6ff0abce0c2a7501936be5dfec292f63db,970253,2452413d79f67b9ccd16640ecae63b4e16d12c43ad6f090ba26877bb6b46b0ad,22870636,
-0.025571843844028712,-0.025571843844028712,21,21,F5,2017-06-01,20,-0.024602946950556447,control,2017-05-31,0.05324675324675325,xgboost,new_fit,,2017-06,0.01055640765618149,transfer_june,71.0,S1,PZU,2134603f909ff558d79c54dee2b2574c810506178e15d91a717f9523994e8efb,6ac31c5827a8fadff0e1249797f57b6ff0abce0c2a7501936be5dfec292f63db,970253,2452413d79f67b9ccd16640ecae63b4e16d12c43ad6f090ba26877bb6b46b0ad,22870636,
0.019138239795661958,0.019138239795661958,3,3,F5,2017-12-27,20,0.015228286093124243,control,2017-12-22,0.5,xgboost,verified_original_prediction,d4582ab4a4406234af247d67daf79827081a2dcd4be6e53b225a5860eb7be9b9,later,0.02002204769821508,later,7.0,S0,KGHM,401975bcecdef1dcc51f29d522ecd5172ba95bf7e6750c035f13319fe8aefc4e,1042e9b04f0878bccfae2e55fbcbd4939dceaffe72a1cb26b2f3a63cb1c4a774,87153,d4ee94cba43f19ae674bfee55f5712992ecb88cd0c08c02154937874ad65d747,13656108,
0.012449209064393752,0.012449209064393752,3,3,F5,2017-12-27,20,0.015707856569250844,control,2017-12-22,0.5,xgboost,new_fit,,later,0.022964848802954754,later,17.0,S0,KGHM,6fea4c538e3a2f4ab032fe9ac11dbc58a232b62b37a92f35cca09ae46dc4b6ff,1042e9b04f0878bccfae2e55fbcbd4939dceaffe72a1cb26b2f3a63cb1c4a774,87153,d4ee94cba43f19ae674bfee55f5712992ecb88cd0c08c02154937874ad65d747,13656108,
0.04097186023720117,0.04097186023720117,3,3,F5,2017-12-27,20,0.04067856274588891,control,2017-12-22,0.5,xgboost,new_fit,,later,0.018849302161763306,later,29.0,S0,KGHM,22696e1aa6bbd8f7e0e31018b7f82e75dcda4c642537dc841dd4f7779211da85,1042e9b04f0878bccfae2e55fbcbd4939dceaffe72a1cb26b2f3a63cb1c4a774,87153,d4ee94cba43f19ae674bfee55f5712992ecb88cd0c08c02154937874ad65d747,13656108,
0.07011002528316833,0.07011002528316833,3,3,F5,2017-12-27,20,0.06686863347745331,control,2017-12-22,0.5,xgboost,new_fit,,later,0.020915372690111535,later,43.0,S0,KGHM,ac10fbc04ab61ad284752bf8cb8bcc09ef5a00632311d9a007189fbea3b509f9,1042e9b04f0878bccfae2e55fbcbd4939dceaffe72a1cb26b2f3a63cb1c4a774,87153,d4ee94cba43f19ae674bfee55f5712992ecb88cd0c08c02154937874ad65d747,13656108,
-0.020475294586592894,-0.020475294586592894,3,3,F5,2017-12-27,20,-0.016878265865549753,control,2017-12-22,0.5,xgboost,new_fit,,later,0.01918848354019328,later,71.0,S0,KGHM,5d27ffa0a0806dd77e95ed187de2b3bf055cf91ebe48c9ca7075cc5312647017,1042e9b04f0878bccfae2e55fbcbd4939dceaffe72a1cb26b2f3a63cb1c4a774,87153,d4ee94cba43f19ae674bfee55f5712992ecb88cd0c08c02154937874ad65d747,13656108,
-0.03506473531761286,-0.03506473531761286,3,3,F5,2017-12-27,20,-0.04363112486520594,control,2017-12-22,-0.5,xgboost,new_fit,,later,0.01490253004137946,later,7.0,S1,KGHM,f6a3e0a88da084271d7e5ea0e18973b224114ac6831233f997f58c321bfd6a8f,1042e9b04f0878bccfae2e55fbcbd4939dceaffe72a1cb26b2f3a63cb1c4a774,87153,d4ee94cba43f19ae674bfee55f5712992ecb88cd0c08c02154937874ad65d747,13656108,
-0.024480290087428608,-0.024480290087428608,3,3,F5,2017-12-27,20,-0.019686947206017477,control,2017-12-22,-0.5,xgboost,new_fit,,later,0.018412389653617783,later,17.0,S1,KGHM,4629663c1b6e0a2d33a62bf7fd9ee0c04c3a655f066910e20bb59f12d5f616e9,1042e9b04f0878bccfae2e55fbcbd4939dceaffe72a1cb26b2f3a63cb1c4a774,87153,d4ee94cba43f19ae674bfee55f5712992ecb88cd0c08c02154937874ad65d747,13656108,
0.03398216297255872,0.03398216297255872,3,3,F5,2017-12-27,20,0.029802539629591753,control,2017-12-22,0.5,xgboost,new_fit,,later,0.013341718275871125,later,29.0,S1,KGHM,426a7946fda020165925dc36d08dc9563659b3e054cd3e07aaa52c26bb2d2148,1042e9b04f0878bccfae2e55fbcbd4939dceaffe72a1cb26b2f3a63cb1c4a774,87153,d4ee94cba43f19ae674bfee55f5712992ecb88cd0c08c02154937874ad65d747,13656108,
-0.017792061836895797,-0.017792061836895797,3,3,F5,2017-12-27,20,-0.018255066630068952,control,2017-12-22,-0.5,xgboost,new_fit,,later,0.012583899932449098,later,43.0,S1,KGHM,71496a553efa7937d3a690c2c916c31f7dc3eacd3bfd61aef6d1d400455e54af,1042e9b04f0878bccfae2e55fbcbd4939dceaffe72a1cb26b2f3a63cb1c4a774,87153,d4ee94cba43f19ae674bfee55f5712992ecb88cd0c08c02154937874ad65d747,13656108,
-0.07754816354147194,-0.07754816354147194,3,3,F5,2017-12-27,20,-0.08120735102628238,control,2017-12-22,-1.0,xgboost,new_fit,,later,0.015369988286448436,later,71.0,S1,KGHM,604f211394b9a537b193eccd3d2e9a78b53d832b5c5fc057b00d64624922d9c4,1042e9b04f0878bccfae2e55fbcbd4939dceaffe72a1cb26b2f3a63cb1c4a774,87153,d4ee94cba43f19ae674bfee55f5712992ecb88cd0c08c02154937874ad65d747,13656108,
-0.03374180462065917,-0.03374180462065917,3,3,F5,2017-12-27,20,-0.03183028533408381,control,2017-12-22,-0.5,xgboost,verified_original_prediction,f393424a313e3901cde6c3e4a0c5f2b082a3913689c19767dc38c9292c534997,later,0.015386241173145467,later,7.0,S0,PEKAO,b8906bbf9e008ca1c6b860b15ea87fdb21b3b4afad1d1abc3030eac3be9f1fc3,5e331f63a192669298e9878707d4f3f3121c6d50d26e1b33091e40dfb7d11221,42950,626f0fb7d7bf6a12bc0dba17f96b725fa1a0f612608c286561c3a50eb6b39bc8,6470903,
0.019723516639260714,0.019723516639260714,3,3,F5,2017-12-27,20,0.015227116655134166,control,2017-12-22,-0.5,xgboost,new_fit,,later,0.014848139705887867,later,17.0,S0,PEKAO,95119a864b89ee7402d364272f27f79e7e6dc82c24b300e427700eeba8be7c7c,5e331f63a192669298e9878707d4f3f3121c6d50d26e1b33091e40dfb7d11221,42950,626f0fb7d7bf6a12bc0dba17f96b725fa1a0f612608c286561c3a50eb6b39bc8,6470903,
0.025356776893709066,0.025356776893709066,3,3,F5,2017-12-27,20,0.02638700139715149,control,2017-12-22,0.5,xgboost,new_fit,,later,0.01687283840166514,later,29.0,S0,PEKAO,80089025fe884cc0f53bc23d6ef54940ac139552124098395349f43d7eee3ec8,5e331f63a192669298e9878707d4f3f3121c6d50d26e1b33091e40dfb7d11221,42950,626f0fb7d7bf6a12bc0dba17f96b725fa1a0f612608c286561c3a50eb6b39bc8,6470903,
0.011209554112105483,0.011209554112105483,3,3,F5,2017-12-27,20,0.015547866882327545,control,2017-12-22,0.5,xgboost,new_fit,,later,0.015924755432537505,later,43.0,S0,PEKAO,4373faa6905cc12d8cceb53b68c1999e56ca8c97532d53e715bb32fbd28404eb,5e331f63a192669298e9878707d4f3f3121c6d50d26e1b33091e40dfb7d11221,42950,626f0fb7d7bf6a12bc0dba17f96b725fa1a0f612608c286561c3a50eb6b39bc8,6470903,
0.00030940897699014824,0.00030940897699014824,3,3,F5,2017-12-27,20,-0.0018258925085346002,control,2017-12-22,-0.5,xgboost,new_fit,,later,0.018966956010964348,later,71.0,S0,PEKAO,4783128a55d3fd649a731263ddefdccdcd1c167f14de80c157a7f53a926d942e,5e331f63a192669298e9878707d4f3f3121c6d50d26e1b33091e40dfb7d11221,42950,626f0fb7d7bf6a12bc0dba17f96b725fa1a0f612608c286561c3a50eb6b39bc8,6470903,
0.006909682843030666,0.006909682843030666,3,3,F5,2017-12-27,20,0.008165734856846327,control,2017-12-22,0.5,xgboost,new_fit,,later,0.015602128258020272,later,7.0,S1,PEKAO,c0d8927676eed6cc27f55ea18bc2d6ad17e639c0aa4cc3aa10c31aefea463207,5e331f63a192669298e9878707d4f3f3121c6d50d26e1b33091e40dfb7d11221,42950,626f0fb7d7bf6a12bc0dba17f96b725fa1a0f612608c286561c3a50eb6b39bc8,6470903,
-0.03283325934945094,-0.03283325934945094,3,3,F5,2017-12-27,20,-0.02139058840855635,control,2017-12-22,0.5,xgboost,new_fit,,later,0.015556278825628062,later,17.0,S1,PEKAO,38609c58248db11e5499e6698272219143b42bfcd3f49466291e2b845a05f895,5e331f63a192669298e9878707d4f3f3121c6d50d26e1b33091e40dfb7d11221,42950,626f0fb7d7bf6a12bc0dba17f96b725fa1a0f612608c286561c3a50eb6b39bc8,6470903,
0.08641318782632533,0.08641318782632533,3,3,F5,2017-12-27,20,0.08483701739018525,control,2017-12-22,0.5,xgboost,new_fit,,later,0.017526271765174118,later,29.0,S1,PEKAO,1ad9368527d092b332e49a84ebbb24a89c313e8a0d85f2ee4cca9b21f24533f1,5e331f63a192669298e9878707d4f3f3121c6d50d26e1b33091e40dfb7d11221,42950,626f0fb7d7bf6a12bc0dba17f96b725fa1a0f612608c286561c3a50eb6b39bc8,6470903,
-0.05832214561326913,-0.05832214561326913,3,3,F5,2017-12-27,20,-0.05768182759345319,control,2017-12-22,0.5,xgboost,new_fit,,later,0.014539427808489184,later,43.0,S1,PEKAO,35a370a327fd744d679750bfa38c4e02727511f0e2e3ec96766d89e63a66977d,5e331f63a192669298e9878707d4f3f3121c6d50d26e1b33091e40dfb7d11221,42950,626f0fb7d7bf6a12bc0dba17f96b725fa1a0f612608c286561c3a50eb6b39bc8,6470903,
0.007076910254959157,0.007076910254959157,3,3,F5,2017-12-27,20,0.0029854498811253023,control,2017-12-22,-0.5,xgboost,new_fit,,later,0.01652799998967843,later,71.0,S1,PEKAO,502b33b4e58fb83cc7696e4e5090ff72a7066d4f970186feedc69d91abfea43b,5e331f63a192669298e9878707d4f3f3121c6d50d26e1b33091e40dfb7d11221,42950,626f0fb7d7bf6a12bc0dba17f96b725fa1a0f612608c286561c3a50eb6b39bc8,6470903,
0.18992671132643488,0.18992671132643488,3,3,F5,2017-12-27,20,0.18122335370041565,control,2017-12-22,-0.5,xgboost,verified_original_prediction,bce6d5861519515f046aaac513fe2150be3932c204591d9b10a9101e62733154,later,0.017815188013946208,later,7.0,S0,PKNORLEN,2fa0640102f3bdbe950a5eb56e3b398b4e6eb304e7bcb3b946ebaf98eef895bc,512bc85f7069c3e0621ebe669d528d695ac1cc40bb53a6625e850967521f0a0f,98120,371df186114580a5e7dceea4565b087c3fc0515de87911bb6bef589b01c28637,13275960,
0.1486551896120608,0.1486551896120608,3,3,F5,2017-12-27,20,0.14421400959918051,control,2017-12-22,-0.5,xgboost,new_fit,,later,0.01596894689628273,later,17.0,S0,PKNORLEN,d8b9c65ccbd230f40c72b21086c8691c7e88b79c6007572fea26b740f1b9d603,512bc85f7069c3e0621ebe669d528d695ac1cc40bb53a6625e850967521f0a0f,98120,371df186114580a5e7dceea4565b087c3fc0515de87911bb6bef589b01c28637,13275960,
0.13404112603862306,0.13404112603862306,3,3,F5,2017-12-27,20,0.12759537002956486,control,2017-12-22,-0.5,xgboost,new_fit,,later,0.017811451473978914,later,29.0,S0,PKNORLEN,902fa1106c1782c9a905f9cd617114e2b875b3fea721a9c528ae526df87c21e0,512bc85f7069c3e0621ebe669d528d695ac1cc40bb53a6625e850967521f0a0f,98120,371df186114580a5e7dceea4565b087c3fc0515de87911bb6bef589b01c28637,13275960,
0.14790360858183338,0.14790360858183338,3,3,F5,2017-12-27,20,0.14050304013595372,control,2017-12-22,-0.5,xgboost,new_fit,,later,0.016914314667420095,later,43.0,S0,PKNORLEN,15bf7798d1d2987238e9af865a0327f3abe0ed0d0f923ee55c8f2bd17d3d89ec,512bc85f7069c3e0621ebe669d528d695ac1cc40bb53a6625e850967521f0a0f,98120,371df186114580a5e7dceea4565b087c3fc0515de87911bb6bef589b01c28637,13275960,
0.1770289425805139,0.1770289425805139,3,3,F5,2017-12-27,20,0.16958299845059976,control,2017-12-22,-0.5,xgboost,new_fit,,later,0.018002944950922115,later,71.0,S0,PKNORLEN,d1d349461074774c958cf90e1f18e7924a95bf7a3364d5bc4d76ff720af0eb90,512bc85f7069c3e0621ebe669d528d695ac1cc40bb53a6625e850967521f0a0f,98120,371df186114580a5e7dceea4565b087c3fc0515de87911bb6bef589b01c28637,13275960,
-0.013601731898490841,-0.013601731898490841,3,3,F5,2017-12-27,20,-0.012772708872473018,control,2017-12-22,1.0,xgboost,new_fit,,later,0.013769320081296414,later,7.0,S1,PKNORLEN,54771850b30762f8e93be8f6b6c2f9205a0207a9f2a3477bc6d96ac13b6527c8,512bc85f7069c3e0621ebe669d528d695ac1cc40bb53a6625e850967521f0a0f,98120,371df186114580a5e7dceea4565b087c3fc0515de87911bb6bef589b01c28637,13275960,
0.029043242720245204,0.029043242720245204,3,3,F5,2017-12-27,20,0.021905176319837016,control,2017-12-22,1.0,xgboost,new_fit,,later,0.011833801688371172,later,17.0,S1,PKNORLEN,75362e9addeec6a84c6673b4d299b554ad493312b25196c2f20212b8c3278ee8,512bc85f7069c3e0621ebe669d528d695ac1cc40bb53a6625e850967521f0a0f,98120,371df186114580a5e7dceea4565b087c3fc0515de87911bb6bef589b01c28637,13275960,
0.014373515955932087,0.014373515955932087,3,3,F5,2017-12-27,20,0.016469157947978846,control,2017-12-22,1.0,xgboost,new_fit,,later,0.011201344781077194,later,29.0,S1,PKNORLEN,1b7d1eb54d054e3686bb61db2c4b58ecaa6d6e590596b6977c674b2e653f6c5f,512bc85f7069c3e0621ebe669d528d695ac1cc40bb53a6625e850967521f0a0f,98120,371df186114580a5e7dceea4565b087c3fc0515de87911bb6bef589b01c28637,13275960,
0.013466938697561229,0.013466938697561229,3,3,F5,2017-12-27,20,0.015083959697929694,control,2017-12-22,-1.0,xgboost,new_fit,,later,0.012981820935893233,later,43.0,S1,PKNORLEN,825ca52658c2e38ef50bcf45e8f3384cc3092c4f954a2b546b852926542e546e,512bc85f7069c3e0621ebe669d528d695ac1cc40bb53a6625e850967521f0a0f,98120,371df186114580a5e7dceea4565b087c3fc0515de87911bb6bef589b01c28637,13275960,
-0.009690433713356891,-0.009690433713356891,3,3,F5,2017-12-27,20,-0.01310424649138708,control,2017-12-22,1.0,xgboost,new_fit,,later,0.011329083854258154,later,71.0,S1,PKNORLEN,d0d7635d5f3bdac9f199bde55a5c32ed2d1359cd7a6387044aec2fcb4a7e1430,512bc85f7069c3e0621ebe669d528d695ac1cc40bb53a6625e850967521f0a0f,98120,371df186114580a5e7dceea4565b087c3fc0515de87911bb6bef589b01c28637,13275960,
-0.0019449914916311896,-0.0019449914916311896,3,3,F5,2017-12-27,20,-0.004762010882316,control,2017-12-22,1.0,xgboost,verified_original_prediction,eb8408462241129f7df30564d014fdf52bbad60c79ea6549f3c35009473665a2,later,0.020492301367803084,later,7.0,S0,PKOBP,534afe9d3ed7a9ca66818aaec700f96243b571e14ea5c47286dbbf679e987d70,85d2b56e9d13f02a7ad605ade6ff0536b4e1bd4076b31ba9da3a913dd421f8b8,102497,83081db0a3bd5bab063b9043a80aaa9131f3eb0ed382f4d5f7a2b110834610a0,11584678,
0.0595501961374729,0.0595501961374729,3,3,F5,2017-12-27,20,0.06368415691215362,control,2017-12-22,0.5,xgboost,new_fit,,later,0.01733722365559377,later,17.0,S0,PKOBP,a92e13e403a036c6247ae63682e1cc50deb7f8197995a2a3450ae9092092f150,85d2b56e9d13f02a7ad605ade6ff0536b4e1bd4076b31ba9da3a913dd421f8b8,102497,83081db0a3bd5bab063b9043a80aaa9131f3eb0ed382f4d5f7a2b110834610a0,11584678,
0.015354329776471493,0.015354329776471493,3,3,F5,2017-12-27,20,0.01229612918575197,control,2017-12-22,1.0,xgboost,new_fit,,later,0.016968236087524347,later,29.0,S0,PKOBP,9801bfb28ca35e3d330e080d91e3e3739ce6039afd0e604553afb8bcb29bc047,85d2b56e9d13f02a7ad605ade6ff0536b4e1bd4076b31ba9da3a913dd421f8b8,102497,83081db0a3bd5bab063b9043a80aaa9131f3eb0ed382f4d5f7a2b110834610a0,11584678,
0.0246762489739627,0.0246762489739627,3,3,F5,2017-12-27,20,0.02910762875065371,control,2017-12-22,0.5,xgboost,new_fit,,later,0.016927484061923844,later,43.0,S0,PKOBP,041e2390ccafcb9e37d549d1ef41b117ebfb7b1783b29183ede677906569fd45,85d2b56e9d13f02a7ad605ade6ff0536b4e1bd4076b31ba9da3a913dd421f8b8,102497,83081db0a3bd5bab063b9043a80aaa9131f3eb0ed382f4d5f7a2b110834610a0,11584678,
0.041921185834211915,0.041921185834211915,3,3,F5,2017-12-27,20,0.0464593112037742,control,2017-12-22,1.0,xgboost,new_fit,,later,0.014905606980862815,later,71.0,S0,PKOBP,318371efe88793e567599965df22e515dfebab50d2f13de5ef2b88b299acdd0e,85d2b56e9d13f02a7ad605ade6ff0536b4e1bd4076b31ba9da3a913dd421f8b8,102497,83081db0a3bd5bab063b9043a80aaa9131f3eb0ed382f4d5f7a2b110834610a0,11584678,
-0.05266416444244277,-0.05266416444244277,3,3,F5,2017-12-27,20,-0.051023913611866055,control,2017-12-22,1.0,xgboost,new_fit,,later,0.016781564664642142,later,7.0,S1,PKOBP,9332b0f53201758cd202dbd80bb12aab8a2e6916350f2ccfc0b2a06c62038777,85d2b56e9d13f02a7ad605ade6ff0536b4e1bd4076b31ba9da3a913dd421f8b8,102497,83081db0a3bd5bab063b9043a80aaa9131f3eb0ed382f4d5f7a2b110834610a0,11584678,
-0.0013678988182642866,-0.0013678988182642866,3,3,F5,2017-12-27,20,0.0002280724282930906,control,2017-12-22,1.0,xgboost,new_fit,,later,0.01321371331806311,later,17.0,S1,PKOBP,c90dac17bf70dcf82693697e1be47b294fd34a302c47f00574a95f3fa11f5929,85d2b56e9d13f02a7ad605ade6ff0536b4e1bd4076b31ba9da3a913dd421f8b8,102497,83081db0a3bd5bab063b9043a80aaa9131f3eb0ed382f4d5f7a2b110834610a0,11584678,
0.014591820116970222,0.014591820116970222,3,3,F5,2017-12-27,20,0.020504518843060773,control,2017-12-22,-0.5,xgboost,new_fit,,later,0.015207974092311914,later,29.0,S1,PKOBP,0f00997fb8f2087fd28e636b75d3a010ad4a9e8f478aa28e8fdc27dd6a29e8cd,85d2b56e9d13f02a7ad605ade6ff0536b4e1bd4076b31ba9da3a913dd421f8b8,102497,83081db0a3bd5bab063b9043a80aaa9131f3eb0ed382f4d5f7a2b110834610a0,11584678,
-0.043651473418923496,-0.043651473418923496,3,3,F5,2017-12-27,20,-0.040844491672127496,control,2017-12-22,-0.5,xgboost,new_fit,,later,0.01787180618482032,later,43.0,S1,PKOBP,22685e76b3f66c85255b0685459854f36c0386d12c6f9e5b700c86b724f3ae81,85d2b56e9d13f02a7ad605ade6ff0536b4e1bd4076b31ba9da3a913dd421f8b8,102497,83081db0a3bd5bab063b9043a80aaa9131f3eb0ed382f4d5f7a2b110834610a0,11584678,
0.039902198701367,0.039902198701367,3,3,F5,2017-12-27,20,0.042396008196691114,control,2017-12-22,-1.0,xgboost,new_fit,,later,0.020513061565315422,later,71.0,S1,PKOBP,5c10afbabb3d79519b018d821330bb9bcd11311061169d2bba1aa7ee56ba40e4,85d2b56e9d13f02a7ad605ade6ff0536b4e1bd4076b31ba9da3a913dd421f8b8,102497,83081db0a3bd5bab063b9043a80aaa9131f3eb0ed382f4d5f7a2b110834610a0,11584678,
0.05091352923371937,0.05091352923371937,3,3,F5,2017-12-27,20,0.04740193381107833,control,2017-12-22,1.0,xgboost,verified_original_prediction,d69a5c76756a2bddc768be5577af4348cd5bcd0c7aee8151ab23e388e9ca5330,later,0.015243228244423366,later,7.0,S0,PZU,3ec41aff1e6afafe59d7d6a0ff9575525ac0322be2fbd88b157fd67e0f88bf8b,3f135c49f35a25162a63a2ac46541626236cef1783bdf537c8e82f93c94a0e42,152587,3238ef71db61c3571f070d3edc5df1119e38eb39a803a348c3953b76dd803c3b,11102539,
0.014512420076697964,0.014512420076697964,3,3,F5,2017-12-27,20,0.013969212118558139,control,2017-12-22,1.0,xgboost,new_fit,,later,0.013452132931886438,later,17.0,S0,PZU,a9614a2dc4f48ba777c1da5c2f0dc94ebcc9bc6183e6f9e9ccdc5d2f4068f57d,3f135c49f35a25162a63a2ac46541626236cef1783bdf537c8e82f93c94a0e42,152587,3238ef71db61c3571f070d3edc5df1119e38eb39a803a348c3953b76dd803c3b,11102539,
0.05455256803232839,0.05455256803232839,3,3,F5,2017-12-27,20,0.056737213073567036,control,2017-12-22,1.0,xgboost,new_fit,,later,0.013096580008190356,later,29.0,S0,PZU,831867f4cdb0d7b4eaf68d08098c12b89e68ff95b11511cee19351eec6ae2eb9,3f135c49f35a25162a63a2ac46541626236cef1783bdf537c8e82f93c94a0e42,152587,3238ef71db61c3571f070d3edc5df1119e38eb39a803a348c3953b76dd803c3b,11102539,
0.08955176985638012,0.08955176985638012,3,3,F5,2017-12-27,20,0.0906003074176963,control,2017-12-22,1.0,xgboost,new_fit,,later,0.013543985809913388,later,43.0,S0,PZU,b5a0c648fe26c05477a5d3acd48521d96219a7c36c88de18f5bc78482ec59dc4,3f135c49f35a25162a63a2ac46541626236cef1783bdf537c8e82f93c94a0e42,152587,3238ef71db61c3571f070d3edc5df1119e38eb39a803a348c3953b76dd803c3b,11102539,
0.031525456816736186,0.031525456816736186,3,3,F5,2017-12-27,20,0.032120253733210084,control,2017-12-22,1.0,xgboost,new_fit,,later,0.012720900820035864,later,71.0,S0,PZU,957d71c1342238d2da4342c0de9d8d2da77ed2f2833f8fa6c7f6c68bd1fb1cb8,3f135c49f35a25162a63a2ac46541626236cef1783bdf537c8e82f93c94a0e42,152587,3238ef71db61c3571f070d3edc5df1119e38eb39a803a348c3953b76dd803c3b,11102539,
-0.019883726875723696,-0.019883726875723696,3,3,F5,2017-12-27,20,-0.02262724387802473,control,2017-12-22,-0.5,xgboost,new_fit,,later,0.009034584791822255,later,7.0,S1,PZU,9955ef249184a95e6f108bb5c38cabe03695206866592bce233d0edb25f71a38,3f135c49f35a25162a63a2ac46541626236cef1783bdf537c8e82f93c94a0e42,152587,3238ef71db61c3571f070d3edc5df1119e38eb39a803a348c3953b76dd803c3b,11102539,
-0.009914390185722873,-0.009914390185722873,3,3,F5,2017-12-27,20,-0.013417157497591863,control,2017-12-22,0.5,xgboost,new_fit,,later,0.008659953193829362,later,17.0,S1,PZU,677f31e9360fab15b799ad86e3d6bc82a387e193eff36cfe351dbc81b70c820e,3f135c49f35a25162a63a2ac46541626236cef1783bdf537c8e82f93c94a0e42,152587,3238ef71db61c3571f070d3edc5df1119e38eb39a803a348c3953b76dd803c3b,11102539,
-0.018994412924485237,-0.018994412924485237,3,3,F5,2017-12-27,20,-0.018982047070464844,control,2017-12-22,0.5,xgboost,new_fit,,later,0.008481717433622653,later,29.0,S1,PZU,52f326f7c8b7da35f827ae81deee3c61aec6a90bb938c0cdd4997b397f332cac,3f135c49f35a25162a63a2ac46541626236cef1783bdf537c8e82f93c94a0e42,152587,3238ef71db61c3571f070d3edc5df1119e38eb39a803a348c3953b76dd803c3b,11102539,
-0.022757475009453285,-0.022757475009453285,3,3,F5,2017-12-27,20,-0.029077364328457766,control,2017-12-22,1.0,xgboost,new_fit,,later,0.008816831552257662,later,43.0,S1,PZU,4bc365b405240ec8633674a08e922e324cb8b501ced14a4cd58bde51984b3122,3f135c49f35a25162a63a2ac46541626236cef1783bdf537c8e82f93c94a0e42,152587,3238ef71db61c3571f070d3edc5df1119e38eb39a803a348c3953b76dd803c3b,11102539,
0.026280454494919277,0.026280454494919277,3,3,F5,2017-12-27,20,0.027049757166376597,control,2017-12-22,0.5,xgboost,new_fit,,later,0.009211252209227814,later,71.0,S1,PZU,535c620e0f939c8648908565d6be5039694fdb6011c7739d88f506bbaa334cc6,3f135c49f35a25162a63a2ac46541626236cef1783bdf537c8e82f93c94a0e42,152587,3238ef71db61c3571f070d3edc5df1119e38eb39a803a348c3953b76dd803c3b,11102539,
