breakeven_shortfall_bps,cohort,common_rows,control_seed,coverage,crossed_bps,entry_half_spread_bps,exit_half_spread_bps,gross_midpoint_bps,horizon,latency,max_identity_error_bps,model,period,prediction_rows,selected_rows,symbol,undefined_reason,unit
10.084728987162634,monthly,1099066,,0.0001028145716453789,-10.084728987162634,4.741586339382678,5.512153631486481,0.16901098370647466,10,0,2.220446049250313e-12,linear,2017-04,1099156,113,KGHM,,bp
10.5216369077868,monthly,1099066,,0.0001028145716453789,-10.5216369077868,5.102474925564948,5.459527967054396,0.04036598483252966,10,1,2.220446049250313e-12,linear,2017-04,1099156,113,KGHM,,bp
10.91285341288619,monthly,1099066,,0.0001028145716453789,-10.91285341288619,5.438746315018942,5.454733692438194,-0.019373405429036133,10,5,2.220446049250313e-12,linear,2017-04,1099156,113,KGHM,,bp
5.540250462680755,monthly,1099066,,0.009128660153257402,-5.540250462680755,3.069678441377191,3.8634881355361466,1.3929161142325783,10,0,2.220446049250313e-12,xgboost,2017-04,1099156,10033,KGHM,,bp
6.705454348826088,monthly,1099066,,0.009128660153257402,-6.705454348826088,3.6485086067945005,3.884933176555999,0.8279874345244083,10,1,2.220446049250313e-12,xgboost,2017-04,1099156,10033,KGHM,,bp
7.240146429222945,monthly,1099066,,0.009128660153257402,-7.240146429222945,3.801241451306789,3.9182612698382253,0.4793562919220708,10,5,2.220446049250313e-12,xgboost,2017-04,1099156,10033,KGHM,,bp
6.16893699053125,monthly,1098886,,0.0008608718283789219,-6.16893699053125,3.0845695238904773,4.011475707831059,0.9271082411903078,20,0,2.220446049250313e-12,linear,2017-04,1098976,946,KGHM,,bp
7.011505991419935,monthly,1098886,,0.0008608718283789219,-7.011505991419935,3.5496231227055346,4.014502508469287,0.5526196397549064,20,1,2.220446049250313e-12,linear,2017-04,1098976,946,KGHM,,bp
7.384535940778363,monthly,1098886,,0.0008608718283789219,-7.384535940778363,3.7661880908548544,4.010240864860157,0.39189301493666345,20,5,2.220446049250313e-12,linear,2017-04,1098976,946,KGHM,,bp
5.742713005580422,monthly,1098886,,0.04028898357063426,-5.742713005580422,3.196101255181148,3.878723733266766,1.3321119828674914,20,0,2.220446049250313e-12,xgboost,2017-04,1098976,44273,KGHM,,bp
6.255645560002704,monthly,1098886,,0.04028898357063426,-6.255645560002704,3.438436843951278,3.8976864537938116,1.0804777377423875,20,1,2.220446049250313e-12,xgboost,2017-04,1098976,44273,KGHM,,bp
6.776469596091153,monthly,1098886,,0.04028898357063426,-6.776469596091153,3.595731296392915,3.954439748365374,0.7737014486671395,20,5,2.220446049250313e-12,xgboost,2017-04,1098976,44273,KGHM,,bp
6.9788557093927,monthly,1098346,,0.21028346258829184,-6.9788557093927,3.8612966543545917,4.406074245226416,1.2885151901883114,50,0,2.220446049250313e-12,linear,2017-04,1098436,230964,KGHM,,bp
7.170162174673442,monthly,1098346,,0.21028346258829184,-7.170162174673442,3.943524934431633,4.410237092718515,1.1835998524767075,50,1,2.220446049250313e-12,linear,2017-04,1098436,230964,KGHM,,bp
7.512797538458568,monthly,1098346,,0.21028346258829184,-7.512797538458568,4.045078925699125,4.423164020029539,0.9554454072700962,50,5,2.220446049250313e-12,linear,2017-04,1098436,230964,KGHM,,bp
7.58610569240365,monthly,1098346,,0.2299921882539746,-7.58610569240365,4.27570751939874,4.639126455623724,1.3287282826188191,50,0,2.220446049250313e-12,xgboost,2017-04,1098436,252611,KGHM,,bp
7.7573237346653965,monthly,1098346,,0.2299921882539746,-7.7573237346653965,4.339887546291978,4.640770153427547,1.223333965054134,50,1,2.220446049250313e-12,xgboost,2017-04,1098436,252611,KGHM,,bp
8.079936609384008,monthly,1098346,,0.2299921882539746,-8.079936609384008,4.418876801752039,4.644909062200076,0.9838492545681102,50,5,2.220446049250313e-12,xgboost,2017-04,1098436,252611,KGHM,,bp
10.640486749765433,monthly,1014670,,0.00016557107236835623,-10.640486749765433,5.541026708313569,5.619371257156527,0.5199112157046555,10,0,1.34736666268509e-12,linear,2017-06,1014775,168,KGHM,,bp
10.539851125225278,monthly,1014670,,0.00016557107236835623,-10.539851125225278,5.517055534053351,5.6473420715254905,0.6245464803535787,10,1,1.34736666268509e-12,linear,2017-06,1014775,168,KGHM,,bp
11.316245881020322,monthly,1014670,,0.00016557107236835623,-11.316245881020322,5.6611605769778635,5.863501992353719,0.20841668831126522,10,5,1.34736666268509e-12,linear,2017-06,1014775,168,KGHM,,bp
5.522227165078375,monthly,1014670,,0.017589955354942986,-5.522227165078375,3.103898959911011,4.00267676088262,1.5843485557152592,10,0,1.34736666268509e-12,xgboost,2017-06,1014775,17848,KGHM,,bp
6.706904936110418,monthly,1014670,,0.017589955354942986,-6.706904936110418,3.69081696488408,4.029415958350346,1.0133279871240077,10,1,1.34736666268509e-12,xgboost,2017-06,1014775,17848,KGHM,,bp
7.408002943466416,monthly,1014670,,0.017589955354942986,-7.408002943466416,3.904544624622722,4.064457412331769,0.5609990934880796,10,5,1.34736666268509e-12,xgboost,2017-06,1014775,17848,KGHM,,bp
,monthly,1014670,7.0,0.0,,,,,10,0,1.34736666268509e-12,xgboost,2017-06,1014775,0,KGHM,no_threshold_selected_rows,bp
,monthly,1014670,7.0,0.0,,,,,10,1,1.34736666268509e-12,xgboost,2017-06,1014775,0,KGHM,no_threshold_selected_rows,bp
,monthly,1014670,7.0,0.0,,,,,10,5,1.34736666268509e-12,xgboost,2017-06,1014775,0,KGHM,no_threshold_selected_rows,bp
5.015452307369142,monthly,1014460,,0.0050785639650651575,-5.015452307369142,2.610004686283176,3.8044174711840197,1.3989698500981298,20,0,1.34736666268509e-12,linear,2017-06,1014565,5152,KGHM,,bp
5.730449792775598,monthly,1014460,,0.0050785639650651575,-5.730449792775598,3.0357659870506364,3.844260710109614,1.1495769043847082,20,1,1.34736666268509e-12,linear,2017-06,1014565,5152,KGHM,,bp
6.485639819041381,monthly,1014460,,0.0050785639650651575,-6.485639819041381,3.3869874244496967,3.921110921992808,0.8224585274011396,20,5,1.3464784842653899e-12,linear,2017-06,1014565,5152,KGHM,,bp
5.687268584569698,monthly,1014460,,0.06868383179228357,-5.687268584569698,3.1809816135923756,4.044076722669327,1.5377897516920118,20,0,1.34736666268509e-12,xgboost,2017-06,1014565,69677,KGHM,,bp
6.241681087770861,monthly,1014460,,0.06868383179228357,-6.241681087770861,3.451520929046416,4.062306019369523,1.272145860645084,20,1,1.34736666268509e-12,xgboost,2017-06,1014565,69677,KGHM,,bp
6.989398410829525,monthly,1014460,,0.06868383179228357,-6.989398410829525,3.7111927505170406,4.139792122266505,0.8615864619540238,20,5,1.3464784842653899e-12,xgboost,2017-06,1014565,69677,KGHM,,bp
,monthly,1014460,7.0,0.0,,,,,20,0,1.34736666268509e-12,xgboost,2017-06,1014565,0,KGHM,no_threshold_selected_rows,bp
,monthly,1014460,7.0,0.0,,,,,20,1,1.34736666268509e-12,xgboost,2017-06,1014565,0,KGHM,no_threshold_selected_rows,bp
,monthly,1014460,7.0,0.0,,,,,20,5,1.34736666268509e-12,xgboost,2017-06,1014565,0,KGHM,no_threshold_selected_rows,bp
7.338449039325775,monthly,1013830,,0.20512216052000828,-7.338449039325775,4.150684838519284,4.839835426440159,1.6520712256336711,50,0,1.3464784842653899e-12,linear,2017-06,1013935,207959,KGHM,,bp
7.6290254611772355,monthly,1013830,,0.20512216052000828,-7.6290254611772355,4.287055989093264,4.843921691436467,1.5019522193524975,50,1,1.3464784842653899e-12,linear,2017-06,1013935,207959,KGHM,,bp
8.12104485264745,monthly,1013830,,0.20512216052000828,-8.12104485264745,4.431163837834035,4.857823925979845,1.1679429111664275,50,5,1.34736666268509e-12,linear,2017-06,1013935,207959,KGHM,,bp
8.058851886301579,monthly,1013830,,0.25223854097827053,-8.058851886301579,4.6088792211761005,5.048252752867191,1.598280087741714,50,0,1.3464784842653899e-12,xgboost,2017-06,1013935,255727,KGHM,,bp
8.291715370778757,monthly,1013830,,0.25223854097827053,-8.291715370778757,4.702896733441547,5.052079456015969,1.4632608186787617,50,1,1.3464784842653899e-12,xgboost,2017-06,1013935,255727,KGHM,,bp
8.74453318104883,monthly,1013830,,0.25223854097827053,-8.74453318104883,4.813332199473893,5.062186500657722,1.1309855190827816,50,5,1.34736666268509e-12,xgboost,2017-06,1013935,255727,KGHM,,bp
,monthly,1013830,7.0,0.0,,,,,50,0,1.34736666268509e-12,xgboost,2017-06,1013935,0,KGHM,no_threshold_selected_rows,bp
,monthly,1013830,7.0,0.0,,,,,50,1,1.34736666268509e-12,xgboost,2017-06,1013935,0,KGHM,no_threshold_selected_rows,bp
,monthly,1013830,7.0,0.0,,,,,50,5,1.34736666268509e-12,xgboost,2017-06,1013935,0,KGHM,no_threshold_selected_rows,bp
6.953277906851772,monthly,916645,,8.182011574819041e-05,-6.953277906851772,3.720355126709346,4.513417728644014,1.2804949485015664,10,0,2.220446049250313e-12,linear,2017-09,916750,75,KGHM,,bp
8.313337950299063,monthly,916645,,8.182011574819041e-05,-8.313337950299063,4.53799992486302,4.593706773817417,0.8183687483814185,10,1,2.220446049250313e-12,linear,2017-09,916750,75,KGHM,,bp
9.629676200558329,monthly,916645,,8.182011574819041e-05,-9.629676200558329,4.564491098030171,4.736690504724985,-0.32849459780320944,10,5,2.220446049250313e-12,linear,2017-09,916750,75,KGHM,,bp
4.939045982942899,monthly,916645,,0.022548532965324636,-4.939045982942899,2.7499346123752324,3.4314363215212844,1.2423249509536067,10,0,2.220446049250313e-12,xgboost,2017-09,916750,20669,KGHM,,bp
5.818518179214429,monthly,916645,,0.022548532965324636,-5.818518179214429,3.189695828918314,3.4402530573609345,0.8114307070648076,10,1,2.220446049250313e-12,xgboost,2017-09,916750,20669,KGHM,,bp
6.344839475471608,monthly,916645,,0.022548532965324636,-6.344839475471608,3.3257526892719387,3.48833078585635,0.46924399965667346,10,5,2.220446049250313e-12,xgboost,2017-09,916750,20669,KGHM,,bp
4.064055188660306,monthly,916435,,0.026125147991947057,-4.064055188660306,2.1958320822545625,3.348382877458602,1.4801597710528382,20,0,2.220446049250313e-12,linear,2017-09,916540,23942,KGHM,,bp
4.5086003048231476,monthly,916435,,0.026125147991947057,-4.5086003048231476,2.4309804092172214,3.378486409350156,1.3008665137442106,20,1,2.220446049250313e-12,linear,2017-09,916540,23942,KGHM,,bp
5.203525640961659,monthly,916435,,0.026125147991947057,-5.203525640961659,2.7328465031375484,3.4879554043211187,1.0172762664969952,20,5,2.220446049250313e-12,linear,2017-09,916540,23942,KGHM,,bp
5.03063482708366,monthly,916435,,0.07259325538636129,-5.03063482708366,2.8261949059656164,3.575574032409247,1.371134111291183,20,0,2.220446049250313e-12,xgboost,2017-09,916540,66527,KGHM,,bp
5.466948845591987,monthly,916435,,0.07259325538636129,-5.466948845591987,3.03617526956985,3.5918385047850787,1.1610649287629238,20,1,2.220446049250313e-12,xgboost,2017-09,916540,66527,KGHM,,bp
6.0345758923911665,monthly,916435,,0.07259325538636129,-6.0345758923911665,3.226231949639862,3.6446799810079256,0.8363360382566084,20,5,2.220446049250313e-12,xgboost,2017-09,916540,66527,KGHM,,bp
5.993809376158004,monthly,915805,,0.2708687984887613,-5.993809376158004,3.423834785416744,4.00675189905901,1.436777308317733,50,0,2.220446049250313e-12,linear,2017-09,915910,248063,KGHM,,bp
6.181338848246132,monthly,915805,,0.2708687984887613,-6.181338848246132,3.5059017595705315,4.0085687958541865,1.3331317071785675,50,1,2.220446049250313e-12,linear,2017-09,915910,248063,KGHM,,bp
6.544841587978538,monthly,915805,,0.2708687984887613,-6.544841587978538,3.6139608024665177,4.013877210563946,1.0829964250519077,50,5,2.220446049250313e-12,linear,2017-09,915910,248063,KGHM,,bp
6.274332561128967,monthly,915805,,0.2643466676858065,-6.274332561128967,3.6578769886436597,4.089075419032379,1.4726198465470486,50,0,2.220446049250313e-12,xgboost,2017-09,915910,242090,KGHM,,bp
6.44259842362416,monthly,915805,,0.2643466676858065,-6.44259842362416,3.7239623330444083,4.089348008227644,1.3707119176478701,50,1,2.220446049250313e-12,xgboost,2017-09,915910,242090,KGHM,,bp
6.81319386217273,monthly,915805,,0.2643466676858065,-6.81319386217273,3.8167740358478874,4.091732099755843,1.0953122734309777,50,5,2.220446049250313e-12,xgboost,2017-09,915910,242090,KGHM,,bp
7.13649750033432,monthly,832398,,0.0001657860782942775,-7.13649750033432,3.960248600496538,4.323485734615036,1.1472368347772017,10,0,1.3482548411047901e-12,linear,2017-11,832503,138,KGHM,,bp
8.080299127375426,monthly,832398,,0.0001657860782942775,-8.080299127375426,4.480299467701975,4.307369160592553,0.7073695009190855,10,1,1.3482548411047901e-12,linear,2017-11,832503,138,KGHM,,bp
7.9316151152490955,monthly,832398,,0.0001657860782942775,-7.9316151152490955,4.192189832298257,4.387784108277039,0.6483588253261896,10,5,1.3482548411047901e-12,linear,2017-11,832503,138,KGHM,,bp
5.043275908875823,monthly,832398,,0.024696118923880163,-5.043275908875823,2.7980955525957794,3.588610860856304,1.343430504576253,10,0,1.3482548411047901e-12,xgboost,2017-11,832503,20557,KGHM,,bp
5.963453627402278,monthly,832398,,0.024696118923880163,-5.963453627402278,3.261977571301697,3.6091881784254434,0.9077121223248575,10,1,1.3482548411047901e-12,xgboost,2017-11,832503,20557,KGHM,,bp
6.584023224006686,monthly,832398,,0.024696118923880163,-6.584023224006686,3.452270161219913,3.678429761810792,0.546676699024017,10,5,1.3482548411047901e-12,xgboost,2017-11,832503,20557,KGHM,,bp
4.2799296292217655,monthly,832188,,0.029666373463688493,-4.2799296292217655,2.352832169916158,3.528291064100826,1.6011936047952193,20,0,1.3482548411047901e-12,linear,2017-11,832293,24688,KGHM,,bp
4.786946997606162,monthly,832188,,0.029666373463688493,-4.786946997606162,2.617830283636698,3.5589927939855643,1.3898760800161005,20,1,1.3482548411047901e-12,linear,2017-11,832293,24688,KGHM,,bp
5.512835141638427,monthly,832188,,0.029666373463688493,-5.512835141638427,2.9269896054377256,3.658068325690764,1.0722227894900658,20,5,1.3482548411047901e-12,linear,2017-11,832293,24688,KGHM,,bp
5.2765259021957585,monthly,832188,,0.08594932875744424,-5.2765259021957585,2.965084019089625,3.7579775492320975,1.446535666125957,20,0,1.3482548411047901e-12,xgboost,2017-11,832293,71526,KGHM,,bp
5.72656022337832,monthly,832188,,0.08594932875744424,-5.72656022337832,3.1848988118447212,3.7733864205601626,1.2317250090265568,20,1,1.3482548411047901e-12,xgboost,2017-11,832293,71526,KGHM,,bp
6.330953323405844,monthly,832188,,0.08594932875744424,-6.330953323405844,3.387476355498752,3.8334844505434695,0.8900074826363708,20,5,1.3482548411047901e-12,xgboost,2017-11,832293,71526,KGHM,,bp
6.446117067299685,monthly,831558,,0.26010693180752276,-6.446117067299685,3.6972065350251464,4.2851546051718294,1.5362440728972842,50,0,1.3482548411047901e-12,linear,2017-11,831663,216294,KGHM,,bp
6.658902128477639,monthly,831558,,0.26010693180752276,-6.658902128477639,3.790316326072234,4.290276028056688,1.4216902256512727,50,1,1.3482548411047901e-12,linear,2017-11,831663,216294,KGHM,,bp
7.050555821641117,monthly,831558,,0.26010693180752276,-7.050555821641117,3.901772325988036,4.3078502264169725,1.1590667307638851,50,5,1.3482548411047901e-12,linear,2017-11,831663,216294,KGHM,,bp
6.97317779350571,monthly,831558,,0.2763222769788758,-6.97317779350571,4.060969802886919,4.446517979662239,1.534309989043438,50,0,1.3482548411047901e-12,xgboost,2017-11,831663,229778,KGHM,,bp
7.159615753003618,monthly,831558,,0.2763222769788758,-7.159615753003618,4.13251410776274,4.449760934268252,1.4226592890273626,50,1,1.3482548411047901e-12,xgboost,2017-11,831663,229778,KGHM,,bp
7.520814784870379,monthly,831558,,0.2763222769788758,-7.520814784870379,4.213959035279157,4.456694432246905,1.1498386826556721,50,5,1.3482548411047901e-12,xgboost,2017-11,831663,229778,KGHM,,bp
9.417031580341325,monthly,579446,,9.31924631458324e-05,-9.417031580341325,4.637136028857667,5.35618955939541,0.5762940079119232,10,0,2.171596236166806e-12,linear,2017-04,579536,54,PEKAO,,bp
10.661762320311235,monthly,579446,,9.31924631458324e-05,-10.661762320311235,5.56440577052599,5.28609279365985,0.18873624387467738,10,1,2.171596236166806e-12,linear,2017-04,579536,54,PEKAO,,bp
10.238559825781644,monthly,579446,,9.31924631458324e-05,-10.238559825781644,5.5518355601877145,5.1867448263641585,0.5000205607703448,10,5,2.171596236166806e-12,linear,2017-04,579536,54,PEKAO,,bp
5.590751262552469,monthly,579446,,0.037546207929643145,-5.590751262552469,3.101997491772295,3.8123512515352513,1.3235974807550674,10,0,2.171596236166806e-12,xgboost,2017-04,579536,21756,PEKAO,,bp
6.486228008432864,monthly,579446,,0.037546207929643145,-6.486228008432864,3.5240265194340576,3.8448812747811894,0.8826797857823743,10,1,2.171596236166806e-12,xgboost,2017-04,579536,21756,PEKAO,,bp
7.102105466797495,monthly,579446,,0.037546207929643145,-7.102105466797495,3.7152862771544486,3.8872833528466537,0.500464163203608,10,5,2.171596236166806e-12,xgboost,2017-04,579536,21756,PEKAO,,bp
4.809030781221839,monthly,579266,,0.08812359088915973,-4.809030781221839,2.581478993483111,3.4506256522675653,1.2230738645287984,20,0,2.171596236166806e-12,linear,2017-04,579356,51047,PEKAO,,bp
5.255782004023483,monthly,579266,,0.08812359088915973,-5.255782004023483,2.808104119242402,3.501617602182011,1.0539397174008944,20,1,2.171596236166806e-12,linear,2017-04,579356,51047,PEKAO,,bp
5.8354044324679,monthly,579266,,0.08812359088915973,-5.8354044324679,3.041284772632426,3.5788309318060834,0.7847112719705811,20,5,2.171596236166806e-12,linear,2017-04,579356,51047,PEKAO,,bp
5.918306225021612,monthly,579266,,0.12818463365707636,-5.918306225021612,3.2920817878434803,3.8821741763085815,1.255949739130436,20,0,2.171596236166806e-12,xgboost,2017-04,579356,74253,PEKAO,,bp
6.305924749802226,monthly,579266,,0.12818463365707636,-6.305924749802226,3.459912697714128,3.9153613508570024,1.069349298768892,20,1,2.171596236166806e-12,xgboost,2017-04,579356,74253,PEKAO,,bp
6.821687802488599,monthly,579266,,0.12818463365707636,-6.821687802488599,3.6300943233794003,3.9561778061161474,0.7645843270069405,20,5,2.171596236166806e-12,xgboost,2017-04,579356,74253,PEKAO,,bp
7.185345024037769,monthly,578726,,0.36182580357543986,-7.185345024037769,4.062474973685459,4.449863947218063,1.3269938968657602,50,0,2.1724844145865063e-12,linear,2017-04,578816,209398,PEKAO,,bp
7.369388988613643,monthly,578726,,0.36182580357543986,-7.369388988613643,4.135805861100943,4.45339298706309,1.2198098595503957,50,1,2.1724844145865063e-12,linear,2017-04,578816,209398,PEKAO,,bp
7.692682036917571,monthly,578726,,0.36182580357543986,-7.692682036917571,4.21342518340409,4.460756528625937,0.981499675112464,50,5,2.1724844145865063e-12,linear,2017-04,578816,209398,PEKAO,,bp
7.724480598975509,monthly,578726,,0.3490822945573553,-7.724480598975509,4.482958307853838,4.607234137907509,1.365711846785836,50,0,2.1724844145865063e-12,xgboost,2017-04,578816,202023,PEKAO,,bp
7.88980060713021,monthly,578726,,0.3490822945573553,-7.88980060713021,4.531710178530679,4.613396715029664,1.255306286430126,50,1,2.1724844145865063e-12,xgboost,2017-04,578816,202023,PEKAO,,bp
8.170878989642818,monthly,578726,,0.3490822945573553,-8.170878989642818,4.567263045829611,4.6144905525352,1.0108746087219913,50,5,2.171596236166806e-12,xgboost,2017-04,578816,202023,PEKAO,,bp
6.870304492949648,monthly,657583,,0.00025700177772235595,-6.870304492949648,3.713780205359286,4.004260584194087,0.8477362966036385,10,0,2.220446049250313e-12,linear,2017-06,657688,169,PEKAO,,bp
7.608720200472358,monthly,657583,,0.00025700177772235595,-7.608720200472358,4.089140059080451,4.100525813653801,0.58094567226196,10,1,2.220446049250313e-12,linear,2017-06,657688,169,PEKAO,,bp
8.29958962611771,monthly,657583,,0.00025700177772235595,-8.29958962611771,4.030783800476475,4.1769731010821465,-0.09183272455910213,10,5,2.220446049250313e-12,linear,2017-06,657688,169,PEKAO,,bp
4.688964677816175,monthly,657583,,0.046769761383734065,-4.688964677816175,2.666284547921302,3.2480427227023827,1.2253625928075018,10,0,2.220446049250313e-12,xgboost,2017-06,657688,30755,PEKAO,,bp
5.462732828581702,monthly,657583,,0.046769761383734065,-5.462732828581702,3.035565908535725,3.2628343963482638,0.8356674763022858,10,1,2.220446049250313e-12,xgboost,2017-06,657688,30755,PEKAO,,bp
6.00673073996853,monthly,657583,,0.046769761383734065,-6.00673073996853,3.1734052161120703,3.303531130203707,0.47020560634725006,10,5,2.220446049250313e-12,xgboost,2017-06,657688,30755,PEKAO,,bp
,monthly,657583,7.0,0.0,,,,,10,0,2.220446049250313e-12,xgboost,2017-06,657688,0,PEKAO,no_threshold_selected_rows,bp
,monthly,657583,7.0,0.0,,,,,10,1,2.220446049250313e-12,xgboost,2017-06,657688,0,PEKAO,no_threshold_selected_rows,bp
,monthly,657583,7.0,0.0,,,,,10,5,2.220446049250313e-12,xgboost,2017-06,657688,0,PEKAO,no_threshold_selected_rows,bp
4.482687193971548,monthly,657373,,0.11302867626142236,-4.482687193971548,2.4629130844839904,3.2499870470822927,1.230212937594746,20,0,2.220446049250313e-12,linear,2017-06,657478,74302,PEKAO,,bp
4.9268418063260135,monthly,657373,,0.11302867626142236,-4.9268418063260135,2.6930927955016,3.270198402023127,1.0364493911987211,20,1,2.220446049250313e-12,linear,2017-06,657478,74302,PEKAO,,bp
5.5260578062511305,monthly,657373,,0.11302867626142236,-5.5260578062511305,2.9158748995476054,3.333069340511772,0.7228864338082533,20,5,2.220446049250313e-12,linear,2017-06,657478,74302,PEKAO,,bp
5.291241004498025,monthly,657373,,0.14984643421619082,-5.291241004498025,2.998961459695236,3.5301635582883977,1.2378840134856044,20,0,2.220446049250313e-12,xgboost,2017-06,657478,98505,PEKAO,,bp
5.666571209155427,monthly,657373,,0.14984643421619082,-5.666571209155427,3.167570073852388,3.541952084056571,1.0429509487535302,20,1,2.220446049250313e-12,xgboost,2017-06,657478,98505,PEKAO,,bp
6.187798637577914,monthly,657373,,0.14984643421619082,-6.187798637577914,3.317071380233453,3.58324540960449,0.7125181522600327,20,5,2.220446049250313e-12,xgboost,2017-06,657478,98505,PEKAO,,bp
,monthly,657373,7.0,0.0,,,,,20,0,2.220446049250313e-12,xgboost,2017-06,657478,0,PEKAO,no_threshold_selected_rows,bp
,monthly,657373,7.0,0.0,,,,,20,1,2.220446049250313e-12,xgboost,2017-06,657478,0,PEKAO,no_threshold_selected_rows,bp
,monthly,657373,7.0,0.0,,,,,20,5,2.220446049250313e-12,xgboost,2017-06,657478,0,PEKAO,no_threshold_selected_rows,bp
,monthly,657373,17.0,0.0,,,,,20,0,2.220446049250313e-12,xgboost,2017-06,657478,0,PEKAO,no_threshold_selected_rows,bp
,monthly,657373,17.0,0.0,,,,,20,1,2.220446049250313e-12,xgboost,2017-06,657478,0,PEKAO,no_threshold_selected_rows,bp
,monthly,657373,17.0,0.0,,,,,20,5,2.220446049250313e-12,xgboost,2017-06,657478,0,PEKAO,no_threshold_selected_rows,bp
,monthly,657373,29.0,0.0,,,,,20,0,2.220446049250313e-12,xgboost,2017-06,657478,0,PEKAO,no_threshold_selected_rows,bp
,monthly,657373,29.0,0.0,,,,,20,1,2.220446049250313e-12,xgboost,2017-06,657478,0,PEKAO,no_threshold_selected_rows,bp
,monthly,657373,29.0,0.0,,,,,20,5,2.220446049250313e-12,xgboost,2017-06,657478,0,PEKAO,no_threshold_selected_rows,bp
6.333463557288076,monthly,656743,,0.37364692124621046,-6.333463557288076,3.596098825501454,3.9859487404299587,1.248584008643347,50,0,2.220446049250313e-12,linear,2017-06,656848,245390,PEKAO,,bp
6.550131428401178,monthly,656743,,0.37364692124621046,-6.550131428401178,3.680402803213923,3.9884018042865037,1.118673179099256,50,1,2.220446049250313e-12,linear,2017-06,656848,245390,PEKAO,,bp
6.928892325536593,monthly,656743,,0.37364692124621046,-6.928892325536593,3.764041868849894,3.994364631440954,0.8295141747542553,50,5,2.220446049250313e-12,linear,2017-06,656848,245390,PEKAO,,bp
6.539645714426226,monthly,656743,,0.3560951544211358,-6.539645714426226,3.808849317251182,4.033896270541729,1.3030998733666725,50,0,2.220446049250313e-12,xgboost,2017-06,656848,233863,PEKAO,,bp
6.7233003967675335,monthly,656743,,0.3560951544211358,-6.7233003967675335,3.864531769972953,4.036234538748503,1.1774659119539106,50,1,2.220446049250313e-12,xgboost,2017-06,656848,233863,PEKAO,,bp
7.075243152736781,monthly,656743,,0.3560951544211358,-7.075243152736781,3.9145066858050455,4.040505167765145,0.8797687008334008,50,5,2.220446049250313e-12,xgboost,2017-06,656848,233863,PEKAO,,bp
,monthly,656743,7.0,0.0,,,,,50,0,2.220446049250313e-12,xgboost,2017-06,656848,0,PEKAO,no_threshold_selected_rows,bp
,monthly,656743,7.0,0.0,,,,,50,1,2.220446049250313e-12,xgboost,2017-06,656848,0,PEKAO,no_threshold_selected_rows,bp
,monthly,656743,7.0,0.0,,,,,50,5,2.220446049250313e-12,xgboost,2017-06,656848,0,PEKAO,no_threshold_selected_rows,bp
6.198838317152474,monthly,404006,,0.00011881011668143542,-6.198838317152474,3.3754727657271637,4.3079058123105325,1.4845402608850857,10,0,2.220446049250313e-12,linear,2017-09,404111,48,PEKAO,,bp
7.905757294063306,monthly,404006,,0.00011881011668143542,-7.905757294063306,4.440814290794575,4.4207342750316245,0.9557912717626303,10,1,2.220446049250313e-12,linear,2017-09,404111,48,PEKAO,,bp
7.986704194012451,monthly,404006,,0.00011881011668143542,-7.986704194012451,4.331329533293146,4.309747385896222,0.6543727251767101,10,5,2.220446049250313e-12,linear,2017-09,404111,48,PEKAO,,bp
4.8651420783096535,monthly,404006,,0.0339301891556066,-4.8651420783096535,2.7400296507701247,3.3997840409128903,1.2746716133733234,10,0,2.220446049250313e-12,xgboost,2017-09,404111,13708,PEKAO,,bp
5.610822746072662,monthly,404006,,0.0339301891556066,-5.610822746072662,3.10782932936817,3.4176149364367254,0.9146215197322005,10,1,2.220446049250313e-12,xgboost,2017-09,404111,13708,PEKAO,,bp
6.234351683137486,monthly,404006,,0.0339301891556066,-6.234351683137486,3.285522987070866,3.4798048525760272,0.5309761565093849,10,5,2.220446049250313e-12,xgboost,2017-09,404111,13708,PEKAO,,bp
4.5648202246838006,monthly,403796,,0.08785129124607476,-4.5648202246838006,2.4751082786898113,3.384440399696518,1.2947284537025097,20,0,2.220446049250313e-12,linear,2017-09,403901,35474,PEKAO,,bp
4.97821853881366,monthly,403796,,0.08785129124607476,-4.97821853881366,2.684684502888929,3.4033138458314816,1.1097798099067315,20,1,2.220446049250313e-12,linear,2017-09,403901,35474,PEKAO,,bp
5.606041848668482,monthly,403796,,0.08785129124607476,-5.606041848668482,2.93959041676771,3.4530091413346216,0.7865577094338374,20,5,2.220446049250313e-12,linear,2017-09,403901,35474,PEKAO,,bp
5.27601251528572,monthly,403796,,0.11303727624840267,-5.27601251528572,2.968641817635269,3.6126096571831114,1.305238959532626,20,0,2.220446049250313e-12,xgboost,2017-09,403901,45644,PEKAO,,bp
5.651999598893754,monthly,403796,,0.11303727624840267,-5.651999598893754,3.142414732836957,3.625703825993064,1.1161189599362338,20,1,2.220446049250313e-12,xgboost,2017-09,403901,45644,PEKAO,,bp
6.200703703670839,monthly,403796,,0.11303727624840267,-6.200703703670839,3.313755989648535,3.657306540652382,0.7703588266300532,20,5,2.220446049250313e-12,xgboost,2017-09,403901,45644,PEKAO,,bp
6.702134890164332,monthly,403166,,0.3279840065878571,-6.702134890164332,3.7984160238951277,4.189479350933439,1.2857604846642274,50,0,2.220446049250313e-12,linear,2017-09,403271,132232,PEKAO,,bp
6.89188710724605,monthly,403166,,0.3279840065878571,-6.89188710724605,3.8713695746261907,4.188019466493054,1.1675019338731862,50,1,2.220446049250313e-12,linear,2017-09,403271,132232,PEKAO,,bp
7.2651239625796,monthly,403166,,0.3279840065878571,-7.2651239625796,3.9645383360810955,4.193954132223593,0.8933685057250841,50,5,2.220446049250313e-12,linear,2017-09,403271,132232,PEKAO,,bp
7.144813088345044,monthly,403166,,0.31472644022561425,-7.144813088345044,4.153757720744471,4.324561347241192,1.3335059796405964,50,0,2.220446049250313e-12,xgboost,2017-09,403271,126887,PEKAO,,bp
7.305475166893702,monthly,403166,,0.31472644022561425,-7.305475166893702,4.204519392882584,4.322671507924198,1.2217157339130595,50,1,2.220446049250313e-12,xgboost,2017-09,403271,126887,PEKAO,,bp
7.642305758546011,monthly,403166,,0.31472644022561425,-7.642305758546011,4.256418356083995,4.324641611924488,0.9387542094624599,50,5,2.220446049250313e-12,xgboost,2017-09,403271,126887,PEKAO,,bp
6.374047160520474,monthly,481635,,0.0002636851557714867,-6.374047160520474,3.386639343118685,4.0464727535104,1.0590649361085862,10,0,2.220446049250313e-12,linear,2017-11,481740,127,PEKAO,,bp
7.200313178309658,monthly,481635,,0.0002636851557714867,-7.200313178309658,3.9424656147715695,4.022807927542537,0.7649603640044248,10,1,2.220446049250313e-12,linear,2017-11,481740,127,PEKAO,,bp
7.9892566547186,monthly,481635,,0.0002636851557714867,-7.9892566547186,4.024683774482948,4.180980356137171,0.21640747590153614,10,5,2.220446049250313e-12,linear,2017-11,481740,127,PEKAO,,bp
5.118074963035909,monthly,481635,,0.035149023638232274,-5.118074963035909,2.8435978684436867,3.4924854802102123,1.2180083856179802,10,0,2.220446049250313e-12,xgboost,2017-11,481740,16929,PEKAO,,bp
5.864007400795292,monthly,481635,,0.035149023638232274,-5.864007400795292,3.204441028946791,3.510494029219352,0.8509276573708371,10,1,2.220446049250313e-12,xgboost,2017-11,481740,16929,PEKAO,,bp
6.506815079979898,monthly,481635,,0.035149023638232274,-6.506815079979898,3.380751078058122,3.583529541522336,0.4574655396005491,10,5,2.220446049250313e-12,xgboost,2017-11,481740,16929,PEKAO,,bp
4.923866921742844,monthly,481425,,0.08964428519499403,-4.923866921742844,2.6448612496764246,3.451782308510457,1.1727766364440229,20,0,2.220446049250313e-12,linear,2017-11,481530,43157,PEKAO,,bp
5.305910096319048,monthly,481425,,0.08964428519499403,-5.305910096319048,2.839971498500777,3.4657851819908863,0.9998465841725974,20,1,2.220446049250313e-12,linear,2017-11,481530,43157,PEKAO,,bp
5.872872966425785,monthly,481425,,0.08964428519499403,-5.872872966425785,3.0624510354759384,3.5353771292525726,0.7249551983027034,20,5,2.220446049250313e-12,linear,2017-11,481530,43157,PEKAO,,bp
5.533138289498793,monthly,481425,,0.1201994080074778,-5.533138289498793,3.0625018731669433,3.7113497593980043,1.2407133430661292,20,0,2.220446049250313e-12,xgboost,2017-11,481530,57867,PEKAO,,bp
5.890735880248216,monthly,481425,,0.1201994080074778,-5.890735880248216,3.2247305386353706,3.721321256727056,1.0553159151141858,20,1,2.220446049250313e-12,xgboost,2017-11,481530,57867,PEKAO,,bp
6.438103662023289,monthly,481425,,0.1201994080074778,-6.438103662023289,3.400461323039558,3.7640830839382575,0.7264407449545028,20,5,2.220446049250313e-12,xgboost,2017-11,481530,57867,PEKAO,,bp
7.100258344673422,monthly,480795,,0.33686082425981967,-7.100258344673422,3.9862599716380442,4.32619981991773,1.2122014468823252,50,0,2.219557870830613e-12,linear,2017-11,480900,161961,PEKAO,,bp
7.286663584483516,monthly,480795,,0.33686082425981967,-7.286663584483516,4.05702442702948,4.32605296351775,1.0964138060636912,50,1,2.219557870830613e-12,linear,2017-11,480900,161961,PEKAO,,bp
7.624574392140037,monthly,480795,,0.33686082425981967,-7.624574392140037,4.129060976708468,4.329024618719617,0.8335112032880283,50,5,2.219557870830613e-12,linear,2017-11,480900,161961,PEKAO,,bp
7.083950719598566,monthly,480795,,0.3158539502282678,-7.083950719598566,4.091940600934881,4.323189674640932,1.331179555977223,50,0,2.219557870830613e-12,xgboost,2017-11,480900,151861,PEKAO,,bp
7.254451940015876,monthly,480795,,0.3158539502282678,-7.254451940015876,4.147672685300097,4.323525774381378,1.2167465196655733,50,1,2.219557870830613e-12,xgboost,2017-11,480900,151861,PEKAO,,bp
7.602416037743727,monthly,480795,,0.3158539502282678,-7.602416037743727,4.202837209126739,4.325212061834575,0.9256332332175708,50,5,2.219557870830613e-12,xgboost,2017-11,480900,151861,PEKAO,,bp
4.671805652884574,monthly,676018,,1.4792505525000814e-06,-4.671805652884574,2.335902826442287,4.671805652884574,2.335902826442951,10,0,1.3820056210533949e-12,linear,2017-04,676108,1,PKNORLEN,,bp
4.671805652884574,monthly,676018,,1.4792505525000814e-06,-4.671805652884574,2.335902826442287,4.671805652884574,2.335902826442951,10,1,1.3820056210533949e-12,linear,2017-04,676108,1,PKNORLEN,,bp
4.671805652884574,monthly,676018,,1.4792505525000814e-06,-4.671805652884574,2.335902826442287,4.671805652884574,2.335902826442951,10,5,1.3820056210533949e-12,linear,2017-04,676108,1,PKNORLEN,,bp
5.353445724907887,monthly,676018,,0.007735001139022925,-5.353445724907887,2.9943760186815918,3.813176702975133,1.4541069967488145,10,0,1.3820056210533949e-12,xgboost,2017-04,676108,5229,PKNORLEN,,bp
6.446673005485152,monthly,676018,,0.007735001139022925,-6.446673005485152,3.5388192849404594,3.824315098536532,0.9164613779918218,10,1,1.3820056210533949e-12,xgboost,2017-04,676108,5229,PKNORLEN,,bp
7.046470224164592,monthly,676018,,0.007735001139022925,-7.046470224164592,3.7413471464000176,3.870594495341453,0.5654714175768661,10,5,1.3820056210533949e-12,xgboost,2017-04,676108,5229,PKNORLEN,,bp
7.21717166823784,monthly,675838,,1.9235378892574848e-05,-7.21717166823784,3.2423259994153537,4.439594675653299,0.4647490068307109,20,0,1.3820056210533949e-12,linear,2017-04,675928,13,PKNORLEN,,bp
7.851194175203284,monthly,675838,,1.9235378892574848e-05,-7.851194175203284,3.5592255271322277,4.439776547366603,0.1478078992954469,20,1,1.3820056210533949e-12,linear,2017-04,675928,13,PKNORLEN,,bp
5.3933749439222005,monthly,675838,,1.9235378892574848e-05,-5.3933749439222005,4.074006164620664,3.922891397214937,2.60352261791345,20,5,1.3820056210533949e-12,linear,2017-04,675928,13,PKNORLEN,,bp
5.72890297896448,monthly,675838,,0.03543304756465307,-5.72890297896448,3.346650571033934,3.938941157153444,1.5566887492228743,20,0,1.3820056210533949e-12,xgboost,2017-04,675928,23947,PKNORLEN,,bp
6.311745831740613,monthly,675838,,0.03543304756465307,-6.311745831740613,3.6156706937500003,3.9471372296975926,1.2510620917069564,20,1,1.3820056210533949e-12,xgboost,2017-04,675928,23947,PKNORLEN,,bp
6.887722004786427,monthly,675838,,0.03543304756465307,-6.887722004786427,3.7778426704594033,3.9687174524501616,0.8588381181231223,20,5,1.3820056210533949e-12,xgboost,2017-04,675928,23947,PKNORLEN,,bp
5.495142269263078,monthly,675298,,0.05405761604506455,-5.495142269263078,3.1938030098711168,4.161917994419008,1.8605787350270149,50,0,1.3855583347321954e-12,linear,2017-04,675388,36505,PKNORLEN,,bp
5.711424187982674,monthly,675298,,0.05405761604506455,-5.711424187982674,3.2986465859418885,4.164055282323414,1.7512776802825958,50,1,1.3820056210533949e-12,linear,2017-04,675388,36505,PKNORLEN,,bp
6.112421830415555,monthly,675298,,0.05405761604506455,-6.112421830415555,3.4485299062860237,4.168057019502692,1.5041650953731307,50,5,1.3855583347321954e-12,linear,2017-04,675388,36505,PKNORLEN,,bp
7.045037278813784,monthly,675298,,0.16316648353763819,-7.045037278813784,4.1986184150993795,4.551062899382828,1.7046440356684172,50,0,1.3855583347321954e-12,xgboost,2017-04,675388,110186,PKNORLEN,,bp
7.228786955782717,monthly,675298,,0.16316648353763819,-7.228786955782717,4.27249605856899,4.551136099298428,1.5948452020846944,50,1,1.3820056210533949e-12,xgboost,2017-04,675388,110186,PKNORLEN,,bp
7.587521077149835,monthly,675298,,0.16316648353763819,-7.587521077149835,4.362517970898853,4.551330327130631,1.3263272208796468,50,5,1.3855583347321954e-12,xgboost,2017-04,675388,110186,PKNORLEN,,bp
4.2983951806077725,monthly,863085,,9.269075467653823e-06,-4.2983951806077725,4.043930902914589,2.980281416354807,2.7258171386616086,10,0,1.3784529073745944e-12,linear,2017-06,863190,8,PKNORLEN,,bp
5.941596342076211,monthly,863085,,9.269075467653823e-06,-5.941596342076211,5.131504732254374,2.980412099614928,2.170320489792931,10,1,1.3784529073745944e-12,linear,2017-06,863190,8,PKNORLEN,,bp
12.347503525121192,monthly,863085,,9.269075467653823e-06,-12.347503525121192,4.054144019344182,5.910483017825986,-2.382876487951024,10,5,1.3784529073745944e-12,linear,2017-06,863190,8,PKNORLEN,,bp
5.518218768541812,monthly,863085,,0.018718897906926896,-5.518218768541812,3.3093422100882584,4.008920380873551,1.800043822419995,10,0,1.3784529073745944e-12,xgboost,2017-06,863190,16156,PKNORLEN,,bp
6.550880435605917,monthly,863085,,0.018718897906926896,-6.550880435605917,3.801093928194892,4.013815890464254,1.2640293830532214,10,1,1.3784529073745944e-12,xgboost,2017-06,863190,16156,PKNORLEN,,bp
7.222814506180466,monthly,863085,,0.018718897906926896,-7.222814506180466,3.9371423255559517,4.072244763861667,0.7865725832371456,10,5,1.3784529073745944e-12,xgboost,2017-06,863190,16156,PKNORLEN,,bp
,monthly,863085,7.0,0.0,,,,,10,0,1.3784529073745944e-12,xgboost,2017-06,863190,0,PKNORLEN,no_threshold_selected_rows,bp
,monthly,863085,7.0,0.0,,,,,10,1,1.3784529073745944e-12,xgboost,2017-06,863190,0,PKNORLEN,no_threshold_selected_rows,bp
,monthly,863085,7.0,0.0,,,,,10,5,1.3784529073745944e-12,xgboost,2017-06,863190,0,PKNORLEN,no_threshold_selected_rows,bp
8.079157292115834,monthly,862875,,5.215123859191656e-05,-8.079157292115834,3.6567409999990277,4.963331712525684,0.5409154204089276,20,0,1.3784529073745944e-12,linear,2017-06,862980,45,PKNORLEN,,bp
9.818892002484965,monthly,862875,,5.215123859191656e-05,-9.818892002484965,4.4801147566785255,5.539500944789376,0.2007236989829283,20,1,1.3784529073745944e-12,linear,2017-06,862980,45,PKNORLEN,,bp
9.538915614705617,monthly,862875,,5.215123859191656e-05,-9.538915614705617,4.9514903919684965,5.151956556324131,0.5645313335870329,20,5,1.3784529073745944e-12,linear,2017-06,862980,45,PKNORLEN,,bp
5.48411441287827,monthly,862875,,0.06699579892800232,-5.48411441287827,3.334543175363362,4.004852159515042,1.8552809220001316,20,0,1.3784529073745944e-12,xgboost,2017-06,862980,57809,PKNORLEN,,bp
6.008963435000354,monthly,862875,,0.06699579892800232,-6.008963435000354,3.5732606222083163,4.019523049594968,1.583820236802929,20,1,1.3784529073745944e-12,xgboost,2017-06,862980,57809,PKNORLEN,,bp
6.705839923828278,monthly,862875,,0.06699579892800232,-6.705839923828278,3.753127518788423,4.072710327491538,1.1199979224516823,20,5,1.3784529073745944e-12,xgboost,2017-06,862980,57809,PKNORLEN,,bp
,monthly,862875,7.0,0.0,,,,,20,0,1.3784529073745944e-12,xgboost,2017-06,862980,0,PKNORLEN,no_threshold_selected_rows,bp
,monthly,862875,7.0,0.0,,,,,20,1,1.3784529073745944e-12,xgboost,2017-06,862980,0,PKNORLEN,no_threshold_selected_rows,bp
,monthly,862875,7.0,0.0,,,,,20,5,1.3784529073745944e-12,xgboost,2017-06,862980,0,PKNORLEN,no_threshold_selected_rows,bp
6.903200160241244,monthly,862245,,0.20730302872153505,-6.903200160241244,4.118589365678826,4.746147655037918,1.9615368604755017,50,0,1.3784529073745944e-12,linear,2017-06,862350,178746,PKNORLEN,,bp
7.174605163932147,monthly,862245,,0.20730302872153505,-7.174605163932147,4.232099992105995,4.74849184564479,1.8059866738186445,50,1,1.3784529073745944e-12,linear,2017-06,862350,178746,PKNORLEN,,bp
7.648673349619921,monthly,862245,,0.20730302872153505,-7.648673349619921,4.345363134491899,4.752650073469992,1.4493398583419754,50,5,1.3784529073745944e-12,linear,2017-06,862350,178746,PKNORLEN,,bp
6.906558958591597,monthly,862245,,0.32106999750650916,-6.906558958591597,4.1192390442952895,4.638806271254826,1.85148635695852,50,0,1.3784529073745944e-12,xgboost,2017-06,862350,276841,PKNORLEN,,bp
7.116394560520291,monthly,862245,,0.32106999750650916,-7.116394560520291,4.201112823022685,4.64057030672377,1.7252885692261668,50,1,1.3784529073745944e-12,xgboost,2017-06,862350,276841,PKNORLEN,,bp
7.5841262346407845,monthly,862245,,0.32106999750650916,-7.5841262346407845,4.314074350597074,4.650601723815045,1.3805498397713372,50,5,1.3784529073745944e-12,xgboost,2017-06,862350,276841,PKNORLEN,,bp
,monthly,862245,7.0,0.0,,,,,50,0,1.3784529073745944e-12,xgboost,2017-06,862350,0,PKNORLEN,no_threshold_selected_rows,bp
,monthly,862245,7.0,0.0,,,,,50,1,1.3784529073745944e-12,xgboost,2017-06,862350,0,PKNORLEN,no_threshold_selected_rows,bp
,monthly,862245,7.0,0.0,,,,,50,5,1.3784529073745944e-12,xgboost,2017-06,862350,0,PKNORLEN,no_threshold_selected_rows,bp
4.111672156208917,monthly,1014000,,1.282051282051282e-05,-4.111672156208917,2.3582048211440108,2.207031752801021,0.45356441773625167,10,0,2.219557870830613e-12,linear,2017-09,1014105,13,PKNORLEN,,bp
4.4246220216405465,monthly,1014000,,1.282051282051282e-05,-4.4246220216405465,2.5147115771123603,2.207063576053556,0.2971531315255077,10,1,2.219557870830613e-12,linear,2017-09,1014105,13,PKNORLEN,,bp
4.090708984110285,monthly,1014000,,1.282051282051282e-05,-4.090708984110285,2.5151625305480483,2.35792286638701,0.7823764128248172,10,5,2.219557870830613e-12,linear,2017-09,1014105,13,PKNORLEN,,bp
4.7054603210809445,monthly,1014000,,0.025724852071005916,-4.7054603210809445,2.944753161031784,3.4555380568958016,1.6948308968466503,10,0,2.219557870830613e-12,xgboost,2017-09,1014105,26085,PKNORLEN,,bp
5.439040182134114,monthly,1014000,,0.025724852071005916,-5.439040182134114,3.2637252310885656,3.462818892108973,1.2875039410634292,10,1,2.219557870830613e-12,xgboost,2017-09,1014105,26085,PKNORLEN,,bp
6.121632616609077,monthly,1014000,,0.025724852071005916,-6.121632616609077,3.412182188473779,3.4880232695490823,0.7785728414137905,10,5,2.219557870830613e-12,xgboost,2017-09,1014105,26085,PKNORLEN,,bp
3.9510568106980712,monthly,1013790,,0.010929285157675652,-3.9510568106980712,2.213575614577638,3.29534222576943,1.5578610296489994,20,0,2.219557870830613e-12,linear,2017-09,1013895,11080,PKNORLEN,,bp
4.462190902039577,monthly,1013790,,0.010929285157675652,-4.462190902039577,2.4730404627975955,3.3250930340212497,1.3359425947792665,20,1,2.219557870830613e-12,linear,2017-09,1013895,11080,PKNORLEN,,bp
5.272831978942766,monthly,1013790,,0.010929285157675652,-5.272831978942766,2.7964331833862563,3.4302070241282037,0.9538082285716886,20,5,2.219557870830613e-12,linear,2017-09,1013895,11080,PKNORLEN,,bp
4.8428420530533325,monthly,1013790,,0.07732567888813265,-4.8428420530533325,3.033105853373185,3.5589168598419723,1.749180660161827,20,0,2.219557870830613e-12,xgboost,2017-09,1013895,78392,PKNORLEN,,bp
5.270062283179468,monthly,1013790,,0.07732567888813265,-5.270062283179468,3.188902024839784,3.569436412428602,1.4882761540889187,20,1,2.219557870830613e-12,xgboost,2017-09,1013895,78392,PKNORLEN,,bp
5.950498572114533,monthly,1013790,,0.07732567888813265,-5.950498572114533,3.3329524710461484,3.6206836222811996,1.003137521212816,20,5,2.219557870830613e-12,xgboost,2017-09,1013895,78392,PKNORLEN,,bp
6.486071943462656,monthly,1013160,,0.2631065182202219,-6.486071943462656,3.789527607561631,4.245720547826082,1.549176211925065,50,0,2.219557870830613e-12,linear,2017-09,1013265,266569,PKNORLEN,,bp
6.699105702797576,monthly,1013160,,0.2631065182202219,-6.699105702797576,3.8529599347173145,4.247615624000174,1.4014698559199221,50,1,2.219557870830613e-12,linear,2017-09,1013265,266569,PKNORLEN,,bp
7.145949397570797,monthly,1013160,,0.2631065182202219,-7.145949397570797,3.9251505130538327,4.255906002646652,1.0351071181296971,50,5,2.219557870830613e-12,linear,2017-09,1013265,266569,PKNORLEN,,bp
6.442226520469867,monthly,1013160,,0.23760314264282048,-6.442226520469867,3.876549410538197,4.249065020088508,1.6833879101568439,50,0,2.219557870830613e-12,xgboost,2017-09,1013265,240730,PKNORLEN,,bp
6.65874589406103,monthly,1013160,,0.23760314264282048,-6.65874589406103,3.9314145142893397,4.249833892684572,1.5225025129128869,50,1,2.219557870830613e-12,xgboost,2017-09,1013265,240730,PKNORLEN,,bp
7.14066823441424,monthly,1013160,,0.23760314264282048,-7.14066823441424,4.00012956141034,4.255323644414191,1.1147849714102955,50,5,2.219557870830613e-12,xgboost,2017-09,1013265,240730,PKNORLEN,,bp
9.082464356567554,monthly,1041418,,4.801146129604059e-05,-9.082464356567554,5.260584804835363,5.341392349646686,1.519512797914494,10,0,2.220446049250313e-12,linear,2017-11,1041523,50,PKNORLEN,,bp
11.035877827225686,monthly,1041418,,4.801146129604059e-05,-11.035877827225686,5.522890724499424,5.887612011031864,0.3746249083056376,10,1,2.220446049250313e-12,linear,2017-11,1041523,50,PKNORLEN,,bp
11.28832601310413,monthly,1041418,,4.801146129604059e-05,-11.28832601310413,5.127077421292765,6.228470492380342,0.06722190056893046,10,5,2.220446049250313e-12,linear,2017-11,1041523,50,PKNORLEN,,bp
5.8760847917630565,monthly,1041418,,0.029738299126767544,-5.8760847917630565,3.4364163308296836,4.0438797556115995,1.6042112946782332,10,0,2.220446049250313e-12,xgboost,2017-11,1041523,30970,PKNORLEN,,bp
6.634560369216406,monthly,1041418,,0.029738299126767544,-6.634560369216406,3.772772591795339,4.059565257747977,1.197777480326911,10,1,2.220446049250313e-12,xgboost,2017-11,1041523,30970,PKNORLEN,,bp
7.422702490544922,monthly,1041418,,0.029738299126767544,-7.422702490544922,3.9530849185455574,4.123988995067126,0.6543714230677625,10,5,2.220446049250313e-12,xgboost,2017-11,1041523,30970,PKNORLEN,,bp
4.518096077894499,monthly,1041208,,0.01812510084440381,-4.518096077894499,2.4350610373887753,3.8525787381655916,1.7695436976598806,20,0,2.220446049250313e-12,linear,2017-11,1041313,18872,PKNORLEN,,bp
5.071743910900682,monthly,1041208,,0.01812510084440381,-5.071743910900682,2.7249816508853795,3.8883109209393596,1.5415486609240632,20,1,2.220446049250313e-12,linear,2017-11,1041313,18872,PKNORLEN,,bp
6.006957638199485,monthly,1041208,,0.01812510084440381,-6.006957638199485,3.1112311212315156,4.050378200030425,1.1546516830624538,20,5,2.220446049250313e-12,linear,2017-11,1041313,18872,PKNORLEN,,bp
5.472355091032046,monthly,1041208,,0.08590406527802322,-5.472355091032046,3.1494293802154876,3.9487305881441603,1.625804877327606,20,0,2.220446049250313e-12,xgboost,2017-11,1041313,89444,PKNORLEN,,bp
5.954962408551273,monthly,1041208,,0.08590406527802322,-5.954962408551273,3.349950652076728,3.9668039616929565,1.361792205218413,20,1,2.220446049250313e-12,xgboost,2017-11,1041313,89444,PKNORLEN,,bp
6.731301843972171,monthly,1041208,,0.08590406527802322,-6.731301843972171,3.576286025671493,4.0399529594704155,0.8849371411697375,20,5,2.220446049250313e-12,xgboost,2017-11,1041313,89444,PKNORLEN,,bp
7.7984468274462175,monthly,1040578,,0.2524404705846174,-7.7984468274462175,4.396100037885064,4.919208617470093,1.5168618279089512,50,0,2.220446049250313e-12,linear,2017-11,1040683,262684,PKNORLEN,,bp
8.02782350281121,monthly,1040578,,0.2524404705846174,-8.02782350281121,4.471401803558742,4.921214832438511,1.3647931331860534,50,1,2.220446049250313e-12,linear,2017-11,1040683,262684,PKNORLEN,,bp
8.483565132707652,monthly,1040578,,0.2524404705846174,-8.483565132707652,4.560752785709481,4.93281639774815,1.0100040507499894,50,5,2.220446049250313e-12,linear,2017-11,1040683,262684,PKNORLEN,,bp
7.672678287548587,monthly,1040578,,0.24640055815133513,-7.672678287548587,4.345708195649092,4.885289513477977,1.558319421578487,50,0,2.220446049250313e-12,xgboost,2017-11,1040683,256399,PKNORLEN,,bp
7.913478965855793,monthly,1040578,,0.24640055815133513,-7.913478965855793,4.424778920030836,4.888277057659343,1.3995770118343955,50,1,2.220446049250313e-12,xgboost,2017-11,1040683,256399,PKNORLEN,,bp
8.413720281494061,monthly,1040578,,0.24640055815133513,-8.413720281494061,4.531823488278613,4.897662013711552,1.015765220496113,50,5,2.220446049250313e-12,xgboost,2017-11,1040683,256399,PKNORLEN,,bp
9.665932096746674,monthly,949905,,1.263284223159158e-05,-9.665932096746674,4.481285438335795,4.848006395043078,-0.3366402633674586,10,0,2.219557870830613e-12,linear,2017-04,953529,12,PKOBP,,bp
9.213372449024986,monthly,949905,,1.263284223159158e-05,-9.213372449024986,4.864604309728668,4.848402351275307,0.4996342119789901,10,1,2.219557870830613e-12,linear,2017-04,953529,12,PKOBP,,bp
9.688714527237645,monthly,949905,,1.263284223159158e-05,-9.688714527237645,4.844357263618822,4.468036610126253,-0.37632065349238997,10,5,2.219557870830613e-12,linear,2017-04,953529,12,PKOBP,,bp
4.86389811371364,monthly,949905,,0.01030839926097873,-4.86389811371364,2.581604148118764,3.2622789418176525,0.9799849762227868,10,0,2.219557870830613e-12,xgboost,2017-04,953529,9792,PKOBP,,bp
5.596540752180362,monthly,949905,,0.01030839926097873,-5.596540752180362,2.934690904444142,3.2921371571966658,0.6302873094604475,10,1,2.219557870830613e-12,xgboost,2017-04,953529,9792,PKOBP,,bp
6.146962408536605,monthly,949905,,0.01030839926097873,-6.146962408536605,3.140632390802616,3.3597233581391115,0.3533933404051326,10,5,2.219557870830613e-12,xgboost,2017-04,953529,9792,PKOBP,,bp
5.640202154557339,monthly,943074,,9.75533203120858e-05,-5.640202154557339,2.817097844746644,3.8049602877061846,0.9818559778954936,20,0,2.219557870830613e-12,linear,2017-04,946426,92,PKOBP,,bp
6.759617513858173,monthly,943074,,9.75533203120858e-05,-6.759617513858173,3.3959686393609934,3.978796616132159,0.615147741634927,20,1,2.219557870830613e-12,linear,2017-04,946426,92,PKOBP,,bp
7.0750206531127615,monthly,943074,,9.75533203120858e-05,-7.0750206531127615,3.6894290169457578,3.889104541340735,0.5035129051736664,20,5,2.219557870830613e-12,linear,2017-04,946426,92,PKOBP,,bp
6.5159719408740395,monthly,943074,,0.03564513495229431,-6.5159719408740395,3.527833189174215,4.011512227870924,1.0233734761711,20,0,2.219557870830613e-12,xgboost,2017-04,946426,33616,PKOBP,,bp
6.915289500633865,monthly,943074,,0.03564513495229431,-6.915289500633865,3.7046777632195202,4.023492201357416,0.8128804639430796,20,1,2.219557870830613e-12,xgboost,2017-04,946426,33616,PKOBP,,bp
7.31765924726303,monthly,943074,,0.03564513495229431,-7.31765924726303,3.832897985003154,4.05349161620945,0.5687303539495849,20,5,2.219557870830613e-12,xgboost,2017-04,946426,33616,PKOBP,,bp
7.5724584541971245,monthly,924613,,0.23774487271972167,-7.5724584541971245,4.172876111812603,4.625374333069331,1.2257919906848018,50,0,2.219557870830613e-12,linear,2017-04,927506,219822,PKOBP,,bp
7.697839734133918,monthly,924613,,0.23774487271972167,-7.697839734133918,4.224604881546261,4.62788312265414,1.1546482700664755,50,1,2.220446049250313e-12,linear,2017-04,927506,219822,PKOBP,,bp
7.953110731925076,monthly,924613,,0.23774487271972167,-7.953110731925076,4.300811586367569,4.636468540780335,0.9841693952228193,50,5,2.220446049250313e-12,linear,2017-04,927506,219822,PKOBP,,bp
8.026020537090986,monthly,924613,,0.24170977479226444,-8.026020537090986,4.472838358250272,4.768930954704675,1.2157487758639547,50,0,2.220446049250313e-12,xgboost,2017-04,927506,223488,PKOBP,,bp
8.14222819119807,monthly,924613,,0.24170977479226444,-8.14222819119807,4.513684787193891,4.771712801474764,1.1431693974705748,50,1,2.220446049250313e-12,xgboost,2017-04,927506,223488,PKOBP,,bp
8.382633028655464,monthly,924613,,0.24170977479226444,-8.382633028655464,4.569031535692103,4.7781296273674085,0.9645281344040378,50,5,2.220446049250313e-12,xgboost,2017-04,927506,223488,PKOBP,,bp
8.810758448851841,monthly,1060420,,1.9803474095169837e-05,-8.810758448851841,4.3845877823252115,5.7234452564519005,1.2972745899253215,10,0,2.1032064978498966e-12,linear,2017-06,1064414,21,PKOBP,,bp
10.390797888580117,monthly,1060420,,1.9803474095169837e-05,-10.390797888580117,5.649299040103161,5.723574955458805,0.9820761069817507,10,1,2.1032064978498966e-12,linear,2017-06,1064414,21,PKOBP,,bp
12.112314340117376,monthly,1060420,,1.9803474095169837e-05,-12.112314340117376,5.308300062535612,5.929778565813758,-0.8742357117679049,10,5,2.1032064978498966e-12,linear,2017-06,1064414,21,PKOBP,,bp
6.65832833845939,monthly,1060420,,0.013252296259972464,-6.65832833845939,3.601605303211606,4.581954986770685,1.5252319515229027,10,0,2.1032064978498966e-12,xgboost,2017-06,1064414,14053,PKOBP,,bp
7.817760042929165,monthly,1060420,,0.013252296259972464,-7.817760042929165,4.160032585014216,4.608281108134829,0.9505536502198748,10,1,2.1032064978498966e-12,xgboost,2017-06,1064414,14053,PKOBP,,bp
8.724850162939578,monthly,1060420,,0.013252296259972464,-8.724850162939578,4.456265360567136,4.689656953743924,0.4210721513714875,10,5,2.1032064978498966e-12,xgboost,2017-06,1064414,14053,PKOBP,,bp
,monthly,1060420,7.0,0.0,,,,,10,0,2.1032064978498966e-12,xgboost,2017-06,1064414,0,PKOBP,no_threshold_selected_rows,bp
,monthly,1060420,7.0,0.0,,,,,10,1,2.1032064978498966e-12,xgboost,2017-06,1064414,0,PKOBP,no_threshold_selected_rows,bp
,monthly,1060420,7.0,0.0,,,,,10,5,2.1032064978498966e-12,xgboost,2017-06,1064414,0,PKOBP,no_threshold_selected_rows,bp
7.20998264403799,monthly,1052806,,0.0002469590788806295,-7.20998264403799,2.916773440173446,4.684678044071175,0.39146884020666917,20,0,2.1032064978498966e-12,linear,2017-06,1056564,260,PKOBP,,bp
8.490573916641509,monthly,1052806,,0.0002469590788806295,-8.490573916641509,3.791356957944369,4.7790438854009745,0.07982692670388036,20,1,2.1032064978498966e-12,linear,2017-06,1056564,260,PKOBP,,bp
8.68935975015855,monthly,1052806,,0.0002469590788806295,-8.68935975015855,3.9180653433069663,4.714816437608726,-0.05647796924285756,20,5,2.1032064978498966e-12,linear,2017-06,1056564,260,PKOBP,,bp
7.699819641966364,monthly,1052806,,0.041967845927929744,-7.699819641966364,4.2038450116744235,4.9082235741474625,1.4122489438555184,20,0,2.1032064978498966e-12,xgboost,2017-06,1056564,44184,PKOBP,,bp
8.221217801138653,monthly,1052806,,0.041967845927929744,-8.221217801138653,4.439448842174827,4.910169918656197,1.1284009596923739,20,1,2.1032064978498966e-12,xgboost,2017-06,1056564,44184,PKOBP,,bp
8.901859409378403,monthly,1052806,,0.041967845927929744,-8.901859409378403,4.645975590528388,4.959838770839721,0.7039549519897114,20,5,2.1032064978498966e-12,xgboost,2017-06,1056564,44184,PKOBP,,bp
,monthly,1052806,7.0,0.0,,,,,20,0,2.1032064978498966e-12,xgboost,2017-06,1056564,0,PKOBP,no_threshold_selected_rows,bp
,monthly,1052806,7.0,0.0,,,,,20,1,2.1032064978498966e-12,xgboost,2017-06,1056564,0,PKOBP,no_threshold_selected_rows,bp
,monthly,1052806,7.0,0.0,,,,,20,5,2.1032064978498966e-12,xgboost,2017-06,1056564,0,PKOBP,no_threshold_selected_rows,bp
8.43994445694505,monthly,1031484,,0.19705007542530956,-8.43994445694505,4.598958912065377,5.220203117734141,1.3792175728544587,50,0,2.1032064978498966e-12,linear,2017-06,1034912,203254,PKOBP,,bp
8.681262707389507,monthly,1031484,,0.19705007542530956,-8.681262707389507,4.70536624230615,5.223164976016339,1.2472685109329704,50,1,2.1032064978498966e-12,linear,2017-06,1034912,203254,PKOBP,,bp
9.101210695858926,monthly,1031484,,0.19705007542530956,-9.101210695858926,4.823980779714944,5.236544631285243,0.9593147151412488,50,5,2.1032064978498966e-12,linear,2017-06,1034912,203254,PKOBP,,bp
9.095202178607872,monthly,1031484,,0.21311140066157108,-9.095202178607872,5.02578191578902,5.454952053864435,1.3855317910455756,50,0,2.1032064978498966e-12,xgboost,2017-06,1034912,219821,PKOBP,,bp
9.274748942114194,monthly,1031484,,0.21311140066157108,-9.274748942114194,5.093348151853865,5.454690536406433,1.2732897461461008,50,1,2.1032064978498966e-12,xgboost,2017-06,1034912,219821,PKOBP,,bp
9.661560348756925,monthly,1031484,,0.21311140066157108,-9.661560348756925,5.186189135597897,5.459169965685823,0.9837987525267887,50,5,2.1032064978498966e-12,xgboost,2017-06,1034912,219821,PKOBP,,bp
,monthly,1031484,7.0,0.0,,,,,50,0,2.1032064978498966e-12,xgboost,2017-06,1034912,0,PKOBP,no_threshold_selected_rows,bp
,monthly,1031484,7.0,0.0,,,,,50,1,2.1032064978498966e-12,xgboost,2017-06,1034912,0,PKOBP,no_threshold_selected_rows,bp
,monthly,1031484,7.0,0.0,,,,,50,5,2.1032064978498966e-12,xgboost,2017-06,1034912,0,PKOBP,no_threshold_selected_rows,bp
6.390191524588122,monthly,769006,,1.4304179681302877e-05,-6.390191524588122,3.0682935633171056,3.5746945745513896,0.2527966132803742,10,0,2.0552448631860898e-12,linear,2017-09,773577,11,PKOBP,,bp
7.407424054374777,monthly,769006,,1.4304179681302877e-05,-7.407424054374777,3.5791107512703477,3.574195533044073,-0.2541177700604449,10,1,2.0552448631860898e-12,linear,2017-09,773577,11,PKOBP,,bp
8.926810089214705,monthly,769006,,1.4304179681302877e-05,-8.926810089214705,3.8274102852041154,4.210188500670825,-0.8892113033397635,10,5,2.0552448631860898e-12,linear,2017-09,773577,11,PKOBP,,bp
4.3123705114719435,monthly,769006,,0.015460217475546354,-4.3123705114719435,2.3730041103769457,3.108188160272084,1.1688217591771186,10,0,2.0552448631860898e-12,xgboost,2017-09,773577,11889,PKOBP,,bp
5.195432609985539,monthly,769006,,0.015460217475546354,-5.195432609985539,2.809747652962784,3.125311501919085,0.7396265448963513,10,1,2.0552448631860898e-12,xgboost,2017-09,773577,11889,PKOBP,,bp
5.783177453486065,monthly,769006,,0.015460217475546354,-5.783177453486065,3.001617490185901,3.175377624956068,0.39381766165591137,10,5,2.0552448631860898e-12,xgboost,2017-09,773577,11889,PKOBP,,bp
5.609962062203332,monthly,760308,,0.00024858346880474755,-5.609962062203332,2.401239162481833,3.9868867949141142,0.7781638951926537,20,0,2.0552448631860898e-12,linear,2017-09,764588,189,PKOBP,,bp
6.542018076999329,monthly,760308,,0.00024858346880474755,-6.542018076999329,2.8970588004919144,4.009007324216079,0.36404804770860766,20,1,2.0552448631860898e-12,linear,2017-09,764588,189,PKOBP,,bp
7.195463115762965,monthly,760308,,0.00024858346880474755,-7.195463115762965,3.2316396181873817,4.135521852758703,0.17169835518309864,20,5,2.0552448631860898e-12,linear,2017-09,764588,189,PKOBP,,bp
4.837471383303819,monthly,760308,,0.05344413053657202,-4.837471383303819,2.694082462787066,3.416946979692789,1.2735580591760514,20,0,2.0552448631860898e-12,xgboost,2017-09,764588,40634,PKOBP,,bp
5.26076796406164,monthly,760308,,0.05344413053657202,-5.26076796406164,2.8995028905724793,3.4289944471005134,1.0677293736113633,20,1,2.0552448631860898e-12,xgboost,2017-09,764588,40634,PKOBP,,bp
5.790587140976144,monthly,760308,,0.05344413053657202,-5.790587140976144,3.0792383004140427,3.487177104543676,0.775828263981581,20,5,2.0552448631860898e-12,xgboost,2017-09,764588,40634,PKOBP,,bp
6.640609846534753,monthly,737220,,0.22181167087165296,-6.640609846534753,3.7066953266025857,4.247943339658944,1.3140288197267769,50,0,2.0552448631860898e-12,linear,2017-09,740815,163524,PKOBP,,bp
6.803423343889386,monthly,737220,,0.22181167087165296,-6.803423343889386,3.778736367158751,4.2498901049938365,1.2252031282632005,50,1,2.0552448631860898e-12,linear,2017-09,740815,163524,PKOBP,,bp
7.092470802274215,monthly,737220,,0.22181167087165296,-7.092470802274215,3.8668248308527766,4.255790370080511,1.0301443986590735,50,5,2.0552448631860898e-12,linear,2017-09,740815,163524,PKOBP,,bp
6.860694412975562,monthly,737220,,0.21818995686497925,-6.860694412975562,3.8999865605808384,4.333050244348769,1.3723423919540476,50,0,2.0552448631860898e-12,xgboost,2017-09,740815,160854,PKOBP,,bp
7.017342450994251,monthly,737220,,0.21818995686497925,-7.017342450994251,3.9637991529615495,4.3345028143071165,1.280959516274416,50,1,2.0552448631860898e-12,xgboost,2017-09,740815,160854,PKOBP,,bp
7.321279270302058,monthly,737220,,0.21818995686497925,-7.321279270302058,4.0431344485803375,4.336667793873781,1.0585229721520628,50,5,2.0552448631860898e-12,xgboost,2017-09,740815,160854,PKOBP,,bp
14.01955374111791,monthly,908843,,1.2103300570065457e-05,-14.01955374111791,6.663433030458143,7.462087286377439,0.10596657571808388,10,0,1.8820500713445654e-12,linear,2017-11,912408,11,PKOBP,,bp
14.485465882143961,monthly,908843,,1.2103300570065457e-05,-14.485465882143961,6.776771876090813,7.807061366991883,0.09836736093906713,10,1,1.8820500713445654e-12,linear,2017-11,912408,11,PKOBP,,bp
14.949092655417974,monthly,908843,,1.2103300570065457e-05,-14.949092655417974,7.235040773615765,8.38941124530263,0.6753593635004242,10,5,1.8820500713445654e-12,linear,2017-11,912408,11,PKOBP,,bp
6.348214658920044,monthly,908843,,0.010812648609275749,-6.348214658920044,3.5218761313485225,3.8945065985063207,1.0681680709348014,10,0,1.8820500713445654e-12,xgboost,2017-11,912408,9827,PKOBP,,bp
7.081591642467051,monthly,908843,,0.010812648609275749,-7.081591642467051,3.791128514570642,3.8949213904526174,0.6044582625562128,10,1,1.8820500713445654e-12,xgboost,2017-11,912408,9827,PKOBP,,bp
7.381809988453126,monthly,908843,,0.010812648609275749,-7.381809988453126,3.83280778731962,3.9039478922028423,0.3549456910693387,10,5,1.8820500713445654e-12,xgboost,2017-11,912408,9827,PKOBP,,bp
3.01525425899925,monthly,902061,,0.0004656004416552761,-3.01525425899925,1.3677476394917343,2.7039435062096993,1.056436886702365,20,0,1.8829382497642655e-12,linear,2017-11,905401,420,PKOBP,,bp
3.4753562729966543,monthly,902061,,0.0004656004416552761,-3.4753562729966543,1.6520591544301761,2.7243794117073215,0.9010822931410103,20,1,1.8829382497642655e-12,linear,2017-11,905401,420,PKOBP,,bp
4.192947998898595,monthly,902061,,0.0004656004416552761,-4.192947998898595,2.1714378874377838,2.8953977625748544,0.8738876511142049,20,5,1.8829382497642655e-12,linear,2017-11,905401,420,PKOBP,,bp
5.819119009854831,monthly,902061,,0.03949400317716873,-5.819119009854831,3.245383222056069,3.6495535230236276,1.0758177352248726,20,0,1.8829382497642655e-12,xgboost,2017-11,905401,35626,PKOBP,,bp
6.22421989015925,monthly,902061,,0.03949400317716873,-6.22421989015925,3.423600277251652,3.6593824456222777,0.8587628327146845,20,1,1.8829382497642655e-12,xgboost,2017-11,905401,35626,PKOBP,,bp
6.579305470590348,monthly,902061,,0.03949400317716873,-6.579305470590348,3.508847366182022,3.6836596364475116,0.6132015320391783,20,5,1.8829382497642655e-12,xgboost,2017-11,905401,35626,PKOBP,,bp
6.047739698920996,monthly,883768,,0.22791275538376587,-6.047739698920996,3.355319680678668,3.776333962494305,1.0839139442519754,50,0,1.8829382497642655e-12,linear,2017-11,886640,201422,PKOBP,,bp
6.2027256675823,monthly,883768,,0.22791275538376587,-6.2027256675823,3.4211538239747172,3.779578751751387,0.9980069081438011,50,1,1.8829382497642655e-12,linear,2017-11,886640,201422,PKOBP,,bp
6.467634854535214,monthly,883768,,0.22791275538376587,-6.467634854535214,3.5048490753508004,3.789818759387322,0.8270329802029018,50,5,1.8824941605544154e-12,linear,2017-11,886640,201422,PKOBP,,bp
6.709666892392951,monthly,883768,,0.19898661187098876,-6.709666892392951,3.814976460391724,4.052389133741695,1.1576987017404627,50,0,1.8829382497642655e-12,xgboost,2017-11,886640,175858,PKOBP,,bp
6.851180650757497,monthly,883768,,0.19898661187098876,-6.851180650757497,3.866349229452315,4.052975363933096,1.0681439426279045,50,1,1.8829382497642655e-12,xgboost,2017-11,886640,175858,PKOBP,,bp
7.09246463814276,monthly,883768,,0.19898661187098876,-7.09246463814276,3.9161220351756234,4.057910649255681,0.8815680462885384,50,5,1.8824941605544154e-12,xgboost,2017-11,886640,175858,PKOBP,,bp
7.952518562758011,monthly,952639,,3.359089854603895e-05,-7.952518562758011,4.256076877719986,4.545745307668709,0.8493036226304074,10,0,2.0321522242738865e-12,linear,2017-04,956762,32,PZU,,bp
9.436831337266863,monthly,952639,,3.359089854603895e-05,-9.436831337266863,5.0366219814048945,4.943324576977904,0.5431152211156605,10,1,2.0321522242738865e-12,linear,2017-04,956762,32,PZU,,bp
9.23418989111131,monthly,952639,,3.359089854603895e-05,-9.23418989111131,4.934793356828162,4.688781966971765,0.38938543268845155,10,5,2.0250467969162855e-12,linear,2017-04,956762,32,PZU,,bp
4.752655456695903,monthly,952639,,0.014460881824069769,-4.752655456695903,2.5439397761951232,3.147793477625723,0.9390777971249353,10,0,2.0321522242738865e-12,xgboost,2017-04,956762,13776,PZU,,bp
5.510374554929718,monthly,952639,,0.014460881824069769,-5.510374554929718,2.901703679614798,3.1750840275931553,0.5664131522782316,10,1,2.0321522242738865e-12,xgboost,2017-04,956762,13776,PZU,,bp
5.990251923804094,monthly,952639,,0.014460881824069769,-5.990251923804094,3.066708701360338,3.2174404738616036,0.29389725141784334,10,5,2.0321522242738865e-12,xgboost,2017-04,956762,13776,PZU,,bp
2.6833476013233133,monthly,944822,,0.014465158516630645,-2.6833476013233133,1.3598982826237886,2.2837848852958254,0.9603355665962636,20,0,2.0321522242738865e-12,linear,2017-04,948659,13667,PZU,,bp
2.9610515879920256,monthly,944822,,0.014465158516630645,-2.9610515879920256,1.5060177997497115,2.3125202775437983,0.8574864893014456,20,1,2.0321522242738865e-12,linear,2017-04,948659,13667,PZU,,bp
3.450231249185932,monthly,944822,,0.014465158516630645,-3.450231249185932,1.727690581610363,2.430175964331073,0.707635296755466,20,5,2.0321522242738865e-12,linear,2017-04,948659,13667,PZU,,bp
5.058348168712128,monthly,944822,,0.06870288795138133,-5.058348168712128,2.7402682952970667,3.2166020302851677,0.8985221568700933,20,0,2.0321522242738865e-12,xgboost,2017-04,948659,64912,PZU,,bp
5.369819520553489,monthly,944822,,0.06870288795138133,-5.369819520553489,2.8821613276504503,3.2291227389398185,0.741464546036766,20,1,2.0321522242738865e-12,xgboost,2017-04,948659,64912,PZU,,bp
5.74630997902085,monthly,944822,,0.06870288795138133,-5.74630997902085,3.0076064088225567,3.2720069336689237,0.5333033634706233,20,5,2.0321522242738865e-12,xgboost,2017-04,948659,64912,PZU,,bp
5.874801248258493,monthly,923719,,0.31947486194394614,-5.874801248258493,3.2441396409024605,3.7139374049063933,1.0832757975503422,50,0,2.0321522242738865e-12,linear,2017-04,927045,295105,PZU,,bp
6.010212221634441,monthly,923719,,0.31947486194394614,-6.010212221634441,3.300819341303953,3.7167257894188754,1.007332909088371,50,1,2.0321522242738865e-12,linear,2017-04,927045,295105,PZU,,bp
6.265348728869217,monthly,923719,,0.31947486194394614,-6.265348728869217,3.3842959095712892,3.729440085711819,0.848387266413874,50,5,2.0321522242738865e-12,linear,2017-04,927045,295105,PZU,,bp
6.881347333237302,monthly,923719,,0.27036468882852904,-6.881347333237302,3.901025866707017,4.097519432346979,1.1171979658166726,50,0,2.0321522242738865e-12,xgboost,2017-04,927045,249741,PZU,,bp
6.997696218939684,monthly,923719,,0.27036468882852904,-6.997696218939684,3.9403188502406667,4.099074368555795,1.0416969998567556,50,1,2.0321522242738865e-12,xgboost,2017-04,927045,249741,PZU,,bp
7.202039438078068,monthly,923719,,0.27036468882852904,-7.202039438078068,3.9806947308053977,4.099828946204051,0.8784842389313627,50,5,2.0321522242738865e-12,xgboost,2017-04,927045,249741,PZU,,bp
13.26096056617008,monthly,970358,,2.6794234705129448e-05,-13.26096056617008,6.026008300885788,6.925589048444469,-0.3093632168399124,10,0,1.6271428648906294e-12,linear,2017-06,970463,26,PZU,,bp
12.484304049489612,monthly,970358,,2.6794234705129448e-05,-12.484304049489612,6.238652746925884,6.323885177285818,0.07823387472214935,10,1,1.6271428648906294e-12,linear,2017-06,970463,26,PZU,,bp
13.169595247365951,monthly,970358,,2.6794234705129448e-05,-13.169595247365951,6.798432445220926,6.324744433117511,-0.04641836902745518,10,5,1.6271428648906294e-12,linear,2017-06,970463,26,PZU,,bp
3.5367401189526615,monthly,970358,,0.013275512748902983,-3.5367401189526615,1.8759303775097869,2.9230145248582344,1.2622047834153491,10,0,1.6271428648906294e-12,xgboost,2017-06,970463,12882,PZU,,bp
4.690864861291327,monthly,970358,,0.013275512748902983,-4.690864861291327,2.4499283970425845,2.950674885064418,0.7097384208156763,10,1,1.6271428648906294e-12,xgboost,2017-06,970463,12882,PZU,,bp
5.46126325603253,monthly,970358,,0.013275512748902983,-5.46126325603253,2.746889267755068,3.05528227582897,0.34090828755151,10,5,1.6271428648906294e-12,xgboost,2017-06,970463,12882,PZU,,bp
,monthly,970358,7.0,0.0,,,,,10,0,1.6271428648906294e-12,xgboost,2017-06,970463,0,PZU,no_threshold_selected_rows,bp
,monthly,970358,7.0,0.0,,,,,10,1,1.6271428648906294e-12,xgboost,2017-06,970463,0,PZU,no_threshold_selected_rows,bp
,monthly,970358,7.0,0.0,,,,,10,5,1.6271428648906294e-12,xgboost,2017-06,970463,0,PZU,no_threshold_selected_rows,bp
4.757038487597504,monthly,970148,,0.0005586776450603413,-4.757038487597504,1.725182433940544,3.6001923736427397,0.5683363199858225,20,0,1.6271428648906294e-12,linear,2017-06,970253,542,PZU,,bp
5.486617585858911,monthly,970148,,0.0005586776450603413,-5.486617585858911,2.2783337905779395,3.6308519954428764,0.42256820016194185,20,1,1.6271428648906294e-12,linear,2017-06,970253,542,PZU,,bp
5.968496133405412,monthly,970148,,0.0005586776450603413,-5.968496133405412,2.772034157917506,3.6387798599888765,0.44231788450106974,20,5,1.6271428648906294e-12,linear,2017-06,970253,542,PZU,,bp
4.812660395537908,monthly,970148,,0.039510466444295095,-4.812660395537908,2.597002752850844,3.4132572537831085,1.1975996110960188,20,0,1.6271428648906294e-12,xgboost,2017-06,970253,38331,PZU,,bp
5.4141870790196736,monthly,970148,,0.039510466444295095,-5.4141870790196736,2.892418136935047,3.429559820629284,0.9077908785446382,20,1,1.6271428648906294e-12,xgboost,2017-06,970253,38331,PZU,,bp
5.980724030787537,monthly,970148,,0.039510466444295095,-5.980724030787537,3.080303786743265,3.488613007360288,0.5881927633159992,20,5,1.6271428648906294e-12,xgboost,2017-06,970253,38331,PZU,,bp
,monthly,970148,7.0,0.0,,,,,20,0,1.6271428648906294e-12,xgboost,2017-06,970253,0,PZU,no_threshold_selected_rows,bp
,monthly,970148,7.0,0.0,,,,,20,1,1.6271428648906294e-12,xgboost,2017-06,970253,0,PZU,no_threshold_selected_rows,bp
,monthly,970148,7.0,0.0,,,,,20,5,1.6271428648906294e-12,xgboost,2017-06,970253,0,PZU,no_threshold_selected_rows,bp
6.338142897329678,monthly,969518,,0.1652119919382621,-6.338142897329678,3.3396840738914846,4.051526756448046,1.0530679330098422,50,0,1.6271428648906294e-12,linear,2017-06,969623,160176,PZU,,bp
6.599169853020651,monthly,969518,,0.1652119919382621,-6.599169853020651,3.461659208217547,4.05780542180036,0.920294776997243,50,1,1.6271428648906294e-12,linear,2017-06,969623,160176,PZU,,bp
6.987858414358685,monthly,969518,,0.1652119919382621,-6.987858414358685,3.586747499114198,4.081694306237359,0.6805833909928604,50,5,1.6271428648906294e-12,linear,2017-06,969623,160176,PZU,,bp
7.744453135775248,monthly,969518,,0.1455465499351224,-7.744453135775248,4.264841584509518,4.625123128861185,1.145511577595445,50,0,1.6271428648906294e-12,xgboost,2017-06,969623,141110,PZU,,bp
7.942506814500515,monthly,969518,,0.1455465499351224,-7.942506814500515,4.343740293472956,4.624841350563497,1.0260748295359279,50,1,1.6271428648906294e-12,xgboost,2017-06,969623,141110,PZU,,bp
8.256322092323707,monthly,969518,,0.1455465499351224,-8.256322092323707,4.3974456363537975,4.638443988020927,0.7795675320510105,50,5,1.6271428648906294e-12,xgboost,2017-06,969623,141110,PZU,,bp
,monthly,969518,7.0,0.0,,,,,50,0,1.6271428648906294e-12,xgboost,2017-06,969623,0,PZU,no_threshold_selected_rows,bp
,monthly,969518,7.0,0.0,,,,,50,1,1.6271428648906294e-12,xgboost,2017-06,969623,0,PZU,no_threshold_selected_rows,bp
,monthly,969518,7.0,0.0,,,,,50,5,1.6271428648906294e-12,xgboost,2017-06,969623,0,PZU,no_threshold_selected_rows,bp
6.333122372682203,monthly,771066,,2.593811684084112e-06,-6.333122372682203,1.610060200557085,3.1933407937282077,-1.5297213783965415,10,0,1.5969447986208252e-12,linear,2017-09,771171,2,PZU,,bp
6.333122372682203,monthly,771066,,2.593811684084112e-06,-6.333122372682203,1.610060200557085,3.1933407937282077,-1.5297213783965415,10,1,1.595168441781425e-12,linear,2017-09,771171,2,PZU,,bp
6.386462068150787,monthly,771066,,2.593811684084112e-06,-6.386462068150787,2.101647145853801,3.1932310340753935,-1.0915838882215927,10,5,1.596056620201125e-12,linear,2017-09,771171,2,PZU,,bp
2.5332904392372013,monthly,771066,,0.008754114433783879,-2.5332904392372013,1.3982327753804011,1.9596198131352256,0.8245621492784138,10,0,1.5969447986208252e-12,xgboost,2017-09,771171,6750,PZU,,bp
3.242904839007325,monthly,771066,,0.008754114433783879,-3.242904839007325,1.7502441921103786,1.9753486915593923,0.4826880446624367,10,1,1.595168441781425e-12,xgboost,2017-09,771171,6750,PZU,,bp
3.567939432468082,monthly,771066,,0.008754114433783879,-3.567939432468082,1.8606899347126726,2.0101311333371457,0.3028816355817275,10,5,1.596056620201125e-12,xgboost,2017-09,771171,6750,PZU,,bp
3.8447688276158867,monthly,770856,,2.9836960469919154e-05,-3.8447688276158867,2.016414525747166,2.976679649478585,1.1483253476098951,20,0,1.595168441781425e-12,linear,2017-09,770961,23,PZU,,bp
5.4997439991708905,monthly,770856,,2.9836960469919154e-05,-5.4997439991708905,2.890442260396561,3.0246364021680465,0.41533466339349046,20,1,1.595168441781425e-12,linear,2017-09,770961,23,PZU,,bp
5.948730582893322,monthly,770856,,2.9836960469919154e-05,-5.948730582893322,2.742559101174527,3.294819058274037,0.088647576555012,20,5,1.595168441781425e-12,linear,2017-09,770961,23,PZU,,bp
3.295184304679003,monthly,770856,,0.03733641562107579,-3.295184304679003,1.8682495672575232,2.3258237418367362,0.8988890044152464,20,0,1.595168441781425e-12,xgboost,2017-09,770961,28781,PZU,,bp
3.6545276512302136,monthly,770856,,0.03733641562107579,-3.6545276512302136,2.041258449618654,2.3286960837003994,0.71542688208883,20,1,1.595168441781425e-12,xgboost,2017-09,770961,28781,PZU,,bp
3.9842442317095603,monthly,770856,,0.03733641562107579,-3.9842442317095603,2.146204303591815,2.349438276225685,0.5113983481079296,20,5,1.595168441781425e-12,xgboost,2017-09,770961,28781,PZU,,bp
4.154265669280663,monthly,770226,,0.14957687743597334,-4.154265669280663,2.253523410994959,2.761471919077589,0.860729660791892,50,0,1.5987211554602254e-12,linear,2017-09,770331,115208,PZU,,bp
4.316924117343072,monthly,770226,,0.14957687743597334,-4.316924117343072,2.3282914557015135,2.765843530176372,0.7772108685348211,50,1,1.5987211554602254e-12,linear,2017-09,770331,115208,PZU,,bp
4.606677411758585,monthly,770226,,0.14957687743597334,-4.606677411758585,2.43058891400346,2.7835351816336837,0.6074466838785657,50,5,1.5987211554602254e-12,linear,2017-09,770331,115208,PZU,,bp
4.8385670218343835,monthly,770226,,0.1540171326337984,-4.8385670218343835,2.7971726443847604,3.0196452422171234,0.9782508647675019,50,0,1.5987211554602254e-12,xgboost,2017-09,770331,118628,PZU,,bp
4.9750083170994746,monthly,770226,,0.1540171326337984,-4.9750083170994746,2.847658604428482,3.0208959341188444,0.8935462214478525,50,1,1.5987211554602254e-12,xgboost,2017-09,770331,118628,PZU,,bp
5.2266941934781075,monthly,770226,,0.1540171326337984,-5.2266941934781075,2.903015888289098,3.028553000116,0.704874694926993,50,5,1.5987211554602254e-12,xgboost,2017-09,770331,118628,PZU,,bp
5.926504059639939,monthly,883480,,9.055100285235659e-06,-5.926504059639939,2.9632520298199694,3.628918917409649,0.6656668875897761,10,0,1.6218137943724287e-12,linear,2017-11,883585,8,PZU,,bp
8.560956895257275,monthly,883480,,9.055100285235659e-06,-8.560956895257275,4.280478447628638,4.416792515240388,0.13631406761184728,10,1,1.6218137943724287e-12,linear,2017-11,883585,8,PZU,,bp
8.833317485696455,monthly,883480,,9.055100285235659e-06,-8.833317485696455,4.416658742848227,4.416658742848227,0.0,10,5,1.6218137943724287e-12,linear,2017-11,883585,8,PZU,,bp
4.237049030569197,monthly,883480,,0.0026339022954679223,-4.237049030569197,2.3650222550353788,3.2493529902301965,1.377326214696401,10,0,1.6218137943724287e-12,xgboost,2017-11,883585,2327,PZU,,bp
5.456975710383028,monthly,883480,,0.0026339022954679223,-5.456975710383028,2.962228061619753,3.2559756274237612,0.7612279786605128,10,1,1.6218137943724287e-12,xgboost,2017-11,883585,2327,PZU,,bp
6.092841152778779,monthly,883480,,0.0026339022954679223,-6.092841152778779,3.146949157763728,3.3352897427221575,0.3893977477071145,10,5,1.6218137943724287e-12,xgboost,2017-11,883585,2327,PZU,,bp
7.427478266656872,monthly,883270,,6.0004302195251736e-05,-7.427478266656872,3.937116645631867,3.9942518421759465,0.5038902211508697,20,0,1.6218137943724287e-12,linear,2017-11,883375,53,PZU,,bp
7.86550146012982,monthly,883270,,6.0004302195251736e-05,-7.86550146012982,4.03326568481972,4.09477588577527,0.2625401104650124,20,1,1.6218137943724287e-12,linear,2017-11,883375,53,PZU,,bp
8.034222513047443,monthly,883270,,6.0004302195251736e-05,-8.034222513047443,4.13327270097274,4.117560216814151,0.2166104047393184,20,5,1.6218137943724287e-12,linear,2017-11,883375,53,PZU,,bp
3.952896259355807,monthly,883270,,0.014363671357569033,-3.952896259355807,2.165261101922797,2.917522972579202,1.1298878151461886,20,0,1.6218137943724287e-12,xgboost,2017-11,883375,12687,PZU,,bp
4.5667102808340045,monthly,883270,,0.014363671357569033,-4.5667102808340045,2.4571343727487363,2.939485714747604,0.8299098066623332,20,1,1.6218137943724287e-12,xgboost,2017-11,883375,12687,PZU,,bp
5.069556362156066,monthly,883270,,0.014363671357569033,-5.069556362156066,2.61725121663539,3.0017001495830584,0.5493950040623872,20,5,1.6218137943724287e-12,xgboost,2017-11,883375,12687,PZU,,bp
4.5217305152114315,monthly,882640,,0.08581641439318409,-4.5217305152114315,2.3255145624187143,3.188147081286043,0.9919311284933148,50,0,1.6218137943724287e-12,linear,2017-11,882745,75745,PZU,,bp
4.725898292522029,monthly,882640,,0.08581641439318409,-4.725898292522029,2.4252239543948875,3.1967815098153203,0.8961071716881668,50,1,1.6218137943724287e-12,linear,2017-11,882745,75745,PZU,,bp
5.058025253821368,monthly,882640,,0.08581641439318409,-5.058025253821368,2.5482770187136037,3.23195171778131,0.7222034826735351,50,5,1.6218137943724287e-12,linear,2017-11,882745,75745,PZU,,bp
5.836524259927982,monthly,882640,,0.08560001812743587,-5.836524259927982,3.261976184520902,3.7134005574968216,1.1388524820897385,50,0,1.6218137943724287e-12,xgboost,2017-11,882745,75554,PZU,,bp
6.0240912155517865,monthly,882640,,0.08560001812743587,-6.0240912155517865,3.3382928618245726,3.7163164601879686,1.0305181064607516,50,1,1.6218137943724287e-12,xgboost,2017-11,882745,75554,PZU,,bp
6.305128883037994,monthly,882640,,0.08560001812743587,-6.305128883037994,3.405142542982442,3.7337546548380747,0.8337683147825197,50,5,1.6218137943724287e-12,xgboost,2017-11,882745,75554,PZU,,bp
8.10817405728515,later,87168,,0.0003212187958883994,-8.10817405728515,4.451537275209942,5.008193587110044,1.3515568050349704,10,0,1.2789769243681803e-12,linear,later,87183,28,KGHM,,bp
7.632512048372106,later,87168,,0.0003212187958883994,-7.632512048372106,4.689331904528059,4.769299815317625,1.826119671473759,10,1,1.2789769243681803e-12,linear,later,87183,28,KGHM,,bp
8.266342730752383,later,87168,,0.0003212187958883994,-8.266342730752383,4.371799749968681,4.849128714812283,0.954585734028649,10,5,1.2789769243681803e-12,linear,later,87183,28,KGHM,,bp
5.358424602727865,later,87168,,0.03207599118942731,-5.358424602727865,2.996339104128071,3.624797691929091,1.262712193329303,10,0,1.2789769243681803e-12,xgboost,later,87183,2796,KGHM,,bp
5.979872657313863,later,87168,,0.03207599118942731,-5.979872657313863,3.2863394275778943,3.648778930835663,0.9552457010996918,10,1,1.2789769243681803e-12,xgboost,later,87183,2796,KGHM,,bp
6.645876562979983,later,87168,,0.03207599118942731,-6.645876562979983,3.447232340631988,3.7116364820087036,0.5129922596607075,10,5,1.2789769243681803e-12,xgboost,later,87183,2796,KGHM,,bp
4.618933267953027,later,87138,,0.06839725492896326,-4.618933267953027,2.41770992927231,3.35855510280516,1.1573317641244425,20,0,1.2789769243681803e-12,linear,later,87153,5960,KGHM,,bp
4.912454216664714,later,87138,,0.06839725492896326,-4.912454216664714,2.5659617436219877,3.3872989204557307,1.0408064474130043,20,1,1.2789769243681803e-12,linear,later,87153,5960,KGHM,,bp
5.52189348245628,later,87138,,0.06839725492896326,-5.52189348245628,2.806082783392884,3.489954872486875,0.7741441734234848,20,5,1.2789769243681803e-12,linear,later,87153,5960,KGHM,,bp
5.319907443100616,later,87138,,0.13712731529298355,-5.319907443100616,2.9192470520201406,3.5948675949542976,1.1942072038738365,20,0,1.2780887459484802e-12,xgboost,later,87153,11949,KGHM,,bp
5.593192271829656,later,87138,,0.13712731529298355,-5.593192271829656,3.043582615463859,3.619629262114157,1.070019605748374,20,1,1.2780887459484802e-12,xgboost,later,87153,11949,KGHM,,bp
6.136776861855831,later,87138,,0.13712731529298355,-6.136776861855831,3.219521901446084,3.6699415125435206,0.752686552133788,20,5,1.2780887459484802e-12,xgboost,later,87153,11949,KGHM,,bp
,later,87138,7.0,0.0,,,,,20,0,1.2789769243681803e-12,xgboost,later,87153,0,KGHM,no_threshold_selected_rows,bp
,later,87138,7.0,0.0,,,,,20,1,1.2789769243681803e-12,xgboost,later,87153,0,KGHM,no_threshold_selected_rows,bp
,later,87138,7.0,0.0,,,,,20,5,1.2780887459484802e-12,xgboost,later,87153,0,KGHM,no_threshold_selected_rows,bp
6.3673515157296565,later,87048,,0.36135235732009924,-6.3673515157296565,3.6512752976756553,4.17208326713041,1.4560070490764123,50,0,1.2789769243681803e-12,linear,later,87063,31455,KGHM,,bp
6.51589177797159,later,87048,,0.36135235732009924,-6.51589177797159,3.7150654435908184,4.174479618100819,1.3736532837200508,50,1,1.2789769243681803e-12,linear,later,87063,31455,KGHM,,bp
6.87548549426461,later,87048,,0.36135235732009924,-6.87548549426461,3.8186111685376174,4.179940037837642,1.1230657121106535,50,5,1.2789769243681803e-12,linear,later,87063,31455,KGHM,,bp
6.794478550056812,later,87048,,0.36390267438654533,-6.794478550056812,3.9622792393579456,4.328896927922995,1.4966976172241326,50,0,1.2780887459484802e-12,xgboost,later,87063,31677,KGHM,,bp
6.945921736022632,later,87048,,0.36390267438654533,-6.945921736022632,4.016221766511219,4.32755388240421,1.3978539128927985,50,1,1.2780887459484802e-12,xgboost,later,87063,31677,KGHM,,bp
7.3124456324210465,later,87048,,0.36390267438654533,-7.3124456324210465,4.093315934176809,4.331863919166116,1.1127342209218825,50,5,1.2780887459484802e-12,xgboost,later,87063,31677,KGHM,,bp
6.15798811526342,later,42965,,0.0006516932386826487,-6.15798811526342,3.079017533123082,3.6057698020847107,0.5267992199446875,10,0,2.219557870830613e-12,linear,later,42980,28,PEKAO,,bp
7.677712408730329,later,42965,,0.0006516932386826487,-7.677712408730329,3.480604500521426,3.8937930493462085,-0.3033148588629683,10,1,2.219557870830613e-12,linear,later,42980,28,PEKAO,,bp
7.233427379993891,later,42965,,0.0006516932386826487,-7.233427379993891,3.4652659824821135,3.6031750243287486,-0.1649863731830494,10,5,2.219557870830613e-12,linear,later,42980,28,PEKAO,,bp
4.406055656899838,later,42965,,0.04045153031537298,-4.406055656899838,2.5050709247634,2.999537647350787,1.098552915214349,10,0,2.219557870830613e-12,xgboost,later,42980,1738,PEKAO,,bp
5.031006542954961,later,42965,,0.04045153031537298,-5.031006542954961,2.8140113744142985,2.988887997354865,0.7718928288141864,10,1,2.219557870830613e-12,xgboost,later,42980,1738,PEKAO,,bp
5.481700963037462,later,42965,,0.04045153031537298,-5.481700963037462,2.8888947852168854,3.0068315854484364,0.41402540762781087,10,5,2.219557870830613e-12,xgboost,later,42980,1738,PEKAO,,bp
4.464708864731409,later,42935,,0.10348200768603703,-4.464708864731409,2.402101175209933,2.9728173011701973,0.9102096116486366,20,0,2.219557870830613e-12,linear,later,42950,4443,PEKAO,,bp
4.761905931592411,later,42935,,0.10348200768603703,-4.761905931592411,2.5529773877149577,2.9824673438890237,0.7735388000114748,20,1,2.219557870830613e-12,linear,later,42950,4443,PEKAO,,bp
5.214007675251093,later,42935,,0.10348200768603703,-5.214007675251093,2.7341740311207365,3.038081913197374,0.5582482690669358,20,5,2.219557870830613e-12,linear,later,42950,4443,PEKAO,,bp
4.599169393128873,later,42935,,0.13455223011529055,-4.599169393128873,2.585972663606858,3.0759987417063455,1.0628020121842698,20,0,2.219557870830613e-12,xgboost,later,42950,5777,PEKAO,,bp
4.926638475189321,later,42935,,0.13455223011529055,-4.926638475189321,2.7427640495665493,3.082981891955979,0.899107466333142,20,1,2.219557870830613e-12,xgboost,later,42950,5777,PEKAO,,bp
5.404884354394924,later,42935,,0.13455223011529055,-5.404884354394924,2.886529839697002,3.1175348012364767,0.599180286538508,20,5,2.219557870830613e-12,xgboost,later,42950,5777,PEKAO,,bp
,later,42935,7.0,0.0,,,,,20,0,2.219557870830613e-12,xgboost,later,42950,0,PEKAO,no_threshold_selected_rows,bp
,later,42935,7.0,0.0,,,,,20,1,2.219557870830613e-12,xgboost,later,42950,0,PEKAO,no_threshold_selected_rows,bp
,later,42935,7.0,0.0,,,,,20,5,2.219557870830613e-12,xgboost,later,42950,0,PEKAO,no_threshold_selected_rows,bp
5.899523612182713,later,42845,,0.3186602870813397,-5.899523612182713,3.3458287972530196,3.621936819778172,1.0682420048484822,50,0,2.219557870830613e-12,linear,later,42860,13653,PEKAO,,bp
6.053197422059694,later,42845,,0.3186602870813397,-6.053197422059694,3.4087694911087065,3.6197758692332584,0.9753479382822714,50,1,2.219557870830613e-12,linear,later,42860,13653,PEKAO,,bp
6.333790460185303,later,42845,,0.3186602870813397,-6.333790460185303,3.469926843999519,3.6243955125930687,0.7605318964072797,50,5,2.219557870830613e-12,linear,later,42860,13653,PEKAO,,bp
6.105331291033697,later,42845,,0.30096860777220213,-6.105331291033697,3.6025130771709986,3.717021297287459,1.214203083424747,50,0,2.219557870830613e-12,xgboost,later,42860,12895,PEKAO,,bp
6.257813582320361,later,42845,,0.30096860777220213,-6.257813582320361,3.6628465900593863,3.71213530981234,1.117168317551345,50,1,2.219557870830613e-12,xgboost,later,42860,12895,PEKAO,,bp
6.5278602220295685,later,42845,,0.30096860777220213,-6.5278602220295685,3.696319485334065,3.6958520591911364,0.8643113224956178,50,5,2.219557870830613e-12,xgboost,later,42860,12895,PEKAO,,bp
4.456540611343181,later,98135,,2.0380088653385642e-05,-4.456540611343181,2.2282703056715905,8.928472572837265,6.700202267165984,10,0,1.3393730569077889e-12,linear,later,98150,2,PKNORLEN,,bp
20.082584871376667,later,98135,,2.0380088653385642e-05,-20.082584871376667,10.041292435688334,8.920718701936716,-1.1205737337519355,10,1,1.3393730569077889e-12,linear,later,98150,2,PKNORLEN,,bp
20.082584871376667,later,98135,,2.0380088653385642e-05,-20.082584871376667,10.041292435688334,8.920718701936716,-1.1205737337519355,10,5,1.3393730569077889e-12,linear,later,98150,2,PKNORLEN,,bp
6.584377366368481,later,98135,,0.027798440923218017,-6.584377366368481,3.8287524933510526,4.247615818341681,1.4919909453242133,10,0,1.3393730569077889e-12,xgboost,later,98150,2728,PKNORLEN,,bp
7.165855889260492,later,98135,,0.027798440923218017,-7.165855889260492,4.061880993266888,4.260221487306258,1.156246591312629,10,1,1.3393730569077889e-12,xgboost,later,98150,2728,PKNORLEN,,bp
7.802971946366217,later,98135,,0.027798440923218017,-7.802971946366217,4.163312182439041,4.332698929029392,0.693039165102216,10,5,1.3393730569077889e-12,xgboost,later,98150,2728,PKNORLEN,,bp
4.850549208390059,later,98105,,0.023546200499464858,-4.850549208390059,2.7130061969285975,3.799893007027842,1.6623499955663446,20,0,1.3393730569077889e-12,linear,later,98120,2310,PKNORLEN,,bp
5.28125468774254,later,98105,,0.023546200499464858,-5.28125468774254,2.936068963512175,3.8412648293770255,1.4960791051466273,20,1,1.3393730569077889e-12,linear,later,98120,2310,PKNORLEN,,bp
5.886915375870558,later,98105,,0.023546200499464858,-5.886915375870558,3.207791745364409,3.9941411763864356,1.315017545880252,20,5,1.3393730569077889e-12,linear,later,98120,2310,PKNORLEN,,bp
6.002898161254823,later,98105,,0.09615208195300953,-6.002898161254823,3.401928748968506,4.13388450759946,1.5329150953131327,20,0,1.3393730569077889e-12,xgboost,later,98120,9433,PKNORLEN,,bp
6.3459913438984294,later,98105,,0.09615208195300953,-6.3459913438984294,3.542511137222536,4.151239282105653,1.3477590754297548,20,1,1.3393730569077889e-12,xgboost,later,98120,9433,PKNORLEN,,bp
6.986401326380253,later,98105,,0.09615208195300953,-6.986401326380253,3.7370280407986276,4.256784805051791,1.0074115194701716,20,5,1.3393730569077889e-12,xgboost,later,98120,9433,PKNORLEN,,bp
,later,98105,7.0,0.0,,,,,20,0,1.3393730569077889e-12,xgboost,later,98120,0,PKNORLEN,no_threshold_selected_rows,bp
,later,98105,7.0,0.0,,,,,20,1,1.3393730569077889e-12,xgboost,later,98120,0,PKNORLEN,no_threshold_selected_rows,bp
,later,98105,7.0,0.0,,,,,20,5,1.3393730569077889e-12,xgboost,later,98120,0,PKNORLEN,no_threshold_selected_rows,bp
7.987218132965947,later,98015,,0.23864714584502372,-7.987218132965947,4.653975869154491,5.199673242876021,1.8664309790645444,50,0,1.341149413747189e-12,linear,later,98030,23391,PKNORLEN,,bp
8.177739320760056,later,98015,,0.23864714584502372,-8.177739320760056,4.712872344405013,5.207166795261855,1.7422998189067926,50,1,1.341149413747189e-12,linear,later,98030,23391,PKNORLEN,,bp
8.603401060145927,later,98015,,0.23864714584502372,-8.603401060145927,4.819776073148118,5.232292820350625,1.4486678333527976,50,5,1.341149413747189e-12,linear,later,98030,23391,PKNORLEN,,bp
8.720292674953061,later,98015,,0.3168596643370913,-8.720292674953061,5.058136440532212,5.400392987516784,1.7382367530959146,50,0,1.341149413747189e-12,xgboost,later,98030,31057,PKNORLEN,,bp
8.888166967897916,later,98015,,0.3168596643370913,-8.888166967897916,5.099369218241168,5.403172637231074,1.6143748875743054,50,1,1.341149413747189e-12,xgboost,later,98030,31057,PKNORLEN,,bp
9.28247945921742,later,98015,,0.3168596643370913,-9.28247945921742,5.167489600351321,5.421727495578914,1.3067376367127956,50,5,1.341149413747189e-12,xgboost,later,98030,31057,PKNORLEN,,bp
,later,102512,,0.0,,,,,10,0,1.6218137943724287e-12,linear,later,102527,0,PKOBP,no_threshold_selected_rows,bp
,later,102512,,0.0,,,,,10,1,1.6218137943724287e-12,linear,later,102527,0,PKOBP,no_threshold_selected_rows,bp
,later,102512,,0.0,,,,,10,5,1.6218137943724287e-12,linear,later,102527,0,PKOBP,no_threshold_selected_rows,bp
3.0279314936341932,later,102512,,0.008594115810831903,-3.0279314936341932,1.7192642238061595,2.3097133807408765,1.001046110912848,10,0,1.6218137943724287e-12,xgboost,later,102527,881,PKOBP,,bp
3.8578272824095796,later,102512,,0.008594115810831903,-3.8578272824095796,2.1572125231879804,2.2980111471572466,0.5973963879356555,10,1,1.6218137943724287e-12,xgboost,later,102527,881,PKOBP,,bp
3.9713195247045494,later,102512,,0.008594115810831903,-3.9713195247045494,2.176599012483042,2.365877084473296,0.5711565722517798,10,5,1.6218137943724287e-12,xgboost,later,102527,881,PKOBP,,bp
1.1344299489504266,later,102482,,1.951562225561562e-05,-1.1344299489504266,1.1374054180832651,3.9734802904601376,3.976455759593383,20,0,1.6218137943724287e-12,linear,later,102497,2,PKOBP,,bp
7.9429719436235455,later,102482,,1.951562225561562e-05,-7.9429719436235455,4.54161139940573,3.9714859718117728,0.5701254275943624,20,1,1.6218137943724287e-12,linear,later,102497,2,PKOBP,,bp
7.9429719436235455,later,102482,,1.951562225561562e-05,-7.9429719436235455,4.54161139940573,3.9714859718117728,0.5701254275943624,20,5,1.6218137943724287e-12,linear,later,102497,2,PKOBP,,bp
3.7458120433045914,later,102482,,0.033205831267929975,-3.7458120433045914,2.1794223381236857,2.6521856030894404,1.0857958979085338,20,0,1.6218137943724287e-12,xgboost,later,102497,3403,PKOBP,,bp
4.15279107970594,later,102482,,0.033205831267929975,-4.15279107970594,2.3795479433439772,2.674071780156209,0.9008286437942412,20,1,1.6218137943724287e-12,xgboost,later,102497,3403,PKOBP,,bp
4.3991546540789415,later,102482,,0.033205831267929975,-4.3991546540789415,2.4353775044121595,2.7206369256479683,0.7568597759811736,20,5,1.6218137943724287e-12,xgboost,later,102497,3403,PKOBP,,bp
,later,102482,7.0,0.0,,,,,20,0,1.6218137943724287e-12,xgboost,later,102497,0,PKOBP,no_threshold_selected_rows,bp
,later,102482,7.0,0.0,,,,,20,1,1.6218137943724287e-12,xgboost,later,102497,0,PKOBP,no_threshold_selected_rows,bp
,later,102482,7.0,0.0,,,,,20,5,1.6218137943724287e-12,xgboost,later,102497,0,PKOBP,no_threshold_selected_rows,bp
4.6714519498817975,later,102392,,0.23886631768106883,-4.6714519498817975,2.6578775731335487,3.1353308507363855,1.121756473988178,50,0,1.6218137943724287e-12,linear,later,102407,24458,PKOBP,,bp
4.818794731251905,later,102392,,0.23886631768106883,-4.818794731251905,2.7258497832653936,3.141362094973882,1.048417146987413,50,1,1.6218137943724287e-12,linear,later,102407,24458,PKOBP,,bp
4.99400774493126,later,102392,,0.23886631768106883,-4.99400774493126,2.779794077652738,3.160207064718323,0.9459933974398348,50,5,1.6218137943724287e-12,linear,later,102407,24458,PKOBP,,bp
5.181009509643329,later,102392,,0.19481014141729822,-5.181009509643329,3.05611170779098,3.4224106043074722,1.297512802455174,50,0,1.6218137943724287e-12,xgboost,later,102407,19947,PKOBP,,bp
5.2979536885317104,later,102392,,0.19481014141729822,-5.2979536885317104,3.1048286735136226,3.428622570600721,1.235497555582682,50,1,1.6218137943724287e-12,xgboost,later,102407,19947,PKOBP,,bp
5.477016654021228,later,102392,,0.19481014141729822,-5.477016654021228,3.143295924902521,3.444826908438841,1.1111061793201777,50,5,1.6218137943724287e-12,xgboost,later,102407,19947,PKOBP,,bp
-0.0,later,153253,,6.525157745688502e-06,0.0,1.2313754463733542,2.462750892747583,3.6941263391209374,10,0,1.7630341631047486e-12,linear,later,153958,1,PZU,,bp
4.9267151126993785,later,153253,,6.525157745688502e-06,-4.9267151126993785,3.6950363345240964,2.4633575563496892,1.2316787781735319,10,1,1.7630341631047486e-12,linear,later,153958,1,PZU,,bp
4.927322000493502,later,153253,,6.525157745688502e-06,-4.927322000493502,2.463661000246751,2.463661000246751,0.0,10,5,1.7630341631047486e-12,linear,later,153958,1,PZU,,bp
2.5363080009763763,later,153253,,0.0035823116023829876,-2.5363080009763763,1.5001976463785793,2.3890923483735462,1.3529819937757455,10,0,1.7630341631047486e-12,xgboost,later,153958,549,PZU,,bp
3.8499260481924056,later,153253,,0.0035823116023829876,-3.8499260481924056,2.1613655903847566,2.4556606874778284,0.7671002296701579,10,1,1.7630341631047486e-12,xgboost,later,153958,549,PZU,,bp
4.432899902888919,later,153253,,0.0035823116023829876,-4.432899902888919,2.358175484766977,2.4196701313409945,0.34494571321905654,10,5,1.7630341631047486e-12,xgboost,later,153958,549,PZU,,bp
6.398144752916046,later,151960,,3.948407475651487e-05,-6.398144752916046,2.6071805355894435,3.4200877936792935,-0.37087642364773865,20,0,1.7639223415244487e-12,linear,later,152587,6,PZU,,bp
8.025984469512984,later,151960,,3.948407475651487e-05,-8.025984469512984,3.6204414749164555,3.4199718958948373,-0.9855710987021249,20,1,1.7639223415244487e-12,linear,later,152587,6,PZU,,bp
7.623070548056218,later,151960,,3.948407475651487e-05,-7.623070548056218,3.4157494101117085,3.2179286550339743,-0.9893924829108235,20,5,1.7639223415244487e-12,linear,later,152587,6,PZU,,bp
2.929529517415636,later,151960,,0.020498815477757306,-2.929529517415636,1.8131636327636598,2.539219060618554,1.4228531759666283,20,0,1.7639223415244487e-12,xgboost,later,152587,3115,PZU,,bp
3.614965898561929,later,151960,,0.020498815477757306,-3.614965898561929,2.14426423331413,2.5587711533352815,1.0880694880875144,20,1,1.7639223415244487e-12,xgboost,later,152587,3115,PZU,,bp
4.209077517825147,later,151960,,0.020498815477757306,-4.209077517825147,2.330777987080127,2.6155779414672016,0.737278410722203,20,5,1.7639223415244487e-12,xgboost,later,152587,3115,PZU,,bp
,later,151960,7.0,0.0,,,,,20,0,1.7639223415244487e-12,xgboost,later,152587,0,PZU,no_threshold_selected_rows,bp
,later,151960,7.0,0.0,,,,,20,1,1.7639223415244487e-12,xgboost,later,152587,0,PZU,no_threshold_selected_rows,bp
,later,151960,7.0,0.0,,,,,20,5,1.7639223415244487e-12,xgboost,later,152587,0,PZU,no_threshold_selected_rows,bp
3.7829365255408414,later,148750,,0.08178151260504202,-3.7829365255408414,2.184439705961255,2.9727559644416526,1.374259144862113,50,0,1.7639223415244487e-12,linear,later,149222,12165,PZU,,bp
4.040823774194847,later,148750,,0.08178151260504202,-4.040823774194847,2.3056521757553714,2.9817077137592136,1.2465361153197758,50,1,1.7639223415244487e-12,linear,later,149222,12165,PZU,,bp
4.45069101279073,later,148750,,0.08178151260504202,-4.45069101279073,2.4469988090210117,3.0040309951537245,1.0003387913840325,50,5,1.7639223415244487e-12,linear,later,149222,12165,PZU,,bp
4.4952286996727295,later,148750,,0.11488403361344537,-4.4952286996727295,2.781743365544209,3.251039655528939,1.5375543214004384,50,0,1.7639223415244487e-12,xgboost,later,149222,17089,PZU,,bp
4.742280383843247,later,148750,,0.11488403361344537,-4.742280383843247,2.8781432089529573,3.255176792061003,1.3910396171707278,50,1,1.7639223415244487e-12,xgboost,later,149222,17089,PZU,,bp
5.11880758761867,later,148750,,0.11488403361344537,-5.11880758761867,2.9578112764753524,3.2568936430054216,1.0958973318621141,50,5,1.7639223415244487e-12,xgboost,later,149222,17089,PZU,,bp
