day,max_abs_error_bps,mean_abs_error_bps,rows,symbol,valid_rows
2017-01-02,2.9362900999529984e-12,7.651081869398055e-13,75922,KGHM,75921
2017-01-03,3.1362135111123735e-12,7.411801813186196e-13,130518,KGHM,130517
2017-01-04,3.020694805400126e-12,7.338626792719274e-13,140620,KGHM,140619
2017-01-05,2.9743429941220256e-12,7.348106225380899e-13,95031,KGHM,95030
2017-01-09,2.995048653531285e-12,7.311095891225614e-13,72671,KGHM,72670
2017-01-10,3.055333763768431e-12,6.997665155628583e-13,161800,KGHM,161799
2017-01-11,2.956523914576792e-12,7.275240428077054e-13,80447,KGHM,80446
2017-01-12,2.8674840280018543e-12,7.041138296793831e-13,114623,KGHM,114622
2017-01-13,2.848360436402686e-12,6.969961511454234e-13,69872,KGHM,69871
2017-01-16,2.8953506259199457e-12,6.956521452398327e-13,78573,KGHM,78572
2017-01-17,2.7793600754222325e-12,6.979760210104131e-13,69274,KGHM,69273
2017-01-18,2.8190783041281975e-12,6.641142091279313e-13,119697,KGHM,119696
2017-01-19,2.751576744230988e-12,6.681983610863779e-13,106227,KGHM,106226
2017-01-20,2.7395863355650363e-12,6.852917890671e-13,42898,KGHM,42897
2017-01-23,2.6596780333676406e-12,6.680290322571737e-13,41086,KGHM,41085
2017-01-24,2.8234081739242356e-12,6.771878286726834e-13,83529,KGHM,83528
2017-01-25,2.763012041384627e-12,6.641498461795838e-13,83415,KGHM,83414
2017-01-26,2.6827429167042283e-12,6.406657310601284e-13,93048,KGHM,93047
2017-01-27,2.7984281558701696e-12,6.069180516834713e-13,102004,KGHM,102003
2017-01-30,2.7633537819093945e-12,6.334888881066156e-13,74451,KGHM,74450
2017-01-31,2.7336466423832917e-12,6.293533146053299e-13,70014,KGHM,70013
2017-02-01,2.596145520783466e-12,6.181438072315147e-13,60130,KGHM,60129
2017-02-02,2.6585400547674e-12,6.394900993426984e-13,68638,KGHM,68637
2017-02-03,2.6765256677663274e-12,6.478473289322626e-13,63735,KGHM,63734
2017-02-06,2.781053165534786e-12,5.964818759512312e-13,52904,KGHM,52903
2017-02-07,2.5921487178948155e-12,6.468515867567323e-13,46907,KGHM,46906
2017-02-08,2.473798943469774e-12,6.610048477919368e-13,45980,KGHM,45979
2017-02-09,2.673639087902302e-12,6.429723497735574e-13,76997,KGHM,76996
2017-02-10,2.772670981698866e-12,6.421364951197475e-13,68724,KGHM,68723
2017-02-13,3.691408290151799e-12,9.82492645971121e-13,45640,KGHM,45639
2017-02-14,3.6848302187308946e-12,9.90710546746256e-13,62592,KGHM,62591
2017-02-15,2.7116087153444823e-12,6.256424131497652e-13,81788,KGHM,81787
2017-02-16,3.5711433810092785e-12,8.602305597620805e-13,59086,KGHM,59085
2017-02-17,3.417932603611007e-12,8.444049163093889e-13,74624,KGHM,74623
2017-02-20,3.657074643115266e-12,9.853411423663496e-13,25719,KGHM,25718
2017-02-21,3.5739883275098805e-12,9.424144853568643e-13,65967,KGHM,65966
2017-02-22,3.731681630370076e-12,9.895909414155438e-13,59012,KGHM,59011
2017-02-23,3.765654454923606e-12,1.000899017212831e-12,82471,KGHM,82470
2017-02-24,3.872596687770624e-12,9.834243854468434e-13,100323,KGHM,100322
2017-02-27,3.672617765460018e-12,9.82316596657804e-13,67982,KGHM,67981
2017-02-28,3.646638546683789e-12,9.532029738491681e-13,81256,KGHM,81255
2017-03-01,3.708588991457873e-12,9.716872378038979e-13,59226,KGHM,59225
2017-03-02,3.5633718198369024e-12,9.93927356639226e-13,51604,KGHM,51603
2017-03-03,3.685690641574979e-12,8.701173155305346e-13,59627,KGHM,59626
2017-03-06,2.6469937353112982e-12,6.271834530462419e-13,40862,KGHM,40861
2017-03-07,2.7069457786410567e-12,6.515697105381089e-13,114815,KGHM,114814
2017-03-08,2.7329249974172853e-12,6.674205181144431e-13,58293,KGHM,58292
2017-03-09,2.6673108166619386e-12,6.631014416451153e-13,81497,KGHM,81496
2017-03-10,2.7197410989998616e-12,6.407025758024204e-13,65573,KGHM,65572
2017-03-13,2.674450938489059e-12,6.769691551637471e-13,35650,KGHM,35649
2017-03-14,2.6586510770698624e-12,6.180578816300018e-13,93710,KGHM,93709
2017-03-15,2.7982061112652445e-12,6.297975127422756e-13,70069,KGHM,70068
2017-03-16,2.6976199052342054e-12,6.142986242506396e-13,61137,KGHM,61136
2017-03-17,3.596456465970732e-12,8.576096365591009e-13,64341,KGHM,64340
2017-03-20,2.5583979379462107e-12,6.181091419804574e-13,65203,KGHM,65202
2017-03-21,2.5917046286849654e-12,6.254661519485688e-13,59839,KGHM,59838
2017-03-22,2.793099085351969e-12,6.405640431689134e-13,69966,KGHM,69965
2017-03-23,2.6414426201881724e-12,6.188355948034615e-13,91665,KGHM,91664
2017-03-24,2.709388269295232e-12,6.291156273359017e-13,58779,KGHM,58778
2017-03-27,2.897349027364271e-12,6.490497768715634e-13,50904,KGHM,50903
2017-03-28,2.6518509610440333e-12,6.596569829154051e-13,35583,KGHM,35582
2017-03-29,2.80242495875882e-12,6.546893981010432e-13,82451,KGHM,82450
2017-03-30,2.581490576858414e-12,6.453419094066016e-13,66024,KGHM,66023
2017-03-31,2.7107205369247822e-12,6.544670800846462e-13,45600,KGHM,45599
2017-04-03,2.7475799413423374e-12,6.282535678152094e-13,37241,KGHM,37240
2017-04-04,2.6971758160243553e-12,6.438123702347756e-13,64672,KGHM,64671
2017-04-05,2.691125100540148e-12,6.368982470597038e-13,77421,KGHM,77420
2017-04-06,3.5145220067533955e-12,8.359608148253138e-13,57676,KGHM,57675
2017-04-07,3.643085833004989e-12,7.02045460974256e-13,58498,KGHM,58497
2017-04-10,3.353317623577823e-12,6.74135014475212e-13,53188,KGHM,53187
2017-04-11,2.6423307986078726e-12,6.587630548371993e-13,53858,KGHM,53857
2017-04-12,2.662203790748663e-12,6.51243577603478e-13,63069,KGHM,63068
2017-04-13,2.64221977630541e-12,6.540922118680677e-13,66701,KGHM,66700
2017-04-18,2.6703084188284265e-12,6.250412975454615e-13,63934,KGHM,63933
2017-04-19,2.711719737646945e-12,6.275470577311365e-13,78652,KGHM,78651
2017-04-20,2.7426949600339867e-12,6.180490773379361e-13,88824,KGHM,88823
2017-04-21,2.610356375498668e-12,6.073440719916272e-13,56966,KGHM,56965
2017-04-24,2.6745827774732334e-12,6.580386617637157e-13,32479,KGHM,32478
2017-04-25,2.7626789744772395e-12,6.226853281284336e-13,59184,KGHM,59183
2017-04-26,2.7363666887936233e-12,6.036703850422004e-13,72566,KGHM,72565
2017-04-27,2.5837110229076643e-12,6.247092257515115e-13,64903,KGHM,64902
2017-04-28,2.55262477821816e-12,6.138001905593616e-13,49522,KGHM,49521
2017-05-02,2.539302101922658e-12,6.486661933359615e-13,27237,KGHM,27236
2017-05-04,2.671252108399358e-12,6.498919096608923e-13,72122,KGHM,72121
2017-05-05,2.6929569685307797e-12,6.522379418214116e-13,88495,KGHM,88494
2017-05-08,2.804534382505608e-12,6.710027822125435e-13,111290,KGHM,111289
2017-05-09,2.7338131758369855e-12,6.622466999862843e-13,72269,KGHM,72268
2017-05-10,2.8701485632609547e-12,6.474225086109577e-13,73731,KGHM,73730
2017-05-11,2.787992059438693e-12,6.375748137993131e-13,81290,KGHM,81289
2017-05-12,2.844252611211573e-12,6.288794438799479e-13,79842,KGHM,79841
2017-05-15,2.737365889515786e-12,6.221917217512986e-13,60031,KGHM,60030
2017-05-16,2.5975888107154788e-12,6.003289000742264e-13,53491,KGHM,53490
2017-05-17,2.767341911180665e-12,6.660402960784658e-13,57070,KGHM,57069
2017-05-18,2.758904216193514e-12,6.560112400960632e-13,60728,KGHM,60727
2017-05-19,2.6585400547674e-12,6.276379496789988e-13,69831,KGHM,69830
2017-05-22,2.6166638300573197e-12,6.366226114090864e-13,54223,KGHM,54222
2017-05-23,2.7222113452296526e-12,6.709653856845183e-13,75673,KGHM,75672
2017-05-24,2.7116087153444823e-12,6.653053679485744e-13,98564,KGHM,98563
2017-05-25,2.9394264799975645e-12,6.539424030115417e-13,68289,KGHM,68288
2017-05-26,2.7973318106333522e-12,6.586517672089746e-13,74299,KGHM,74298
2017-05-29,2.8337332480532496e-12,7.189870388982201e-13,16811,KGHM,16810
2017-05-30,2.8030910925735952e-12,6.428706652817124e-13,47667,KGHM,47666
2017-05-31,2.7990942896849447e-12,6.592401777403356e-13,86099,KGHM,86098
2017-06-01,2.798539178172632e-12,6.726628799536347e-13,53096,KGHM,53095
2017-06-02,2.703171020357331e-12,6.606116939189705e-13,49593,KGHM,49592
2017-06-05,2.744027227663537e-12,7.034169913218005e-13,26606,KGHM,26605
2017-06-06,2.8590046996512797e-12,6.949994398157054e-13,43902,KGHM,43901
2017-06-07,2.8457236567192012e-12,6.45047431417811e-13,68071,KGHM,68070
2017-06-08,2.786659791809143e-12,6.706720110763409e-13,63868,KGHM,63867
2017-06-09,2.669087173501339e-12,6.640732739428445e-13,60723,KGHM,60722
2017-06-12,2.742084337370443e-12,6.50899381311519e-13,60156,KGHM,60155
2017-06-13,2.8179680811035723e-12,6.602076647937154e-13,45911,KGHM,45910
2017-06-14,2.759348305403364e-12,6.466630824688561e-13,31837,KGHM,31836
2017-06-16,2.797484466299238e-12,6.760784826152164e-13,42678,KGHM,42677
2017-06-19,2.8516078387497146e-12,6.902808914109787e-13,34156,KGHM,34155
2017-06-20,2.921662911603562e-12,6.832127378937491e-13,51260,KGHM,51259
2017-06-21,2.882832861317297e-12,6.608834948835408e-13,59695,KGHM,59694
2017-06-22,2.866595849582154e-12,6.640160235845692e-13,46794,KGHM,46793
2017-06-23,2.812527988282909e-12,6.594691241178621e-13,51166,KGHM,51165
2017-06-26,2.8173019472887972e-12,7.075076803570319e-13,27164,KGHM,27163
2017-06-27,2.864375403532904e-12,6.693472065904353e-13,64890,KGHM,64889
2017-06-28,2.7073898678509067e-12,6.65134156868941e-13,68444,KGHM,68443
2017-06-29,2.5941471193391408e-12,6.466974741727852e-13,32504,KGHM,32503
2017-06-30,2.8335112034483245e-12,6.659602960138078e-13,32492,KGHM,32491
2017-07-03,2.745803584502937e-12,7.036153959280698e-13,52320,KGHM,52319
2017-07-04,2.717381875072533e-12,6.732321154288191e-13,35808,KGHM,35807
2017-07-05,2.7249313916399842e-12,6.316604009436295e-13,36694,KGHM,36693
2017-07-06,2.6716406864579767e-12,6.666775507409657e-13,38123,KGHM,38122
2017-07-07,2.9061197892588098e-12,6.834402946964171e-13,56442,KGHM,56441
2017-07-10,2.7675639557855902e-12,6.597126949470498e-13,29447,KGHM,29446
2017-07-11,2.779554364451542e-12,6.907479951450594e-13,32907,KGHM,32906
2017-07-12,2.8151994624359133e-12,6.984292293712311e-13,47006,KGHM,47005
2017-07-13,2.773115070908716e-12,6.637821660988059e-13,46510,KGHM,46509
2017-07-14,2.673417043297377e-12,6.551494127978794e-13,38979,KGHM,38978
2017-07-17,2.7086111131779944e-12,6.504862668868475e-13,49781,KGHM,49780
2017-07-18,2.626149298023961e-12,6.421754980751844e-13,46257,KGHM,46256
2017-07-19,2.7040591987770313e-12,6.446527348865595e-13,30352,KGHM,30351
2017-07-20,2.7320368189975852e-12,6.541697372324106e-13,67496,KGHM,67495
2017-07-21,2.6982860390489805e-12,6.338972443207737e-13,59731,KGHM,59730
2017-07-24,2.7831070781303424e-12,6.364290145547348e-13,41793,KGHM,41792
2017-07-25,2.688516076432279e-12,6.548716212271308e-13,51131,KGHM,51130
2017-07-26,2.7777780076121417e-12,6.434644471934763e-13,57461,KGHM,57460
2017-07-27,2.547517752304884e-12,6.462897053503108e-13,39557,KGHM,39556
2017-07-28,2.692263079140389e-12,6.638841480876261e-13,35678,KGHM,35677
2017-07-31,2.658318010162475e-12,6.538477788107549e-13,49497,KGHM,49496
2017-08-01,2.823297151621773e-12,6.153323861838317e-13,41087,KGHM,41086
2017-08-02,2.842837076855176e-12,6.279616079410136e-13,38801,KGHM,38800
2017-08-03,2.8035351817834453e-12,6.69201517289414e-13,56455,KGHM,56454
2017-08-04,2.76667577736589e-12,6.637046515026493e-13,30510,KGHM,30509
2017-08-07,2.7093327581440008e-12,6.282915756928828e-13,42449,KGHM,42448
2017-08-08,2.6236235406429387e-12,6.521775671842234e-13,64549,KGHM,64548
2017-08-09,2.6663671270910072e-12,6.284063535904679e-13,51458,KGHM,51457
2017-08-10,2.652988939644274e-12,6.212008266035603e-13,39774,KGHM,39773
2017-08-11,2.6783020246057276e-12,6.638725795270294e-13,34239,KGHM,34238
2017-08-14,2.668087972779176e-12,6.390670872723569e-13,30918,KGHM,30917
2017-08-16,2.7713387140693158e-12,6.404944433102596e-13,62039,KGHM,62038
2017-08-17,2.7567947924467262e-12,6.500160387503216e-13,40556,KGHM,40555
2017-08-18,2.7970958882406194e-12,6.489293192980245e-13,71190,KGHM,71189
2017-08-21,2.7848834349697427e-12,6.312124768803309e-13,27275,KGHM,27274
2017-08-22,2.734812376559148e-12,6.519798203994708e-13,42573,KGHM,42572
2017-08-23,2.7288171722261723e-12,6.163741182205386e-13,38091,KGHM,38090
2017-08-24,2.62367905179417e-12,6.438342628050143e-13,34141,KGHM,34140
2017-08-25,2.667421838964401e-12,6.255111228189767e-13,43546,KGHM,43545
2017-08-28,2.557176692619123e-12,6.147999685856134e-13,37588,KGHM,37587
2017-08-29,2.7120528045543324e-12,6.380976793736659e-13,43260,KGHM,43259
2017-08-30,2.592343006924125e-12,6.224650320079623e-13,59697,KGHM,59696
2017-08-31,2.6345592374354965e-12,6.349814705460678e-13,44206,KGHM,44205
2017-09-01,2.655320407995987e-12,6.123915153752577e-13,35659,KGHM,35658
2017-09-04,3.2849001296852975e-12,6.859914378233145e-13,22394,KGHM,22393
2017-09-05,3.754108135467504e-12,1.0022867343990979e-12,53129,KGHM,53128
2017-09-06,3.9612757518625585e-12,9.244659128004688e-13,57774,KGHM,57773
2017-09-07,2.653877118063974e-12,6.390248624423964e-13,65517,KGHM,65516
2017-09-08,2.738254067935486e-12,6.370890449752484e-13,72583,KGHM,72582
2017-09-11,2.6132429553626935e-12,6.233020618667693e-13,38972,KGHM,38971
2017-09-12,2.71790923100923e-12,6.145503622287605e-13,58709,KGHM,58708
2017-09-13,2.693539835618708e-12,6.619323594046755e-13,60919,KGHM,60918
2017-09-14,2.672972954087527e-12,6.57457386421842e-13,45428,KGHM,45427
2017-09-15,2.8449465006019636e-12,6.698391269973122e-13,55553,KGHM,55552
2017-09-18,2.698230527897749e-12,6.277206350029098e-13,31416,KGHM,31415
2017-09-19,2.780664587476167e-12,6.730847959679793e-13,21123,KGHM,21122
2017-09-20,2.591218906111692e-12,6.144463756812102e-13,20105,KGHM,20104
2017-09-21,2.743583138453687e-12,6.583049535994325e-13,54153,KGHM,54152
2017-09-22,2.6280644327414393e-12,6.502684419513471e-13,44856,KGHM,44855
2017-09-25,2.6894042548519792e-12,6.740156628413585e-13,37233,KGHM,37232
2017-09-26,2.7702284910446906e-12,6.685046184669757e-13,41756,KGHM,41755
2017-09-27,2.747024829830025e-12,6.731874631052383e-13,40443,KGHM,40442
2017-09-28,2.636835194635978e-12,6.511773109197642e-13,29830,KGHM,29829
2017-09-29,2.6504354266876362e-12,6.504271975393189e-13,29429,KGHM,29428
2017-10-02,2.660094367001875e-12,6.152480593351311e-13,45305,KGHM,45304
2017-10-03,2.74724687443495e-12,6.334657967486657e-13,44102,KGHM,44101
2017-10-04,2.7267077484793845e-12,6.297715018223783e-13,52594,KGHM,52593
2017-10-05,2.674374610656116e-12,6.457036867973226e-13,75045,KGHM,75044
2017-10-06,2.6862956303830288e-12,6.003639180213336e-13,58748,KGHM,58747
2017-10-09,2.5938140524317532e-12,6.187910839841549e-13,41338,KGHM,41337
2017-10-10,2.8199664825478976e-12,6.461970160597601e-13,40126,KGHM,40125
2017-10-11,2.6787461138155777e-12,6.227799831144457e-13,47536,KGHM,47535
2017-10-12,2.6054713941903174e-12,6.226048247303004e-13,36200,KGHM,36199
2017-10-13,2.8108626537459713e-12,6.339020998807063e-13,70608,KGHM,70607
2017-10-16,2.6967317268145052e-12,6.516432186410786e-13,54558,KGHM,54557
2017-10-17,2.6045832157706172e-12,6.537155146784992e-13,42782,KGHM,42781
2017-10-18,2.72915023913356e-12,6.626091325448603e-13,53585,KGHM,53584
2017-10-19,2.702282841937631e-12,5.957343511173791e-13,74598,KGHM,74597
2017-10-20,2.3883117705736367e-12,6.145310188537983e-13,28311,KGHM,28310
2017-10-23,2.758682171588589e-12,6.426951835618203e-13,39796,KGHM,39795
2017-10-24,2.6665891716959322e-12,6.35077474764955e-13,83438,KGHM,83437
2017-10-25,2.7211566333562587e-12,6.107637070104044e-13,50845,KGHM,50844
2017-10-26,2.7792212975441544e-12,6.522529027725566e-13,47867,KGHM,47866
2017-10-27,2.654779174271482e-12,6.633526228346594e-13,57619,KGHM,57618
2017-10-30,2.736477711096086e-12,6.62523583834051e-13,20433,KGHM,20432
2017-10-31,2.696287637604655e-12,6.594938860155041e-13,25322,KGHM,25321
2017-11-02,2.6707455691443727e-12,6.528324128258255e-13,38124,KGHM,38123
2017-11-03,2.424727085781342e-12,6.56487031391869e-13,20438,KGHM,20437
2017-11-06,2.532196674565057e-12,6.492412602457348e-13,32709,KGHM,32708
2017-11-07,2.6371127503921343e-12,6.271652965679276e-13,52999,KGHM,52998
2017-11-08,2.7498003873915877e-12,6.441380475250776e-13,38702,KGHM,38701
2017-11-09,2.807296062279363e-12,6.343204921617646e-13,41230,KGHM,41229
2017-11-10,2.594369163944066e-12,6.289737665127809e-13,33424,KGHM,33423
2017-11-13,2.60304278132395e-12,6.583862992216866e-13,36248,KGHM,36247
2017-11-14,2.7234881017079715e-12,6.490088035805693e-13,33429,KGHM,33428
2017-11-15,2.8959057374322583e-12,6.494631288178193e-13,84927,KGHM,84926
2017-11-16,2.7267077484793845e-12,6.68568501175011e-13,46453,KGHM,46452
2017-11-17,2.834454893019256e-12,6.656044628885182e-13,33661,KGHM,33660
2017-11-20,2.6121327323380683e-12,6.366851082685589e-13,31961,KGHM,31960
2017-11-21,2.7712276917668532e-12,6.363959470220525e-13,40820,KGHM,40819
2017-11-22,2.595257342363766e-12,6.736206132114137e-13,29208,KGHM,29207
2017-11-23,2.7073898678509067e-12,6.646703771550359e-13,29195,KGHM,29194
2017-11-24,2.821354261328679e-12,6.669854523941847e-13,29255,KGHM,29254
2017-11-27,2.7236962685250887e-12,6.52275538449521e-13,31764,KGHM,31763
2017-11-28,2.7995383788947947e-12,7.008951699246818e-13,53316,KGHM,53315
2017-11-29,2.8776980798284058e-12,7.011640822933191e-13,50812,KGHM,50811
2017-11-30,2.866373804977229e-12,6.882025616651542e-13,44059,KGHM,44058
2017-12-01,2.965183654168868e-12,7.005676586229241e-13,50071,KGHM,50070
2017-12-04,2.949196442614266e-12,7.014120755756012e-13,34991,KGHM,34990
2017-12-05,2.9385383015778643e-12,7.187365872801884e-13,68967,KGHM,68966
2017-12-06,2.972733170736319e-12,7.00142913395745e-13,77625,KGHM,77624
2017-12-07,3.057554209817681e-12,7.309409862585231e-13,68332,KGHM,68331
2017-12-08,2.878586258248106e-12,6.981005230614553e-13,39330,KGHM,39329
2017-12-11,2.9760881259388583e-12,7.354553295935594e-13,30368,KGHM,30367
2017-12-12,2.786659791809143e-12,6.741658949996092e-13,41394,KGHM,41393
2017-12-13,2.896682893549496e-12,7.142253004290345e-13,33430,KGHM,33429
2017-12-14,2.7542412794900883e-12,7.195636922677501e-13,34828,KGHM,34827
2017-12-15,2.900180096077065e-12,6.974166743075716e-13,43944,KGHM,43943
2017-12-18,2.8747282332375335e-12,6.850272405055264e-13,26398,KGHM,26397
2017-12-19,2.772004847884091e-12,7.349230100887504e-13,34229,KGHM,34228
2017-12-20,2.8431701437625634e-12,6.622360464450454e-13,36752,KGHM,36751
2017-12-21,2.8549940189748213e-12,6.607149887728788e-13,36665,KGHM,36664
2017-12-22,2.7837732119451175e-12,6.862705519727649e-13,24103,KGHM,24102
2017-01-02,3.4559022310531873e-12,8.378558144193633e-13,21789,PEKAO,21788
2017-01-03,3.580247209811205e-12,9.665700793201753e-13,40632,PEKAO,40631
2017-01-04,3.6259883984257613e-12,9.808275820544028e-13,45496,PEKAO,45495
2017-01-05,3.5860828195843908e-12,9.855657523761474e-13,20702,PEKAO,20701
2017-01-09,4.209216308836972e-12,9.9965103408247e-13,42020,PEKAO,42019
2017-01-10,3.932298930919842e-12,1.0018774965616507e-12,32375,PEKAO,32374
2017-01-11,3.4511005164716835e-12,9.43841797973023e-13,18503,PEKAO,18502
2017-01-12,3.6983749396313215e-12,8.822297239577865e-13,37031,PEKAO,37030
2017-01-13,3.61710661422876e-12,9.06550062162202e-13,19933,PEKAO,19932
2017-01-16,3.582023566650605e-12,9.038273792316705e-13,58121,PEKAO,58120
2017-01-17,3.539613047109924e-12,9.88371108548271e-13,20461,PEKAO,20460
2017-01-18,3.7196912217041245e-12,9.434219575595236e-13,27391,PEKAO,27390
2017-01-19,3.905972767448418e-12,9.657015501708717e-13,21610,PEKAO,21609
2017-01-20,3.421429806138576e-12,9.899038525847577e-13,21168,PEKAO,21167
2017-01-23,3.4860170305961447e-12,9.77556485346244e-13,14133,PEKAO,14132
2017-01-24,3.6628478028433165e-12,1.0067776569395574e-12,17618,PEKAO,17617
2017-01-25,3.835265438567603e-12,9.426805569408185e-13,37667,PEKAO,37666
2017-01-26,3.5823011224067614e-12,9.150676746234706e-13,36698,PEKAO,36697
2017-01-27,3.4906522117239547e-12,9.243224721151788e-13,33714,PEKAO,33713
2017-01-30,3.532729664357248e-12,9.166687212189268e-13,38621,PEKAO,38620
2017-01-31,3.3886227157609028e-12,9.183781756892651e-13,26584,PEKAO,26583
2017-02-01,3.575806317712704e-12,9.472314641616673e-13,30884,PEKAO,30883
2017-02-02,3.517186542012496e-12,9.329910674066937e-13,17425,PEKAO,17424
2017-02-03,3.482103494434341e-12,9.618507475285665e-13,34662,PEKAO,34661
2017-02-06,3.5546010579423637e-12,9.041893835018505e-13,38037,PEKAO,38036
2017-02-07,3.432809592140984e-12,8.756488354562356e-13,28807,PEKAO,28806
2017-02-08,3.5880465265591965e-12,9.188040845238539e-13,24679,PEKAO,24678
2017-02-09,3.649858193455202e-12,9.13650961237703e-13,44644,PEKAO,44643
2017-02-10,3.518296765037121e-12,9.24840962979769e-13,30093,PEKAO,30092
2017-02-13,3.348876731479322e-12,9.066807489581688e-13,30700,PEKAO,30699
2017-02-14,3.5864644587491057e-12,8.817206693084467e-13,25446,PEKAO,25445
2017-02-15,3.4725555764225646e-12,9.353465129743324e-13,27825,PEKAO,27824
2017-02-16,3.4141578453272814e-12,9.254597700955882e-13,29300,PEKAO,29299
2017-02-17,3.4425795547576854e-12,8.930417142391936e-13,41212,PEKAO,41211
2017-02-20,3.311129148642067e-12,9.115265090356115e-13,16746,PEKAO,16745
2017-02-21,3.419708960450407e-12,9.226275762020381e-13,25944,PEKAO,25943
2017-02-22,3.4335867482582216e-12,9.159892856715138e-13,31091,PEKAO,31090
2017-02-23,3.6197711494878604e-12,9.085325779952647e-13,32912,PEKAO,32911
2017-02-24,3.413602733814969e-12,9.428973633866942e-13,38293,PEKAO,38292
2017-02-27,3.485767230415604e-12,9.116508575089145e-13,19605,PEKAO,19604
2017-02-28,3.53005125131034e-12,8.636407762385204e-13,34835,PEKAO,34834
2017-03-01,3.3372749008719893e-12,8.51652116951905e-13,33559,PEKAO,33558
2017-03-02,3.341771304121721e-12,9.111824724025783e-13,30558,PEKAO,30557
2017-03-03,3.603783937933258e-12,8.879588160354489e-13,29716,PEKAO,29715
2017-03-06,3.4923175462608924e-12,9.311951908817255e-13,26993,PEKAO,26992
2017-03-07,3.4315883468138964e-12,9.06953420869498e-13,26484,PEKAO,26483
2017-03-08,3.4148239791420565e-12,9.179260190365299e-13,30363,PEKAO,30362
2017-03-09,3.639116785691954e-12,9.84868939510427e-13,49707,PEKAO,49706
2017-03-10,3.5473846082823e-12,9.295290491725945e-13,31371,PEKAO,31370
2017-03-13,3.5935698861067067e-12,9.33216330297483e-13,37270,PEKAO,37269
2017-03-14,3.606781540099746e-12,9.324355408398068e-13,42508,PEKAO,42507
2017-03-15,3.5853542357244805e-12,9.236223553613546e-13,39308,PEKAO,39307
2017-03-16,3.600938991432656e-12,9.046907731286311e-13,33188,PEKAO,33187
2017-03-17,3.401612325149017e-12,9.221627936783091e-13,29073,PEKAO,29072
2017-03-20,3.256062086620659e-12,9.01851194186892e-13,13466,PEKAO,13465
2017-03-21,3.3943958754889536e-12,9.278837498266447e-13,38154,PEKAO,38153
2017-03-22,3.575362228502854e-12,9.615472373476644e-13,35799,PEKAO,35798
2017-03-23,3.5456082514429e-12,9.478431219625141e-13,28554,PEKAO,28553
2017-03-24,3.3607283622671957e-12,9.21081996340766e-13,16001,PEKAO,16000
2017-03-27,3.6060043839825084e-12,9.252561248642138e-13,20635,PEKAO,20634
2017-03-28,3.531397396727698e-12,9.44109382241163e-13,19440,PEKAO,19439
2017-03-29,3.887057342666367e-12,9.794867435512715e-13,21984,PEKAO,21983
2017-03-30,3.4559022310531873e-12,9.639119422760698e-13,25275,PEKAO,25274
2017-03-31,3.5392799802025365e-12,9.61204540864856e-13,21199,PEKAO,21198
2017-04-03,3.5278446830488974e-12,9.544015970931554e-13,24001,PEKAO,24000
2017-04-04,3.4707792195831644e-12,9.608600771921603e-13,21546,PEKAO,21545
2017-04-05,3.774758283725532e-12,9.35640123732746e-13,20353,PEKAO,20352
2017-04-06,3.6204372833026355e-12,9.50695554196387e-13,15014,PEKAO,15013
2017-04-07,3.676170479138818e-12,9.647593684633971e-13,27698,PEKAO,27697
2017-04-10,3.566036355096003e-12,9.157383272059656e-13,28591,PEKAO,28590
2017-04-11,3.476552379311215e-12,9.134253194678975e-13,27400,PEKAO,27399
2017-04-12,3.580247209811205e-12,9.310075634841346e-13,42632,PEKAO,42631
2017-04-13,3.661959624423616e-12,9.87716953964798e-13,24909,PEKAO,24908
2017-04-18,3.4927616354707425e-12,9.119828311141236e-13,32320,PEKAO,32319
2017-04-19,3.707256723828323e-12,9.19566689124257e-13,47922,PEKAO,47921
2017-04-20,3.5037528434145315e-12,9.678196489632279e-13,38120,PEKAO,38119
2017-04-21,3.460565167756613e-12,9.186962530086524e-13,36099,PEKAO,36098
2017-04-24,3.65019126036259e-12,1.015339308934633e-12,18543,PEKAO,18542
2017-04-25,3.5558223032694514e-12,9.650705235108903e-13,50760,PEKAO,50759
2017-04-26,3.5429437161837996e-12,8.796620506288997e-13,62042,PEKAO,62041
2017-04-27,3.5509373219611007e-12,9.042555395140728e-13,30023,PEKAO,30022
2017-04-28,3.5855762803294056e-12,9.022267055867593e-13,31761,PEKAO,31760
2017-05-02,3.2671643168669107e-12,8.796362234368063e-13,15880,PEKAO,15879
2017-05-04,3.6415315207705135e-12,9.48543608395787e-13,47056,PEKAO,47055
2017-05-05,3.4778846469407654e-12,9.004657540562554e-13,34727,PEKAO,34726
2017-05-08,3.5924596630820815e-12,9.199998541655616e-13,20254,PEKAO,20253
2017-05-09,3.4688918404413016e-12,8.962372426670201e-13,32655,PEKAO,32654
2017-05-10,3.695245498480659e-12,9.245521890597038e-13,64411,PEKAO,64410
2017-05-11,3.4416913763379853e-12,9.256967391419359e-13,23926,PEKAO,23925
2017-05-12,3.433475725955759e-12,8.79566649621938e-13,37092,PEKAO,37091
2017-05-15,3.648192858918264e-12,8.614870492133604e-13,22435,PEKAO,22434
2017-05-16,3.381350754949608e-12,8.965128505299555e-13,30621,PEKAO,30620
2017-05-17,3.3226754680981685e-12,9.010444630768118e-13,44598,PEKAO,44597
2017-05-18,3.5212388560523777e-12,9.008734488619018e-13,32748,PEKAO,32747
2017-05-19,3.5837999234900053e-12,9.29480426354351e-13,22617,PEKAO,22616
2017-05-22,3.4899860779091796e-12,9.252603878572655e-13,43658,PEKAO,43657
2017-05-23,3.4175995367036194e-12,9.216532995741863e-13,32572,PEKAO,32571
2017-05-24,3.5695821298808994e-12,8.983133548285683e-13,32719,PEKAO,32718
2017-05-25,3.3790747977491264e-12,9.074481149602267e-13,40561,PEKAO,40560
2017-05-26,3.3886504713365184e-12,9.105475150244857e-13,36194,PEKAO,36193
2017-05-29,3.65196761720199e-12,9.37337118917577e-13,5104,PEKAO,5103
2017-05-30,3.636924095218319e-12,9.440076662408464e-13,17863,PEKAO,17862
2017-05-31,3.6053382501677333e-12,8.906028218981515e-13,48592,PEKAO,48591
2017-06-01,3.5651481766763027e-12,9.02164459864934e-13,21132,PEKAO,21131
2017-06-02,3.545386206837975e-12,9.19243947741164e-13,23835,PEKAO,23834
2017-06-05,3.7061465008036976e-12,9.34692524884544e-13,43791,PEKAO,43790
2017-06-06,3.6632918920531665e-12,9.993834714347442e-13,45501,PEKAO,45500
2017-06-07,3.813172000377563e-12,9.288216166994774e-13,58668,PEKAO,58667
2017-06-08,3.467004461299439e-12,9.713304878855336e-13,21771,PEKAO,21770
2017-06-09,3.4759417566476714e-12,9.288014634954071e-13,25895,PEKAO,25894
2017-06-12,3.5340619319867983e-12,9.571777104903815e-13,41352,PEKAO,41351
2017-06-13,3.631317468943962e-12,9.927991251052493e-13,40917,PEKAO,40916
2017-06-14,3.736455589375964e-12,9.892713442484814e-13,63423,PEKAO,63422
2017-06-16,3.5478286974921502e-12,1.0001307014835306e-12,37976,PEKAO,37975
2017-06-19,3.7767566851698575e-12,1.0187984624576478e-12,32575,PEKAO,32574
2017-06-20,2.724043213220284e-12,6.403450205324152e-13,23205,PEKAO,23204
2017-06-21,2.664424236797913e-12,6.697715653130599e-13,20514,PEKAO,20513
2017-06-22,2.7110536038321698e-12,6.298360343729631e-13,39166,PEKAO,39165
2017-06-23,2.6550428522398306e-12,6.288594298243948e-13,15620,PEKAO,15619
2017-06-26,2.6263435870532703e-12,6.211437404729308e-13,28588,PEKAO,28587
2017-06-27,2.737587934120711e-12,6.139522150533807e-13,19016,PEKAO,19015
2017-06-28,2.5726087926614127e-12,6.512889974745518e-13,16350,PEKAO,16349
2017-06-29,2.6352253712502716e-12,6.220174047035984e-13,27005,PEKAO,27004
2017-06-30,2.566447054874743e-12,6.581765201929511e-13,11619,PEKAO,11618
2017-07-03,2.684491517968013e-12,6.475318649640261e-13,9904,PEKAO,9903
2017-07-04,2.533084852984757e-12,5.894331593922371e-13,14418,PEKAO,14417
2017-07-05,2.6507684935950238e-12,6.220002406035709e-13,34604,PEKAO,34603
2017-07-06,2.69606559299973e-12,6.49511262095199e-13,22099,PEKAO,22098
2017-07-07,2.6973978606292803e-12,6.468962143923374e-13,13964,PEKAO,13963
2017-07-10,2.433608869978343e-12,6.26593491153018e-13,18531,PEKAO,18530
2017-07-11,2.524869202602531e-12,6.278796259519775e-13,26377,PEKAO,26376
2017-07-12,3.5336178427769482e-12,7.716110632032261e-13,19849,PEKAO,19848
2017-07-13,3.729822006803829e-12,1.006406129031159e-12,31209,PEKAO,31208
2017-07-14,3.7263525598518754e-12,9.63735217958034e-13,21237,PEKAO,21236
2017-07-17,3.8561931425817875e-12,9.803935423365816e-13,17369,PEKAO,17368
2017-07-18,3.737427034522511e-12,9.927346737137449e-13,21442,PEKAO,21441
2017-07-19,3.5562663924793014e-12,1.0061157239461928e-12,11173,PEKAO,11172
2017-07-20,3.692379735298346e-12,1.007214264824886e-12,16108,PEKAO,16107
2017-07-21,3.5578207047137766e-12,1.0002149751620415e-12,16248,PEKAO,16247
2017-07-24,2.5930368963145156e-12,6.267890813313642e-13,22167,PEKAO,22166
2017-07-25,3.6210479059661793e-12,9.39100236965076e-13,29804,PEKAO,29803
2017-07-26,3.942624005048856e-12,9.58372389878389e-13,25614,PEKAO,25613
2017-07-27,2.814415367424772e-12,6.320626508976316e-13,17157,PEKAO,17156
2017-07-28,2.6530444507955053e-12,5.999526941413882e-13,13247,PEKAO,13246
2017-07-31,3.5805802767185924e-12,9.154578825108935e-13,26713,PEKAO,26712
2017-08-01,3.5733083159072976e-12,6.553250085132227e-13,25502,PEKAO,25501
2017-08-02,3.6630698474482415e-12,9.810210773445326e-13,34014,PEKAO,34013
2017-08-03,2.642608354364029e-12,6.53964539004036e-13,16130,PEKAO,16129
2017-08-04,2.4976132273479834e-12,6.357877891944843e-13,11720,PEKAO,11719
2017-08-07,3.7407021924451556e-12,9.48311179247432e-13,11963,PEKAO,11962
2017-08-08,3.6131098113401094e-12,9.702040563598526e-13,19276,PEKAO,19275
2017-08-09,3.654854197066015e-12,7.413669896903677e-13,22255,PEKAO,22254
2017-08-10,3.5726976932437537e-12,9.735808915678023e-13,17465,PEKAO,17464
2017-08-11,3.5407232701345492e-12,8.746114894082257e-13,7424,PEKAO,7423
2017-08-14,3.551825500380801e-12,9.899609507002226e-13,8253,PEKAO,8252
2017-08-16,3.5977887336002823e-12,7.532094265168129e-13,11434,PEKAO,11433
2017-08-17,2.679321174647864e-12,6.527771156236667e-13,18612,PEKAO,18611
2017-08-18,2.7024910087547482e-12,6.287742538788811e-13,27681,PEKAO,27680
2017-08-21,2.5777158185746885e-12,6.352260430405312e-13,13712,PEKAO,13711
2017-08-22,2.683797628577622e-12,6.401088810292584e-13,12002,PEKAO,12001
2017-08-23,2.654654274181212e-12,6.547200352378117e-13,18773,PEKAO,18772
2017-08-24,2.6157964683193313e-12,6.643544994867003e-13,21915,PEKAO,21914
2017-08-25,2.49680831565513e-12,6.553688591552628e-13,16946,PEKAO,16945
2017-08-28,2.5859314689569146e-12,6.332858393331855e-13,21268,PEKAO,21267
2017-08-29,2.630770601363963e-12,6.370028740174846e-13,23255,PEKAO,23254
2017-08-30,3.630429290524262e-12,8.778849952540439e-13,24387,PEKAO,24386
2017-08-31,2.652322805829499e-12,6.452549905797705e-13,18000,PEKAO,17999
2017-09-01,2.601918680511517e-12,6.600090409361527e-13,11119,PEKAO,11118
2017-09-04,3.4492408929054363e-12,7.760808434752119e-13,14067,PEKAO,14066
2017-09-05,3.743880205853145e-12,9.980660044109006e-13,11656,PEKAO,11655
2017-09-06,3.602895759513558e-12,9.7566778440218e-13,17560,PEKAO,17559
2017-09-07,3.3217872896784684e-12,7.60549121562103e-13,33359,PEKAO,33358
2017-09-08,2.6405544417684723e-12,6.165569809653494e-13,33033,PEKAO,33032
2017-09-11,3.6252112423085237e-12,8.642595870591955e-13,21499,PEKAO,21498
2017-09-12,3.596234421365807e-12,9.879414816786952e-13,31518,PEKAO,31517
2017-09-13,3.6011194026741578e-12,9.77695605016738e-13,22764,PEKAO,22763
2017-09-14,3.490541189421492e-12,9.47460489409104e-13,19485,PEKAO,19484
2017-09-15,3.5478286974921502e-12,9.156139546724588e-13,19936,PEKAO,19935
2017-09-18,3.576555718254326e-12,9.363661978034316e-13,17917,PEKAO,17916
2017-09-19,3.412159443882956e-12,9.34518247825337e-13,10472,PEKAO,10471
2017-09-20,3.4625635692009382e-12,1.0060487113203005e-12,24121,PEKAO,24120
2017-09-21,3.5720315594289787e-12,9.355561711782623e-13,12456,PEKAO,12455
2017-09-22,3.6018965587913954e-12,8.552911148238131e-13,13577,PEKAO,13576
2017-09-25,3.3031355428647657e-12,6.523869301952732e-13,12623,PEKAO,12622
2017-09-26,2.6219026949547697e-12,6.547121400186939e-13,14365,PEKAO,14364
2017-09-27,2.4946711363327267e-12,6.157208333883179e-13,12760,PEKAO,12759
2017-09-28,2.69473332537018e-12,6.434568083351972e-13,28773,PEKAO,28772
2017-09-29,3.4971192608423962e-12,7.689488447038948e-13,21282,PEKAO,21281
2017-10-02,3.533173753567098e-12,7.009365876721146e-13,26224,PEKAO,26223
2017-10-03,2.5855498297921997e-12,6.424111947642538e-13,17762,PEKAO,17761
2017-10-04,2.495337270147502e-12,6.30944470806238e-13,17919,PEKAO,17918
2017-10-05,2.573052881871263e-12,6.542610836437833e-13,33562,PEKAO,33561
2017-10-06,2.769895424137303e-12,6.363435350332001e-13,27514,PEKAO,27513
2017-10-09,2.5830448890928892e-12,6.142240222744718e-13,17690,PEKAO,17689
2017-10-10,2.5902058276017215e-12,6.650075370075649e-13,23476,PEKAO,23475
2017-10-11,3.2399638527635943e-12,6.4849700020863e-13,28412,PEKAO,28411
2017-10-12,3.589573083218056e-12,7.828505581767639e-13,25988,PEKAO,25987
2017-10-13,3.591238417754994e-12,9.832074821282808e-13,43957,PEKAO,43956
2017-10-16,3.4482416921832737e-12,9.487425481792134e-13,26739,PEKAO,26738
2017-10-17,2.567945855957987e-12,6.280053112234837e-13,17728,PEKAO,17727
2017-10-18,2.6989521728637555e-12,6.203223364186634e-13,15370,PEKAO,15369
2017-10-19,2.616129535226719e-12,6.404205844244966e-13,19357,PEKAO,19356
2017-10-20,2.547295707699959e-12,6.615457411250966e-13,15351,PEKAO,15350
2017-10-23,2.595923476178541e-12,6.005612085123477e-13,18002,PEKAO,18001
2017-10-24,2.7968738436356944e-12,6.584866351227127e-13,89737,PEKAO,89736
2017-10-25,2.7147173398134328e-12,6.958524432118658e-13,24479,PEKAO,24478
2017-10-26,2.7609026176378393e-12,6.922409077117529e-13,24057,PEKAO,24056
2017-10-27,2.78432832345743e-12,6.87468543387682e-13,16383,PEKAO,16382
2017-10-30,2.6205704273252195e-12,6.537693718596826e-13,17401,PEKAO,17400
2017-10-31,2.688071987222429e-12,6.962314804160814e-13,13481,PEKAO,13480
2017-11-02,2.674527266322002e-12,6.849972233299442e-13,14026,PEKAO,14025
2017-11-03,2.6302293676394584e-12,6.586400788832536e-13,17839,PEKAO,17838
2017-11-06,2.634448215133034e-12,6.715620924410827e-13,18554,PEKAO,18553
2017-11-07,2.617017713646419e-12,6.38389806056412e-13,33252,PEKAO,33251
2017-11-08,2.596589609993316e-12,6.263860337129552e-13,31768,PEKAO,31767
2017-11-09,2.661898479416891e-12,6.677498405243019e-13,25474,PEKAO,25473
2017-11-10,2.6201263381153694e-12,6.628936284924881e-13,23024,PEKAO,23023
2017-11-13,2.6219026949547697e-12,6.482705977626946e-13,14545,PEKAO,14544
2017-11-14,2.3510082769462315e-12,6.165611579687335e-13,17965,PEKAO,17964
2017-11-15,2.601099891030856e-12,6.179015036356999e-13,16578,PEKAO,16577
2017-11-16,2.6069632563796574e-12,6.505090050038818e-13,20842,PEKAO,20841
2017-11-17,2.7066821006727082e-12,6.524905691111661e-13,15002,PEKAO,15001
2017-11-20,2.510436303282404e-12,6.404769969253111e-13,17293,PEKAO,17292
2017-11-21,3.603187193057522e-12,6.657537726912739e-13,49646,PEKAO,49645
2017-11-22,3.5301761514006103e-12,9.666697947396035e-13,21820,PEKAO,21819
2017-11-23,3.675282300719118e-12,9.80878781669228e-13,30053,PEKAO,30052
2017-11-24,3.7093661475751105e-12,9.257300837778878e-13,23698,PEKAO,23697
2017-11-27,4.019007349143067e-12,9.966931497656957e-13,25182,PEKAO,25181
2017-11-28,3.678390925188069e-12,9.632069089142952e-13,23273,PEKAO,23272
2017-11-29,3.610667320685934e-12,9.574835088350148e-13,20564,PEKAO,20563
2017-11-30,3.4798830483850907e-12,9.377981083021348e-13,21573,PEKAO,21572
2017-12-01,3.3831826229402395e-12,7.389304536734307e-13,35193,PEKAO,35192
2017-12-04,2.5135449277513544e-12,6.717047601643044e-13,16545,PEKAO,16544
2017-12-05,3.3203439997464557e-12,7.565412925917199e-13,16741,PEKAO,16740
2017-12-06,2.6070257064247926e-12,6.359287752637028e-13,29871,PEKAO,29870
2017-12-07,2.7178259642823832e-12,6.395396837573177e-13,32248,PEKAO,32247
2017-12-08,2.560618383995461e-12,6.365300214053579e-13,19438,PEKAO,19437
2017-12-11,2.77594613962151e-12,6.395878241272203e-13,27462,PEKAO,27461
2017-12-12,2.637223772694597e-12,6.578314746268559e-13,34763,PEKAO,34762
2017-12-13,2.5780211299064604e-12,6.226809722818131e-13,16855,PEKAO,16854
2017-12-14,3.320010932839068e-12,7.298539369209305e-13,14908,PEKAO,14907
2017-12-15,3.620770350210023e-12,9.628093464189777e-13,23771,PEKAO,23770
2017-12-18,3.717249598411687e-12,9.93995323672809e-13,19103,PEKAO,19102
2017-12-19,3.699707207260872e-12,1.0256816908356891e-12,14841,PEKAO,14840
2017-12-20,3.641198453863126e-12,9.90640362596466e-13,19990,PEKAO,19989
2017-12-21,3.5635383532905962e-12,9.900281193105485e-13,20228,PEKAO,20227
2017-12-22,3.4443559115970857e-12,9.020650388315983e-13,16062,PEKAO,16061
2017-01-02,2.935873766318764e-12,6.468025393937901e-13,66375,PKNORLEN,66374
2017-01-03,2.989719583013084e-12,7.849850234021651e-13,62872,PKNORLEN,62871
2017-01-04,3.2940317140628395e-12,8.055463557474183e-13,62257,PKNORLEN,62256
2017-01-05,3.1792346533165983e-12,7.614383518023433e-13,80835,PKNORLEN,80834
2017-01-09,3.148148408627094e-12,7.529684763485316e-13,75130,PKNORLEN,75129
2017-01-10,3.1796787425264483e-12,7.941672324014409e-13,83434,PKNORLEN,83433
2017-01-11,3.346434240825147e-12,7.982330552783695e-13,95802,PKNORLEN,95801
2017-01-12,3.2990277176736527e-12,7.812622280083728e-13,84159,PKNORLEN,84158
2017-01-13,3.099298595543587e-12,7.853452849521953e-13,58692,PKNORLEN,58691
2017-01-16,3.3240077357277187e-12,7.944467667506069e-13,69830,PKNORLEN,69829
2017-01-17,3.234967849152781e-12,7.987783495880198e-13,58309,PKNORLEN,58308
2017-01-18,3.0975222387041867e-12,7.8878710956714e-13,57779,PKNORLEN,57778
2017-01-19,3.1952218648712005e-12,7.734727478151937e-13,30940,PKNORLEN,30939
2017-01-20,3.3406472033092882e-12,7.941064622203661e-13,182134,PKNORLEN,182120
2017-01-23,3.2800429039525625e-12,8.191223286882284e-13,49655,PKNORLEN,49654
2017-01-24,3.362643496984674e-12,8.134900614383002e-13,58127,PKNORLEN,58126
2017-01-25,3.312239371666692e-12,8.009531547801614e-13,68661,PKNORLEN,68653
2017-01-26,3.3315572522951697e-12,8.187063348736798e-13,77304,PKNORLEN,77265
2017-01-27,3.2855940190756883e-12,7.980361532489874e-13,50392,PKNORLEN,50391
2017-01-30,3.1289415503010787e-12,7.839690278708116e-13,55081,PKNORLEN,55079
2017-01-31,3.056666031397981e-12,8.165361806044588e-13,34933,PKNORLEN,34925
2017-02-01,3.2382985182266566e-12,7.919745863646295e-13,55314,PKNORLEN,55302
2017-02-02,3.246125590550264e-12,8.253673953863956e-13,40011,PKNORLEN,40002
2017-02-03,3.055777852978281e-12,8.075877668796997e-13,44140,PKNORLEN,44139
2017-02-06,3.3557323586563825e-12,8.101840156263599e-13,68793,PKNORLEN,68792
2017-02-07,3.650413304967515e-12,7.69315788480361e-13,62041,PKNORLEN,62040
2017-02-08,3.218536548388329e-12,7.706751556855712e-13,40065,PKNORLEN,40064
2017-02-09,3.1237235020853404e-12,7.703873354686798e-13,95880,PKNORLEN,95879
2017-02-10,3.215760990826766e-12,7.643406255374948e-13,76047,PKNORLEN,76046
2017-02-13,3.293920691760377e-12,7.846063030420811e-13,60049,PKNORLEN,60048
2017-02-14,3.11223269378047e-12,7.504919124634149e-13,104601,PKNORLEN,104600
2017-02-15,3.381961377613152e-12,7.77246048203642e-13,131985,PKNORLEN,131984
2017-02-16,3.3093527918026666e-12,7.424607865226925e-13,182356,PKNORLEN,182355
2017-02-17,3.3080205241731164e-12,7.51497480058041e-13,180629,PKNORLEN,180628
2017-02-20,3.220534949832654e-12,7.86039841117373e-13,70271,PKNORLEN,70270
2017-02-21,3.2098768087962526e-12,7.168628462456636e-13,107196,PKNORLEN,107195
2017-02-22,3.022859740298145e-12,7.373989120788589e-13,85324,PKNORLEN,85323
2017-02-23,3.0914715232199796e-12,7.324640311945517e-13,107119,PKNORLEN,107118
2017-02-24,3.2135405447775156e-12,7.376600160338709e-13,130318,PKNORLEN,130317
2017-02-27,3.094802192293855e-12,7.238246815716446e-13,103128,PKNORLEN,103127
2017-02-28,3.1941116418465754e-12,7.807604302113407e-13,60924,PKNORLEN,60923
2017-03-01,3.2032987373753485e-12,7.100933832554728e-13,122974,PKNORLEN,122973
2017-03-02,2.9469759965650155e-12,6.943490427959365e-13,83110,PKNORLEN,83109
2017-03-03,3.0517810500896303e-12,7.372984031192041e-13,273604,PKNORLEN,273603
2017-03-06,3.04911651483053e-12,7.042658222895137e-13,102689,PKNORLEN,102688
2017-03-07,3.1580293935462578e-12,7.020730119291525e-13,168537,PKNORLEN,168536
2017-03-08,2.9319324745813446e-12,6.892883203399157e-13,106932,PKNORLEN,106931
2017-03-09,3.226752198770555e-12,7.043849948547316e-13,70314,PKNORLEN,70313
2017-03-10,3.103031720463889e-12,7.099976629308612e-13,74798,PKNORLEN,74797
2017-03-13,2.949640531824116e-12,7.117115723109042e-13,44209,PKNORLEN,44208
2017-03-14,2.8311242239453804e-12,6.745109427766837e-13,74515,PKNORLEN,74514
2017-03-15,2.866151760372304e-12,6.673784240543681e-13,50106,PKNORLEN,50105
2017-03-16,2.839395385478838e-12,6.868381618804002e-13,42249,PKNORLEN,42248
2017-03-17,2.814859456634622e-12,6.97913215830184e-13,65060,PKNORLEN,65059
2017-03-20,2.794875442191369e-12,6.732096294123005e-13,33113,PKNORLEN,33112
2017-03-21,2.957412092996492e-12,6.701708252909478e-13,34705,PKNORLEN,34704
2017-03-22,2.8436765745973314e-12,7.231393443512777e-13,42920,PKNORLEN,42919
2017-03-23,2.9590774275334297e-12,7.223851069125663e-13,45495,PKNORLEN,45494
2017-03-24,2.866679116309001e-12,6.837474131019037e-13,33922,PKNORLEN,33921
2017-03-27,2.7966517990307693e-12,6.982130489835909e-13,49563,PKNORLEN,49562
2017-03-28,3.020916850005051e-12,7.142770355086739e-13,20827,PKNORLEN,20826
2017-03-29,2.8546054409162025e-12,6.846694116255928e-13,55991,PKNORLEN,55990
2017-03-30,2.9185542871346115e-12,7.018477332330865e-13,41825,PKNORLEN,41824
2017-03-31,3.0049296384504487e-12,7.202891440216689e-13,30821,PKNORLEN,30820
2017-04-03,2.942979193676365e-12,6.98463509262782e-13,35945,PKNORLEN,35944
2017-04-04,2.7540192348851633e-12,6.596027715362039e-13,36569,PKNORLEN,36568
2017-04-05,2.943423282886215e-12,7.067368465274564e-13,35595,PKNORLEN,35594
2017-04-06,2.815303545844472e-12,7.342696559697245e-13,48851,PKNORLEN,48850
2017-04-07,2.8403945862010005e-12,6.963675197907204e-13,46112,PKNORLEN,46111
2017-04-10,3.0193625377705757e-12,7.172743897910173e-13,41423,PKNORLEN,41422
2017-04-11,2.7264857038744594e-12,6.785429042085556e-13,33054,PKNORLEN,33053
2017-04-12,2.8359536941025e-12,7.217146387190058e-13,37775,PKNORLEN,37774
2017-04-13,2.772670981698866e-12,6.690474619357003e-13,34463,PKNORLEN,34462
2017-04-18,2.7289281945286348e-12,7.802487153750469e-13,15474,PKNORLEN,15473
2017-04-19,2.779554364451542e-12,6.597392925223482e-13,26091,PKNORLEN,26090
2017-04-20,2.637889906509372e-12,6.787713176673668e-13,26120,PKNORLEN,26119
2017-04-21,2.779554364451542e-12,7.342327833034209e-13,16173,PKNORLEN,16172
2017-04-24,2.582822844487964e-12,6.772987364608268e-13,39563,PKNORLEN,39562
2017-04-25,2.7482460751571125e-12,6.812775505434302e-13,32982,PKNORLEN,32981
2017-04-26,2.6403323971635473e-12,6.649481789283373e-13,53405,PKNORLEN,53404
2017-04-27,2.7249036360643686e-12,6.547553999809385e-13,84718,PKNORLEN,84717
2017-04-28,2.821446201672906e-12,6.563520272442292e-13,31993,PKNORLEN,31992
2017-05-02,2.624345185608945e-12,6.534651321117756e-13,29759,PKNORLEN,29758
2017-05-04,2.6920687901110796e-12,6.716185765631205e-13,52896,PKNORLEN,52895
2017-05-05,2.7535751456753133e-12,6.557075570035267e-13,26375,PKNORLEN,26374
2017-05-08,2.6067481506686363e-12,6.611694513322569e-13,36062,PKNORLEN,36061
2017-05-09,2.7202684549365586e-12,6.449286089447626e-13,58442,PKNORLEN,58441
2017-05-10,2.808198118486871e-12,6.435602229337488e-13,40630,PKNORLEN,40629
2017-05-11,2.616573624436569e-12,6.323436470237822e-13,57710,PKNORLEN,57709
2017-05-12,2.6645352591003757e-12,6.791113593135984e-13,32464,PKNORLEN,32463
2017-05-15,2.751798788835913e-12,6.538869823190406e-13,26728,PKNORLEN,26727
2017-05-16,2.744693361478312e-12,6.753130924828771e-13,87013,PKNORLEN,87012
2017-05-17,2.8502755711201644e-12,6.902696718036624e-13,63073,PKNORLEN,63072
2017-05-18,2.949640531824116e-12,6.578768826901663e-13,70444,PKNORLEN,70443
2017-05-19,2.7424729154290617e-12,6.687123130544448e-13,53614,PKNORLEN,53613
2017-05-22,2.773781204723491e-12,6.383601626752943e-13,65309,PKNORLEN,65308
2017-05-23,2.8696489628998734e-12,6.406426311950526e-13,86149,PKNORLEN,86148
2017-05-24,2.830402578979374e-12,6.687458093933894e-13,72607,PKNORLEN,72606
2017-05-25,2.8125002327072934e-12,6.627509828263511e-13,57036,PKNORLEN,57035
2017-05-26,2.778416385851301e-12,6.831798691183648e-13,39756,PKNORLEN,39755
2017-05-29,2.7998645069082784e-12,6.884003277256476e-13,20147,PKNORLEN,20146
2017-05-30,2.8126390105853716e-12,6.782168705022692e-13,39357,PKNORLEN,39356
2017-05-31,3.063327369545732e-12,6.895835611081895e-13,53480,PKNORLEN,53479
2017-06-01,2.7026159088450186e-12,6.887128679645764e-13,42390,PKNORLEN,42389
2017-06-02,2.8944624475002456e-12,6.672494173352034e-13,26724,PKNORLEN,26723
2017-06-05,2.680966559864828e-12,6.918147586897654e-13,33049,PKNORLEN,33048
2017-06-06,2.869066095811945e-12,6.888031813564356e-13,41887,PKNORLEN,41886
2017-06-07,2.7783331191244542e-12,6.522393810045734e-13,39638,PKNORLEN,39637
2017-06-08,2.7564617255393387e-12,6.898472133220847e-13,38809,PKNORLEN,38808
2017-06-09,2.9414248814418897e-12,6.591571534117208e-13,28505,PKNORLEN,28504
2017-06-12,2.8498314819103143e-12,6.631462277354982e-13,38433,PKNORLEN,38432
2017-06-13,2.7863267249017554e-12,6.976495056230179e-13,58784,PKNORLEN,58783
2017-06-14,2.7541510738693376e-12,6.739909652475372e-13,28582,PKNORLEN,28581
2017-06-16,2.859490422224553e-12,6.286638392790585e-13,56909,PKNORLEN,56908
2017-06-19,2.6703084188284265e-12,6.278144167229085e-13,27112,PKNORLEN,27111
2017-06-20,2.8036739596615234e-12,6.409457604825262e-13,28651,PKNORLEN,28650
2017-06-21,2.741473714706899e-12,6.295840681399587e-13,36677,PKNORLEN,36676
2017-06-22,2.8190783041281975e-12,6.167991815843678e-13,45131,PKNORLEN,45130
2017-06-23,2.7386842793575283e-12,6.140334611784127e-13,45492,PKNORLEN,45491
2017-06-26,2.7028379534499436e-12,6.337923147211085e-13,85293,PKNORLEN,85292
2017-06-27,2.69428923616033e-12,6.369182717692288e-13,39013,PKNORLEN,39012
2017-06-28,2.6700863742235015e-12,6.353882664056374e-13,32767,PKNORLEN,32766
2017-06-29,2.8625990466935036e-12,6.614443534953196e-13,49407,PKNORLEN,49406
2017-06-30,2.675193400136777e-12,6.178383796995481e-13,40168,PKNORLEN,40167
2017-07-03,2.663758102983138e-12,6.625910300687729e-13,22593,PKNORLEN,22592
2017-07-04,2.8102589699763314e-12,6.922798283805377e-13,36090,PKNORLEN,36089
2017-07-05,2.7546853686999384e-12,6.398518431194468e-13,40164,PKNORLEN,40163
2017-07-06,2.8563817977556027e-12,6.330484213292849e-13,61664,PKNORLEN,61663
2017-07-07,2.890382377884748e-12,6.585638951820017e-13,40373,PKNORLEN,40372
2017-07-10,2.72959432834341e-12,6.931104606621512e-13,32594,PKNORLEN,32593
2017-07-11,2.7180480088873082e-12,6.792519452002715e-13,28798,PKNORLEN,28797
2017-07-12,2.721739500444187e-12,6.483600661896525e-13,33157,PKNORLEN,33156
2017-07-13,2.6049162826780048e-12,6.739835383900022e-13,37578,PKNORLEN,37577
2017-07-14,2.7716370865071838e-12,6.962751525727497e-13,40605,PKNORLEN,40604
2017-07-17,2.7760016507727414e-12,6.528072345206931e-13,37340,PKNORLEN,37339
2017-07-18,2.9811708657234703e-12,6.958313272625954e-13,22102,PKNORLEN,22101
2017-07-19,2.795541576006144e-12,6.794813484098901e-13,23510,PKNORLEN,23509
2017-07-20,2.7964297544258443e-12,6.806798301551377e-13,37006,PKNORLEN,37005
2017-07-21,2.921218822393712e-12,6.679639845789066e-13,36550,PKNORLEN,36549
2017-07-24,2.8754776337791554e-12,7.065487819706961e-13,42683,PKNORLEN,42682
2017-07-25,2.7940427749229002e-12,7.247490671025519e-13,25770,PKNORLEN,25769
2017-07-26,2.7462476737127872e-12,6.730113098674628e-13,36933,PKNORLEN,36932
2017-07-27,2.80020451270957e-12,6.974063251466086e-13,26089,PKNORLEN,26088
2017-07-28,2.8904101334603638e-12,6.942493838579473e-13,23576,PKNORLEN,23575
2017-07-31,2.8169688803814097e-12,6.924879332295194e-13,44409,PKNORLEN,44408
2017-08-01,2.828542955413127e-12,6.910430318434992e-13,27395,PKNORLEN,27394
2017-08-02,2.8115287875607464e-12,6.95973510527438e-13,26485,PKNORLEN,26484
2017-08-03,2.8659852269186104e-12,6.885453424489177e-13,27328,PKNORLEN,27327
2017-08-04,2.8903546223091325e-12,7.377626908294241e-13,15503,PKNORLEN,15502
2017-08-07,2.8656799155868384e-12,6.915566559193305e-13,24384,PKNORLEN,24383
2017-08-08,2.842615032250251e-12,6.768752115065567e-13,32257,PKNORLEN,32256
2017-08-09,2.8928248685389235e-12,6.917815150823012e-13,20987,PKNORLEN,20986
2017-08-10,2.7706725802545407e-12,6.804217479605267e-13,17248,PKNORLEN,17247
2017-08-11,3.0691005292737827e-12,6.879856477548456e-13,19699,PKNORLEN,19698
2017-08-14,2.7253754808498343e-12,6.852584758127193e-13,16492,PKNORLEN,16491
2017-08-16,2.8944624475002456e-12,6.988203250930091e-13,34364,PKNORLEN,34363
2017-08-17,2.7445823391758495e-12,6.93725423184815e-13,42055,PKNORLEN,42054
2017-08-18,2.8039792709932954e-12,6.411998050240998e-13,29543,PKNORLEN,29542
2017-08-21,2.899458451111059e-12,6.65659965323652e-13,37312,PKNORLEN,37311
2017-08-22,2.715161429023283e-12,6.687924564127719e-13,28467,PKNORLEN,28466
2017-08-23,2.8895219550406637e-12,7.044115782938389e-13,28101,PKNORLEN,28100
2017-08-24,2.9205526885789368e-12,6.622757370362894e-13,57124,PKNORLEN,57123
2017-08-25,2.8296809340133677e-12,6.760356814675214e-13,44582,PKNORLEN,44581
2017-08-28,2.7538388236436617e-12,6.458915543398635e-13,66825,PKNORLEN,66824
2017-08-29,2.8005930907681886e-12,5.970708670842679e-13,95382,PKNORLEN,95381
2017-08-30,2.843947299879801e-12,6.164426180381921e-13,94517,PKNORLEN,94516
2017-08-31,2.793987263771669e-12,6.247225286111884e-13,51956,PKNORLEN,51955
2017-09-01,2.6646462814028382e-12,6.102680305661099e-13,59371,PKNORLEN,59370
2017-09-04,2.7271518376892345e-12,6.181641041471109e-13,39112,PKNORLEN,39111
2017-09-05,2.76623168815604e-12,6.607158696434509e-13,44151,PKNORLEN,44150
2017-09-06,2.7764457399825915e-12,6.553567339950132e-13,46524,PKNORLEN,46523
2017-09-07,2.7180480088873082e-12,6.386037939424296e-13,67433,PKNORLEN,67432
2017-09-08,2.7222113452296526e-12,6.178369781394305e-13,37240,PKNORLEN,37239
2017-09-11,2.6718627310629017e-12,6.537029568222203e-13,73543,PKNORLEN,73542
2017-09-12,2.737282622788939e-12,6.595730830593194e-13,45866,PKNORLEN,45865
2017-09-13,3.6637359812630166e-12,7.463832002414811e-13,71372,PKNORLEN,71371
2017-09-14,2.6859625634756412e-12,5.774982770675261e-13,63802,PKNORLEN,63801
2017-09-15,2.6828539390066908e-12,5.869237194411571e-13,81939,PKNORLEN,81938
2017-09-18,2.5794921754140887e-12,5.969910329627953e-13,21009,PKNORLEN,21008
2017-09-19,2.602584814326292e-12,6.060565519596334e-13,47114,PKNORLEN,47113
2017-09-20,2.6151858456557875e-12,6.198669575689105e-13,25933,PKNORLEN,25932
2017-09-21,2.7129409829740325e-12,6.331354787780199e-13,64508,PKNORLEN,64507
2017-09-22,2.711331159588326e-12,6.356567241091073e-13,57531,PKNORLEN,57530
2017-09-25,2.581490576858414e-12,6.303363621812487e-13,22161,PKNORLEN,22160
2017-09-26,2.6203483827202945e-12,6.608697420079526e-13,48071,PKNORLEN,48070
2017-09-27,2.660982545421575e-12,6.384999769457549e-13,28029,PKNORLEN,28028
2017-09-28,2.6545432518787493e-12,6.343649946952604e-13,49531,PKNORLEN,49530
2017-09-29,2.7036151095671812e-12,6.333106967996243e-13,20096,PKNORLEN,20095
2017-10-02,2.673417043297377e-12,6.273938418286087e-13,35965,PKNORLEN,35964
2017-10-03,3.432587547536059e-12,7.109887141526694e-13,40549,PKNORLEN,40548
2017-10-04,2.5699442574023124e-12,5.953687908356508e-13,33089,PKNORLEN,33088
2017-10-05,2.5456858843142527e-12,6.01044521296194e-13,43016,PKNORLEN,43015
2017-10-06,3.7948533204712476e-12,9.64502312335474e-13,70290,PKNORLEN,70289
2017-10-09,3.531397396727698e-12,9.662425427284933e-13,52224,PKNORLEN,52223
2017-10-10,3.5078606686056446e-12,9.660071812730922e-13,43568,PKNORLEN,43567
2017-10-11,3.6366465394621628e-12,9.871113153463856e-13,78686,PKNORLEN,78685
2017-10-12,3.695266315162371e-12,1.011364257298822e-12,64591,PKNORLEN,64590
2017-10-13,3.4938718584953676e-12,9.749781400444791e-13,44894,PKNORLEN,44893
2017-10-16,3.7196912217041245e-12,9.98828326917109e-13,56959,PKNORLEN,56958
2017-10-17,3.5450531399305873e-12,1.0089621359283952e-12,42564,PKNORLEN,42563
2017-10-18,3.9115377603593515e-12,9.395275052220147e-13,56598,PKNORLEN,56597
2017-10-19,2.6481594694871546e-12,6.499016411642704e-13,57107,PKNORLEN,57106
2017-10-20,2.7037261318696437e-12,6.11137540433206e-13,74736,PKNORLEN,74735
2017-10-23,2.704225732230725e-12,6.152931308190433e-13,77072,PKNORLEN,77071
2017-10-24,2.804090293295758e-12,6.376687443861709e-13,68421,PKNORLEN,68420
2017-10-25,2.7569890814760356e-12,6.240500707593947e-13,40962,PKNORLEN,40961
2017-10-26,2.587180469859618e-12,6.278030495923027e-13,49892,PKNORLEN,49891
2017-10-27,3.857358876757644e-12,9.995054729089307e-13,73003,PKNORLEN,73002
2017-10-30,3.904765399909138e-12,9.9562188742958e-13,31534,PKNORLEN,31533
2017-10-31,3.695710404372221e-12,1.015892798726713e-12,42818,PKNORLEN,42817
2017-11-02,3.7819192222343645e-12,1.0041957154523203e-12,68793,PKNORLEN,68792
2017-11-03,3.709033080667723e-12,8.781738502266945e-13,40558,PKNORLEN,40557
2017-11-06,3.1468161409975437e-12,6.094046972792876e-13,59172,PKNORLEN,59171
2017-11-07,2.6996183066785306e-12,6.202394402983562e-13,51522,PKNORLEN,51521
2017-11-08,2.665333231899325e-12,6.349399801266869e-13,41106,PKNORLEN,41105
2017-11-09,2.6409985309783224e-12,6.119174110810988e-13,63958,PKNORLEN,63957
2017-11-10,2.735256465768998e-12,6.402464750966083e-13,40328,PKNORLEN,40327
2017-11-13,2.7968738436356944e-12,6.095785395790515e-13,43045,PKNORLEN,43044
2017-11-14,2.6210145165350696e-12,6.207075690182924e-13,39507,PKNORLEN,39506
2017-11-15,2.695843548394805e-12,6.218673647829961e-13,34923,PKNORLEN,34922
2017-11-16,2.7409186031945865e-12,6.439050949494879e-13,63577,PKNORLEN,63576
2017-11-17,2.7615687514526144e-12,6.497990615471515e-13,41099,PKNORLEN,41098
2017-11-20,2.6334490144108713e-12,6.285133614588136e-13,44226,PKNORLEN,44225
2017-11-21,2.575717417130363e-12,6.185563474419823e-13,37098,PKNORLEN,37097
2017-11-22,2.7083890685730694e-12,6.318643413168953e-13,40477,PKNORLEN,40476
2017-11-23,2.69384514695048e-12,6.275306821409786e-13,31512,PKNORLEN,31511
2017-11-24,2.7398083801699613e-12,6.023165053758885e-13,37963,PKNORLEN,37962
2017-11-27,2.5657254099087368e-12,6.171404501031097e-13,51438,PKNORLEN,51437
2017-11-28,2.844835478299501e-12,6.253052360954321e-13,72126,PKNORLEN,72125
2017-11-29,2.8492763703980017e-12,6.239659478621297e-13,64651,PKNORLEN,64650
2017-11-30,2.830791157037993e-12,6.573341279030218e-13,74675,PKNORLEN,74674
2017-12-01,2.801314735734195e-12,6.808088374787572e-13,77060,PKNORLEN,77059
2017-12-04,3.1086244689504383e-12,6.601020028854252e-13,63701,PKNORLEN,63700
2017-12-05,3.0313529464365274e-12,6.495991225548272e-13,69295,PKNORLEN,69294
2017-12-06,2.7409186031945865e-12,6.673718566514792e-13,71090,PKNORLEN,71089
2017-12-07,2.8064217616474707e-12,6.599274777947751e-13,87549,PKNORLEN,87548
2017-12-08,2.8388402739665253e-12,6.509407680234154e-13,40774,PKNORLEN,40773
2017-12-11,2.773559160118566e-12,6.543959829209771e-13,73950,PKNORLEN,73949
2017-12-12,2.8360716552988663e-12,6.976898770005072e-13,100142,PKNORLEN,100141
2017-12-13,2.8921309791485328e-12,6.710281131072283e-13,47130,PKNORLEN,47129
2017-12-14,2.9430902159788275e-12,6.564976593909341e-13,58802,PKNORLEN,58801
2017-12-15,2.812750032887834e-12,6.677410572532961e-13,71508,PKNORLEN,71507
2017-12-18,2.752756356194652e-12,6.836268264558549e-13,38689,PKNORLEN,38688
2017-12-19,2.6010305020918167e-12,6.845210824146121e-13,37173,PKNORLEN,37172
2017-12-20,2.844835478299501e-12,6.589802605291672e-13,41648,PKNORLEN,41647
2017-12-21,2.794736664313291e-12,6.768139581137104e-13,31901,PKNORLEN,31900
2017-12-22,2.6618707238412753e-12,6.218792085048162e-13,23960,PKNORLEN,23959
2017-01-02,2.8693991627193327e-12,6.519894848878365e-13,17556,PKOBP,17555
2017-01-03,2.724653835883828e-12,6.734776751281347e-13,56242,PKOBP,56241
2017-01-04,2.90745205688836e-12,6.781946391880012e-13,56524,PKOBP,56523
2017-01-05,2.698910539500332e-12,6.571212649298223e-13,43352,PKOBP,43351
2017-01-09,2.837952095546825e-12,6.778967187833831e-13,58524,PKOBP,58523
2017-01-10,2.6560975641132245e-12,6.805212100388119e-13,36190,PKOBP,36189
2017-01-11,2.770117468742228e-12,6.341038105462808e-13,37143,PKOBP,37142
2017-01-12,2.819702804579549e-12,6.609505561043938e-13,43102,PKOBP,43101
2017-01-13,2.8800295481801186e-12,6.575516426638676e-13,46871,PKOBP,46870
2017-01-16,2.6707525080382766e-12,6.546509478374669e-13,56089,PKOBP,56088
2017-01-17,2.757793993168889e-12,6.815343085690242e-13,48712,PKOBP,48711
2017-01-18,2.6916247009012295e-12,6.653714302895094e-13,48610,PKOBP,48609
2017-01-19,2.555400335779723e-12,6.633713671664499e-13,48636,PKOBP,48635
2017-01-20,2.5921487178948155e-12,6.702127151345471e-13,33687,PKOBP,33686
2017-01-23,2.715161429023283e-12,6.462515064722899e-13,29496,PKOBP,29495
2017-01-24,3.035349749325178e-12,6.672485287809345e-13,41105,PKOBP,41104
2017-01-25,2.7782220968219917e-12,6.61928839912023e-13,68661,PKOBP,68660
2017-01-26,3.708554296988353e-12,8.466770326310062e-13,59991,PKOBP,59918
2017-01-27,2.5348612098241574e-12,6.47660368636966e-13,47039,PKOBP,47038
2017-01-30,2.7518542999871443e-12,6.281884931361797e-13,32960,PKOBP,32959
2017-01-31,2.5845992013273644e-12,6.760834922367812e-13,43653,PKOBP,43652
2017-02-01,2.5903723610554152e-12,6.495278311932018e-13,36371,PKOBP,36370
2017-02-02,2.698841150561293e-12,6.469099344282727e-13,35062,PKOBP,35061
2017-02-03,2.7000623958883807e-12,6.71244485931278e-13,35364,PKOBP,35363
2017-02-06,2.9110047705671604e-12,6.456072990926367e-13,70561,PKOBP,70560
2017-02-07,2.7271518376892345e-12,6.717622522612758e-13,30873,PKOBP,30872
2017-02-08,2.8089197634528773e-12,6.323965735462335e-13,38891,PKOBP,38890
2017-02-09,2.7680080449954403e-12,6.346607092664181e-13,45083,PKOBP,45082
2017-02-10,3.689132332951317e-12,9.705022517518674e-13,39624,PKOBP,39472
2017-02-13,3.68816088780477e-12,9.161008552924344e-13,68822,PKOBP,68750
2017-02-14,3.5203506776326776e-12,9.586251675522974e-13,40782,PKOBP,40711
2017-02-15,3.6006753134643077e-12,9.424278790385739e-13,76109,PKOBP,76024
2017-02-16,3.65463215246109e-12,9.121392258275717e-13,86990,PKOBP,86906
2017-02-17,3.811173598933237e-12,9.440725738400251e-13,113570,PKOBP,113420
2017-02-20,3.4088287748090806e-12,9.006876116282188e-13,19123,PKOBP,19109
2017-02-21,3.666622561127042e-12,9.319000017357086e-13,67025,PKOBP,66898
2017-02-22,3.697091244259099e-12,9.281411851092146e-13,59122,PKOBP,58982
2017-02-23,3.6561864646955655e-12,9.163964488843345e-13,47688,PKOBP,47617
2017-02-24,3.6878278208973825e-12,9.54794390469312e-13,62827,PKOBP,62695
2017-02-27,3.5267344600242723e-12,9.609235973834037e-13,51132,PKOBP,51021
2017-02-28,3.7485570203443785e-12,9.631039120133363e-13,49373,PKOBP,49311
2017-03-01,3.7871485461526966e-12,9.217819044899487e-13,67578,PKOBP,67485
2017-03-02,3.4212632726848824e-12,9.380900959862327e-13,64999,PKOBP,64902
2017-03-03,3.717914864864724e-12,8.971000152641401e-13,65772,PKOBP,65708
2017-03-06,3.66212615787731e-12,8.994249741948663e-13,57988,PKOBP,57951
2017-03-07,3.557432126655158e-12,9.722095488434382e-13,66234,PKOBP,66180
2017-03-08,3.6362024502523127e-12,9.41139870911046e-13,70608,PKOBP,70536
2017-03-09,3.731681630370076e-12,9.359833686880494e-13,90711,PKOBP,90610
2017-03-10,3.735123321746414e-12,9.876177484965448e-13,79887,PKOBP,79778
2017-03-13,3.744560217455728e-12,9.451544838624717e-13,45459,PKOBP,45418
2017-03-14,3.859024211294582e-12,9.982978883289447e-13,58357,PKOBP,58241
2017-03-15,3.911870827266739e-12,9.71319134774982e-13,65395,PKOBP,65278
2017-03-16,3.656949743024995e-12,9.608381110499832e-13,52272,PKOBP,52153
2017-03-17,3.5113717489210217e-12,9.421368826672192e-13,51806,PKOBP,51725
2017-03-20,3.787192781601334e-12,1.0627302481917725e-12,77239,PKOBP,77144
2017-03-21,3.5562663924793014e-12,9.722426993615824e-13,70858,PKOBP,70766
2017-03-22,3.715250329605624e-12,9.660564896192325e-13,69392,PKOBP,69252
2017-03-23,3.597122599785507e-12,9.596197619810683e-13,61189,PKOBP,61128
2017-03-24,3.96926935763986e-12,9.789255003485944e-13,34180,PKOBP,34110
2017-03-27,3.497646616779093e-12,9.679536058954156e-13,45699,PKOBP,45668
2017-03-28,3.644862189844389e-12,9.780662284695565e-13,31216,PKOBP,31202
2017-03-29,3.7574665601169954e-12,9.472116222244993e-13,51296,PKOBP,51260
2017-03-30,3.602451670303708e-12,9.75130600503558e-13,55677,PKOBP,55656
2017-03-31,3.71508379615193e-12,9.73554432975023e-13,54978,PKOBP,54879
2017-04-03,3.6623204469066195e-12,9.801541832703434e-13,36750,PKOBP,36723
2017-04-04,3.516964497407571e-12,9.686803130495398e-13,45688,PKOBP,45657
2017-04-05,3.619660127185398e-12,9.320216697492595e-13,41717,PKOBP,41695
2017-04-06,3.504752044136694e-12,9.544289804583906e-13,39642,PKOBP,39614
2017-04-07,3.5920710850234627e-12,9.844650671607774e-13,49162,PKOBP,49053
2017-04-10,3.386069202804265e-12,9.172617556153211e-13,31225,PKOBP,31202
2017-04-11,3.745892485085278e-12,9.896558173932342e-13,40009,PKOBP,39968
2017-04-12,3.6779468359782186e-12,9.774064900394428e-13,43658,PKOBP,43613
2017-04-13,3.86468634872017e-12,8.564831481594471e-13,83393,PKOBP,83356
2017-04-18,3.564371020559065e-12,1.006947416143439e-12,61908,PKOBP,61852
2017-04-19,3.927150271643143e-12,9.60023368057436e-13,60876,PKOBP,60817
2017-04-20,3.669509140991067e-12,9.540723256311908e-13,47526,PKOBP,47432
2017-04-21,3.68549635254567e-12,9.308474239659244e-13,39225,PKOBP,39196
2017-04-24,3.845812557301542e-12,9.728095810977014e-13,50537,PKOBP,50488
2017-04-25,3.700345585500031e-12,9.352186872778147e-13,53542,PKOBP,53446
2017-04-26,3.823608096809039e-12,9.360018087807771e-13,125362,PKOBP,125210
2017-04-27,3.784528246342234e-12,9.219451486025995e-13,63162,PKOBP,63101
2017-04-28,3.4794389591752406e-12,8.712367133992187e-13,49041,PKOBP,49004
2017-05-02,3.748001908832066e-12,9.01837624344171e-13,39313,PKOBP,39262
2017-05-04,3.5711433810092785e-12,8.914250603204551e-13,106371,PKOBP,106186
2017-05-05,3.382627511427927e-12,9.277679500266564e-13,90026,PKOBP,89775
2017-05-08,3.54516416223305e-12,9.015786710389511e-13,60150,PKOBP,60023
2017-05-09,3.3459346404640655e-12,8.827817374060174e-13,65706,PKOBP,65621
2017-05-10,3.3382185904429207e-12,9.015802514778057e-13,93246,PKOBP,93154
2017-05-11,3.511413382284445e-12,9.002282381438838e-13,65830,PKOBP,65759
2017-05-12,3.5530467457078885e-12,9.003160218186487e-13,53050,PKOBP,52970
2017-05-15,3.497646616779093e-12,8.816272669209115e-13,52888,PKOBP,52854
2017-05-16,3.5926817076870066e-12,9.123193150882305e-13,98358,PKOBP,98179
2017-05-17,3.706812634618473e-12,9.044755959220606e-13,69060,PKOBP,68994
2017-05-18,3.6848302187308946e-12,9.471454376506905e-13,57626,PKOBP,57602
2017-05-19,3.571254403311741e-12,9.12662716232795e-13,70175,PKOBP,70105
2017-05-22,3.5487168759118504e-12,9.091541946105902e-13,89573,PKOBP,89507
2017-05-23,3.327116360196669e-12,9.132608952652424e-13,67792,PKOBP,67754
2017-05-24,3.405498105735205e-12,9.159901644890201e-13,79702,PKOBP,79641
2017-05-25,3.498867862106181e-12,8.836618040780026e-13,72946,PKOBP,72903
2017-05-26,3.624656130796211e-12,8.922007997176308e-13,98574,PKOBP,98470
2017-05-29,3.3879565819461277e-12,9.133296352015715e-13,28066,PKOBP,28058
2017-05-30,3.5611930071510756e-12,8.93180279782637e-13,85320,PKOBP,85229
2017-05-31,3.6211034171174106e-12,8.696242023076784e-13,72888,PKOBP,72826
2017-06-01,3.4918734570510424e-12,9.008114925248506e-13,51386,PKOBP,51353
2017-06-02,3.4932057246805925e-12,9.11391875360156e-13,50428,PKOBP,50388
2017-06-05,3.66873198487383e-12,9.29350547576236e-13,42972,PKOBP,42945
2017-06-06,3.5972336220879697e-12,9.162981094406286e-13,65073,PKOBP,64957
2017-06-07,3.793854119749085e-12,8.818824484153595e-13,49846,PKOBP,49782
2017-06-08,3.3590907833058736e-12,9.035668310239699e-13,44431,PKOBP,44381
2017-06-09,3.482103494434341e-12,8.959514476550134e-13,48119,PKOBP,48073
2017-06-12,3.5690478350502985e-12,9.289051389607882e-13,76677,PKOBP,76601
2017-06-13,3.894475020249644e-12,9.080221512454678e-13,63447,PKOBP,63371
2017-06-14,3.560041150763027e-12,9.086461490740219e-13,59803,PKOBP,59737
2017-06-16,3.552720617694405e-12,8.997302275175102e-13,56733,PKOBP,56666
2017-06-19,3.4940939031002927e-12,9.220062572200782e-13,35197,PKOBP,35172
2017-06-20,3.574029960873304e-12,9.10563481705365e-13,52943,PKOBP,52839
2017-06-21,3.6699532302009175e-12,9.103488884479011e-13,61999,PKOBP,61888
2017-06-22,3.68594044175552e-12,9.406087319658356e-13,27281,PKOBP,27258
2017-06-23,3.736122522468577e-12,9.25225043669923e-13,48027,PKOBP,48000
2017-06-26,3.7417569043185495e-12,9.080738248307654e-13,51619,PKOBP,51580
2017-06-27,3.490541189421492e-12,9.202718646581782e-13,43641,PKOBP,43609
2017-06-28,3.3317237857488635e-12,9.21945231313724e-13,58699,PKOBP,58578
2017-06-29,3.5909053508476063e-12,9.268683945772422e-13,46024,PKOBP,45971
2017-06-30,3.625322264610986e-12,9.195148643650305e-13,40583,PKOBP,40554
2017-07-03,3.673505943879718e-12,9.44794959526567e-13,26569,PKOBP,26548
2017-07-04,3.5582092827723955e-12,9.27759189013342e-13,39816,PKOBP,39747
2017-07-05,3.623767952376511e-12,9.312923986926795e-13,36646,PKOBP,36602
2017-07-06,3.714806240395774e-12,9.207211377039889e-13,41841,PKOBP,41815
2017-07-07,3.553601857220201e-12,9.161546412988792e-13,23728,PKOBP,23692
2017-07-10,3.4199310050553322e-12,9.424263977138808e-13,24367,PKOBP,24336
2017-07-11,3.3315572522951697e-12,9.125125601086917e-13,31759,PKOBP,31728
2017-07-12,3.4284242111937147e-12,9.141095335924834e-13,40331,PKOBP,40191
2017-07-13,3.5920919017051745e-12,9.192810664010612e-13,38089,PKOBP,38002
2017-07-14,3.3002489630007403e-12,8.751937286399137e-13,31669,PKOBP,31654
2017-07-17,3.5211833449011465e-12,9.183311064490052e-13,37515,PKOBP,37383
2017-07-18,3.320926866834384e-12,8.860514095914877e-13,32594,PKOBP,32565
2017-07-19,3.456068764506881e-12,8.945191340644581e-13,31965,PKOBP,31919
2017-07-20,3.3601454951792675e-12,9.115371470658017e-13,36771,PKOBP,36705
2017-07-21,3.3179015090922803e-12,9.19484543287348e-13,41217,PKOBP,41163
2017-07-24,3.411500248962085e-12,8.985272559050969e-13,32686,PKOBP,32621
2017-07-25,3.381489532827686e-12,9.095448839597308e-13,22541,PKOBP,22467
2017-07-26,3.408273663296768e-12,9.299056056691438e-13,33053,PKOBP,33028
2017-07-27,3.627653732962699e-12,9.190558925888953e-13,32127,PKOBP,32075
2017-07-28,2.9620750296999176e-12,9.052873440503123e-13,14620,PKOBP,14611
2017-07-31,3.3779645747245013e-12,9.055400590890329e-13,43659,PKOBP,43597
2017-08-01,3.369221568405578e-12,8.887775857253301e-13,24583,PKOBP,24556
2017-08-02,3.4594549447319878e-12,8.753071477450596e-13,57643,PKOBP,57553
2017-08-03,3.623323863166661e-12,9.155629847821326e-13,35847,PKOBP,35765
2017-08-04,3.4632297030157133e-12,9.251772552388655e-13,32518,PKOBP,32487
2017-08-07,3.5234037909503968e-12,9.392977223885633e-13,21103,PKOBP,21048
2017-08-08,3.5410563370419368e-12,8.995762481898552e-13,40002,PKOBP,39961
2017-08-09,3.5056402225563943e-12,8.892388551847869e-13,60601,PKOBP,60531
2017-08-10,3.562067307782968e-12,8.901451162168295e-13,34890,PKOBP,34825
2017-08-11,3.59062779509145e-12,9.165885888383934e-13,22458,PKOBP,22447
2017-08-14,3.411937399278031e-12,8.921108218574471e-13,31618,PKOBP,31590
2017-08-16,3.4354741274000844e-12,9.131387894891658e-13,36800,PKOBP,36696
2017-08-17,3.7162495303277865e-12,9.333193606913992e-13,37831,PKOBP,37730
2017-08-18,3.3930636078594034e-12,9.091220348964665e-13,37046,PKOBP,37004
2017-08-21,3.46528361561127e-12,9.042875616451636e-13,17932,PKOBP,17920
2017-08-22,3.489875055606717e-12,9.15901660734003e-13,20952,PKOBP,20937
2017-08-23,3.687494753989995e-12,9.011779021935098e-13,29819,PKOBP,29786
2017-08-24,3.5087488470253447e-12,9.091164269400896e-13,35698,PKOBP,35631
2017-08-25,3.6116942769837124e-12,9.208228567146454e-13,23556,PKOBP,23523
2017-08-28,3.4567904094728874e-12,9.162296481231339e-13,47223,PKOBP,47127
2017-08-29,3.4363623058197845e-12,9.054664831843965e-13,52072,PKOBP,51984
2017-08-30,3.3151259515307174e-12,9.072635129634065e-13,44517,PKOBP,44471
2017-08-31,3.4079405963893805e-12,9.024348357783225e-13,34180,PKOBP,34122
2017-09-01,3.417932603611007e-12,9.046112583879368e-13,23803,PKOBP,23772
2017-09-04,3.4425795547576854e-12,9.054805333492138e-13,26558,PKOBP,26535
2017-09-05,3.4524605396768493e-12,8.841859024736537e-13,20956,PKOBP,20945
2017-09-06,3.534519898984456e-12,9.028744138907941e-13,29406,PKOBP,29378
2017-09-07,3.51074724846967e-12,8.966765016399783e-13,65254,PKOBP,65207
2017-09-08,3.542388604671487e-12,9.11500144242081e-13,47340,PKOBP,47277
2017-09-11,3.585853836085562e-12,9.409440585027997e-13,41576,PKOBP,41466
2017-09-12,3.6344260934129125e-12,9.195809498419063e-13,76272,PKOBP,76161
2017-09-13,3.5438318946034997e-12,9.686140166176135e-13,63437,PKOBP,63294
2017-09-14,3.5633718198369024e-12,9.588597815784498e-13,51111,PKOBP,50974
2017-09-15,3.74111852607939e-12,9.40307893197909e-13,62174,PKOBP,62045
2017-09-18,3.213873611684903e-12,9.25958816815378e-13,19419,PKOBP,19397
2017-09-19,3.381739333008227e-12,9.152265700644263e-13,37503,PKOBP,37415
2017-09-20,3.4656721936698887e-12,9.131783258148337e-13,26880,PKOBP,26810
2017-09-21,3.3933411636155597e-12,9.332577092753556e-13,20913,PKOBP,20892
2017-09-22,3.362199407774824e-12,9.459572443829513e-13,33039,PKOBP,32896
2017-09-25,3.531397396727698e-12,9.255487622967306e-13,21483,PKOBP,21471
2017-09-26,3.38540306898949e-12,9.257156420917136e-13,26636,PKOBP,26578
2017-09-27,3.2525093729418586e-12,8.596331163793968e-13,19721,PKOBP,19644
2017-09-28,3.6949332482549835e-12,9.050276302526747e-13,33392,PKOBP,33345
2017-09-29,3.5846881019097054e-12,9.061625310660432e-13,38356,PKOBP,38315
2017-10-02,3.414935001444519e-12,9.107941676787611e-13,54429,PKOBP,54369
2017-10-03,3.4665603720895888e-12,9.204049347187894e-13,31907,PKOBP,31864
2017-10-04,3.5287328614685975e-12,9.369450173855744e-13,39744,PKOBP,39678
2017-10-05,3.834932371660216e-12,9.251513541135285e-13,28331,PKOBP,28313
2017-10-06,3.4237057633390577e-12,9.400057456669724e-13,38147,PKOBP,38079
2017-10-09,3.602007581093858e-12,9.516769479138819e-13,22921,PKOBP,22875
2017-10-10,3.710365348297273e-12,9.414402111664114e-13,36391,PKOBP,36303
2017-10-11,3.573412399315856e-12,9.080921102546763e-13,75079,PKOBP,74832
2017-10-12,3.495259637276149e-12,8.854819274442255e-13,42291,PKOBP,42186
2017-10-13,3.5872416148663433e-12,8.902768044245752e-13,34556,PKOBP,34480
2017-10-16,3.3922309405909346e-12,9.237852998032964e-13,26486,PKOBP,26324
2017-10-17,3.373412660323538e-12,9.298363063920007e-13,42204,PKOBP,42145
2017-10-18,3.396394276933279e-12,9.135346670404759e-13,37990,PKOBP,37907
2017-10-19,3.3284486278262193e-12,8.885227031493265e-13,73876,PKOBP,73680
2017-10-20,3.484879051995904e-12,8.860784797778625e-13,43147,PKOBP,43053
2017-10-23,3.5263458819656535e-12,9.393021238667604e-13,40552,PKOBP,40502
2017-10-24,3.4152680683519065e-12,8.69689987661741e-13,69280,PKOBP,69154
2017-10-25,3.750555421788704e-12,8.491676237613319e-13,31056,PKOBP,30908
2017-10-26,3.2643332481541165e-12,8.899067081464095e-13,34741,PKOBP,34707
2017-10-27,3.4696689965585392e-12,8.831509470855195e-13,63966,PKOBP,63878
2017-10-30,3.4869884757426917e-12,8.723591554428231e-13,40192,PKOBP,40110
2017-10-31,3.571865025975285e-12,9.054197660180613e-13,26714,PKOBP,26683
2017-11-02,3.424371897153833e-12,8.472019587182806e-13,66125,PKOBP,66052
2017-11-03,3.4199310050553322e-12,8.750808235164501e-13,36890,PKOBP,36810
2017-11-06,3.4315883468138964e-12,8.859075072390867e-13,54775,PKOBP,54653
2017-11-07,3.425704164783383e-12,8.566766648443756e-13,71086,PKOBP,70938
2017-11-08,3.1705194025732908e-12,8.682990149211514e-13,34380,PKOBP,34256
2017-11-09,3.64386992801613e-12,8.759266877963633e-13,58581,PKOBP,58461
2017-11-10,3.453688723897841e-12,8.871440400005079e-13,65900,PKOBP,65738
2017-11-13,3.2981395392539525e-12,8.138046750646939e-13,46360,PKOBP,46283
2017-11-14,3.3792968423540515e-12,8.571947523205739e-13,40977,PKOBP,40926
2017-11-15,3.1299407510232413e-12,8.492455344074526e-13,32767,PKOBP,32706
2017-11-16,3.157196726277789e-12,8.510281437149066e-13,37933,PKOBP,37721
2017-11-17,3.3093527918026666e-12,8.249730028289377e-13,34820,PKOBP,34783
2017-11-20,3.273131765624271e-12,8.184649759634235e-13,34375,PKOBP,34321
2017-11-21,3.1730174043786974e-12,8.059907724062883e-13,44118,PKOBP,44117
2017-11-22,3.206025722679584e-12,8.004155758908566e-13,21945,PKOBP,21944
2017-11-23,3.085975919248085e-12,7.771727613046312e-13,32125,PKOBP,32124
2017-11-24,2.9378721677630892e-12,7.795473744007946e-13,23300,PKOBP,23299
2017-11-27,3.0435376441317885e-12,8.096210078690135e-13,42078,PKOBP,42077
2017-11-28,3.1019631308026874e-12,8.0586976559352e-13,48651,PKOBP,48650
2017-11-29,3.398170633772679e-12,8.103780155604016e-13,45719,PKOBP,45718
2017-11-30,3.5091929362351948e-12,8.412141679892333e-13,48850,PKOBP,48849
2017-12-01,3.5456082514429e-12,8.169834980647572e-13,56079,PKOBP,56078
2017-12-04,3.162636819098452e-12,8.269072867198574e-13,51130,PKOBP,51129
2017-12-05,3.0014324359228794e-12,7.955734504904231e-13,33088,PKOBP,33087
2017-12-06,3.2740476996195866e-12,8.344894193952561e-13,59708,PKOBP,59670
2017-12-07,3.310907104037142e-12,8.073593011674976e-13,64203,PKOBP,64171
2017-12-08,3.4097169532287808e-12,8.185594716960839e-13,37647,PKOBP,37646
2017-12-11,3.3595348725157237e-12,8.231508762969795e-13,42206,PKOBP,42205
2017-12-12,3.127276215764141e-12,7.886806513591974e-13,74517,PKOBP,74516
2017-12-13,3.3530955789728978e-12,8.198874919127702e-13,41871,PKOBP,41870
2017-12-14,3.2205627054082697e-12,7.802280452025622e-13,39627,PKOBP,39626
2017-12-15,3.4783287361506154e-12,8.105327696079322e-13,40798,PKOBP,40797
2017-12-18,3.1112890042095387e-12,8.04553182270939e-13,22096,PKOBP,22095
2017-12-19,3.0469238243568952e-12,7.934730093080722e-13,46242,PKOBP,46241
2017-12-20,3.326228181776969e-12,7.968837336344597e-13,41450,PKOBP,41449
2017-12-21,3.3059891629827476e-12,8.198178695639686e-13,33543,PKOBP,33542
2017-12-22,2.9728441930387817e-12,7.430387259481717e-13,19846,PKOBP,19845
2017-01-02,3.764689948670963e-12,9.481434969172627e-13,33962,PZU,33910
2017-01-03,3.645084234449314e-12,9.397391248311098e-13,49993,PZU,49924
2017-01-04,3.800071368686986e-12,9.560715245288157e-13,58870,PZU,58782
2017-01-05,3.770539436231957e-12,9.57486783155188e-13,35317,PZU,35219
2017-01-09,3.602451670303708e-12,9.720756665305261e-13,52059,PZU,51965
2017-01-10,3.3928415632544784e-12,9.404143242632354e-13,37554,PZU,37501
2017-01-11,3.850253449400043e-12,9.356830011693981e-13,38799,PZU,38697
2017-01-12,3.558930927738402e-12,9.514723881295383e-13,50699,PZU,50595
2017-01-13,3.5464964298626e-12,9.28118905439193e-13,35793,PZU,35753
2017-01-16,3.5630665085051305e-12,9.232319884454394e-13,34235,PZU,34185
2017-01-17,3.3812952437983768e-12,9.126764195376093e-13,40780,PZU,40683
2017-01-18,3.3733016380210756e-12,9.340224372042909e-13,26554,PZU,26499
2017-01-19,3.6348701826227625e-12,9.564359129408426e-13,28204,PZU,28175
2017-01-20,3.5407232701345492e-12,9.23071415998572e-13,26734,PZU,26708
2017-01-23,3.4794389591752406e-12,9.47122216345694e-13,15577,PZU,15534
2017-01-24,3.3737457272309257e-12,9.276621782677788e-13,24059,PZU,24025
2017-01-25,3.6921576906934206e-12,8.953993879802969e-13,45900,PZU,45440
2017-01-26,3.2320812692887557e-12,8.88848704373403e-13,36766,PZU,36692
2017-01-27,3.5793590313915047e-12,8.998064215165362e-13,33116,PZU,33070
2017-01-30,3.366085188361012e-12,9.24232847843974e-13,20526,PZU,20475
2017-01-31,3.866240660954645e-12,9.501668035911953e-13,30202,PZU,30149
2017-02-01,3.541722470856712e-12,9.078743206959128e-13,28774,PZU,28730
2017-02-02,3.451655627983996e-12,8.887208402110676e-13,23585,PZU,23557
2017-02-03,3.68727270938507e-12,9.16940375403461e-13,33666,PZU,33598
2017-02-06,3.4994229736184934e-12,8.636246515439934e-13,25290,PZU,25274
2017-02-07,3.4839457707658283e-12,8.747017020865831e-13,23654,PZU,23564
2017-02-08,3.3373304120232206e-12,8.669604053301997e-13,28238,PZU,28191
2017-02-09,3.4104663537704027e-12,8.835005650387047e-13,30630,PZU,30604
2017-02-10,3.447908625275886e-12,9.12753921482076e-13,38414,PZU,38304
2017-02-13,3.4443559115970857e-12,8.721567761458053e-13,34976,PZU,34937
2017-02-14,3.1608049511078207e-12,8.969986792791214e-13,29317,PZU,29262
2017-02-15,3.5016434196677437e-12,8.873287752652642e-13,71652,PZU,71517
2017-02-16,3.6128877667351844e-12,8.81599529377527e-13,44834,PZU,44796
2017-02-17,3.467004461299439e-12,8.643239130044411e-13,42243,PZU,42196
2017-02-20,3.3897884499367592e-12,9.125169511009167e-13,17722,PZU,17672
2017-02-21,3.3448799285906716e-12,8.837420866501253e-13,40960,PZU,40843
2017-02-22,3.325340003357269e-12,8.581671541434887e-13,26141,PZU,26115
2017-02-23,3.2782665471131622e-12,8.767313489332559e-13,41529,PZU,41453
2017-02-24,3.422706562616895e-12,8.629749933567891e-13,50077,PZU,50023
2017-02-27,3.3843622349039038e-12,8.985063104022617e-13,29026,PZU,28982
2017-02-28,3.5028646649948314e-12,8.665167587884811e-13,50260,PZU,50200
2017-03-01,3.5760283623176292e-12,8.760650531641648e-13,45774,PZU,45707
2017-03-02,3.312017327061767e-12,8.786499326206167e-13,27784,PZU,27739
2017-03-03,3.6557423754857155e-12,8.791227248289238e-13,42335,PZU,42255
2017-03-06,3.6486369481281145e-12,9.189470604561134e-13,27045,PZU,26990
2017-03-07,3.4353075939463906e-12,9.338344614141223e-13,28835,PZU,28750
2017-03-08,3.3371083674182955e-12,9.266163172721403e-13,29316,PZU,29278
2017-03-09,3.595790332155957e-12,8.982739621337262e-13,60118,PZU,60036
2017-03-10,3.229749800937043e-12,9.164057800378243e-13,34330,PZU,34274
2017-03-13,3.4388186742617677e-12,9.023464410236849e-13,53889,PZU,53824
2017-03-14,3.4505731605349865e-12,8.876191118700041e-13,74969,PZU,74793
2017-03-15,3.455014052633487e-12,8.881106770541637e-13,66067,PZU,65894
2017-03-16,3.4594549447319878e-12,9.09455785031486e-13,27966,PZU,27918
2017-03-17,3.315750451982069e-12,8.729597439794335e-13,37653,PZU,37561
2017-03-20,3.4843239404835913e-12,8.659462519669325e-13,32822,PZU,32747
2017-03-21,3.3009150968155154e-12,8.298872811540306e-13,49423,PZU,49375
2017-03-22,3.4909852786313422e-12,8.798256179998781e-13,68303,PZU,68221
2017-03-23,3.550694460674464e-12,8.954783192801904e-13,87377,PZU,87195
2017-03-24,3.388844760365828e-12,8.938068767632077e-13,55431,PZU,55367
2017-03-27,3.714362151185924e-12,9.247736507476e-13,35589,PZU,35547
2017-03-28,3.400724146729317e-12,8.498158716046631e-13,38624,PZU,38585
2017-03-29,3.318012531394743e-12,9.08888517125181e-13,45162,PZU,45120
2017-03-30,3.5373926010606738e-12,8.85510497206266e-13,50887,PZU,50823
2017-03-31,3.713918061976074e-12,9.091032793526151e-13,60472,PZU,60365
2017-04-03,3.4594549447319878e-12,9.458659074298703e-13,36604,PZU,36544
2017-04-04,3.4983127505938683e-12,9.226788790121762e-13,56965,PZU,56893
2017-04-05,3.5509373219611007e-12,9.13089743845717e-13,29541,PZU,29478
2017-04-06,3.4059421949450552e-12,9.169964251233305e-13,24698,PZU,24664
2017-04-07,3.2360780721774063e-12,8.550196886229084e-13,43313,PZU,43270
2017-04-10,3.3852920466870273e-12,8.828690509013101e-13,44723,PZU,44641
2017-04-11,3.3635316754043743e-12,8.675643879848111e-13,50948,PZU,50881
2017-04-12,3.802957948551011e-12,9.263635211498357e-13,53140,PZU,53029
2017-04-13,3.1878388817574432e-12,8.946567306438895e-13,16913,PZU,16897
2017-04-18,3.258449066123603e-12,8.653332646353356e-13,35966,PZU,35955
2017-04-19,3.575362228502854e-12,8.64991140166795e-13,45575,PZU,45512
2017-04-20,3.2823743723042753e-12,8.490989469402662e-13,59786,PZU,59609
2017-04-21,3.332667475319795e-12,8.491413416283837e-13,77817,PZU,77686
2017-04-24,3.4789948699653905e-12,8.405762900029135e-13,57524,PZU,57461
2017-04-25,3.1769031849648854e-12,8.393024147344837e-13,54438,PZU,54376
2017-04-26,3.5773606299471794e-12,8.006077564020504e-13,106053,PZU,106008
2017-04-27,3.329884978864328e-12,8.156903281650692e-13,120320,PZU,120319
2017-04-28,3.3315572522951697e-12,8.124289488856301e-13,52383,PZU,52382
2017-05-02,3.218037752536686e-12,8.069638960411916e-13,41376,PZU,41375
2017-05-04,3.2601180810282182e-12,7.751548939840592e-13,104094,PZU,104093
2017-05-05,3.2742003552854726e-12,7.668417972387324e-13,106016,PZU,106015
2017-05-08,3.2178704145735537e-12,7.912804136811462e-13,72502,PZU,72501
2017-05-09,3.240518964275907e-12,7.871787391944903e-13,53439,PZU,53438
2017-05-10,3.1961100432909006e-12,7.950841329497882e-13,62823,PZU,62822
2017-05-11,2.9545255131324666e-12,7.59225007460939e-13,63669,PZU,63668
2017-05-12,3.5087488470253447e-12,8.004912090072589e-13,51152,PZU,51151
2017-05-15,3.0033198150647422e-12,8.05343250851797e-13,49254,PZU,49253
2017-05-16,3.2738256550146616e-12,8.002659983620164e-13,66195,PZU,66194
2017-05-17,3.162359263342296e-12,7.744101261277367e-13,70978,PZU,70977
2017-05-18,3.5069724901859445e-12,7.958279995090384e-13,135843,PZU,135842
2017-05-19,3.2498448376827582e-12,7.505863602736621e-13,69847,PZU,69846
2017-05-22,3.333111564529645e-12,7.610397658961473e-13,60122,PZU,60121
2017-05-23,3.065103726385132e-12,7.516307947869461e-13,71338,PZU,71337
2017-05-24,3.2285285556099552e-12,7.534930358362107e-13,84322,PZU,84321
2017-05-25,3.148148408627094e-12,7.514024396946475e-13,55432,PZU,55431
2017-05-26,3.212541344055353e-12,7.632226102325753e-13,74067,PZU,74066
2017-05-29,2.914335439641036e-12,7.40983947160939e-13,22646,PZU,22645
2017-05-30,3.128407255470478e-12,7.875963527909462e-13,73462,PZU,73461
2017-05-31,3.1856461912838085e-12,7.613740159425975e-13,67087,PZU,67086
2017-06-01,3.087030631121479e-12,7.740263441435893e-13,37221,PZU,37220
2017-06-02,2.921662911603562e-12,7.678112718050842e-13,28504,PZU,28503
2017-06-05,3.2358282719968656e-12,7.668634608757615e-13,40537,PZU,40536
2017-06-06,3.4567904094728874e-12,7.826184183326387e-13,53692,PZU,53691
2017-06-07,3.170796958329447e-12,7.620854645924407e-13,35686,PZU,35685
2017-06-08,3.2809310823722626e-12,7.786770057072964e-13,45481,PZU,45480
2017-06-09,2.917999175622299e-12,7.662783200037093e-13,34684,PZU,34683
2017-06-12,3.156586103614245e-12,7.695545222191174e-13,41881,PZU,41880
2017-06-13,3.138489468312855e-12,7.939607230223866e-13,53425,PZU,53424
2017-06-14,3.110733892697226e-12,7.565363369656876e-13,39351,PZU,39350
2017-06-16,3.2442937225596324e-12,8.143646573848334e-13,44661,PZU,44660
2017-06-19,3.1642963071035416e-12,7.793912106201593e-13,58166,PZU,58165
2017-06-20,2.9967139880682225e-12,7.958231318475852e-13,31543,PZU,31542
2017-06-21,3.2039596670196957e-12,7.998385414950272e-13,80201,PZU,80200
2017-06-22,3.1999222506647164e-12,7.885812402256221e-13,59826,PZU,59825
2017-06-23,3.2389646520414317e-12,7.833977940388524e-13,51788,PZU,51787
2017-06-26,3.100630863173137e-12,7.80056504193397e-13,25709,PZU,25708
2017-06-27,3.2871483313101635e-12,7.880608325208226e-13,43202,PZU,43201
2017-06-28,3.3448799285906716e-12,7.762605616428891e-13,55345,PZU,55344
2017-06-29,3.0581457505229892e-12,7.782380013032157e-13,49552,PZU,49551
2017-06-30,3.1523672561206695e-12,7.684569338330297e-13,60239,PZU,60238
2017-07-03,3.196443110198288e-12,7.679555523030547e-13,18249,PZU,18248
2017-07-04,2.958522316021117e-12,7.834911786938531e-13,31091,PZU,31090
2017-07-05,3.149924765466494e-12,7.865820637230164e-13,55563,PZU,55562
2017-07-06,3.154129735172262e-12,7.895343518061926e-13,32420,PZU,32419
2017-07-07,3.2578384434600594e-12,7.666923163087964e-13,36637,PZU,36636
2017-07-10,3.298250561556415e-12,7.920135020663618e-13,58730,PZU,58729
2017-07-11,3.3950064981524974e-12,8.04023713579827e-13,44925,PZU,44924
2017-07-12,3.028688411177427e-12,7.896236839922321e-13,47992,PZU,47991
2017-07-13,2.9558577807620168e-12,7.723740849459482e-13,57651,PZU,57650
2017-07-14,3.2431834995350073e-12,7.967328080395658e-13,36951,PZU,36950
2017-07-17,3.285621774651304e-12,7.782672454065285e-13,39299,PZU,39298
2017-07-18,3.069544618483633e-12,7.630839891883231e-13,45252,PZU,45251
2017-07-19,3.231748202381368e-12,7.579034067193072e-13,25340,PZU,25339
2017-07-20,3.113509450258789e-12,7.551655575861802e-13,47231,PZU,47230
2017-07-21,3.0833113839889847e-12,7.702525284159531e-13,55248,PZU,55247
2017-07-24,2.9416469260468148e-12,7.653145266357302e-13,48075,PZU,48074
2017-07-25,3.146871652148775e-12,7.772891769059536e-13,60182,PZU,60181
2017-07-26,3.0166980025114754e-12,7.681996956018257e-13,48659,PZU,48658
2017-07-27,3.5187755487164907e-12,7.890162975685236e-13,39362,PZU,39361
2017-07-28,3.112843316444014e-12,7.713979146374727e-13,32432,PZU,32431
2017-07-31,3.103184376129775e-12,7.92228103102153e-13,48933,PZU,48932
2017-08-01,3.1588065496634954e-12,8.296487264998918e-13,36191,PZU,36190
2017-08-02,3.150615185409933e-12,7.91491028940289e-13,40841,PZU,40840
2017-08-03,3.2076563627470023e-12,7.773317723402559e-13,46604,PZU,46603
2017-08-04,3.0433086606329596e-12,7.93580548557108e-13,48279,PZU,48278
2017-08-07,3.0115909765981996e-12,7.977299595103809e-13,36419,PZU,36418
2017-08-08,3.0386804183990535e-12,7.590420857504503e-13,42037,PZU,42036
2017-08-09,2.8914648453337577e-12,7.64035958898203e-13,31351,PZU,31350
2017-08-10,3.120247116239483e-12,7.749850682631162e-13,44041,PZU,44040
2017-08-11,2.9451996397256153e-12,7.702410559721064e-13,33840,PZU,33839
2017-08-14,3.042899265892629e-12,7.696559112052092e-13,25527,PZU,25526
2017-08-16,3.2772673463909996e-12,7.546667268814488e-13,47243,PZU,47242
2017-08-17,3.1157854074592706e-12,7.649630863035808e-13,60646,PZU,60645
2017-08-18,2.981281888025933e-12,7.772398390236835e-13,29802,PZU,29801
2017-08-21,3.0730973321624333e-12,7.91877380459347e-13,37056,PZU,37055
2017-08-22,3.001099369015492e-12,7.637591543182693e-13,21314,PZU,21313
2017-08-23,2.985167668612121e-12,7.667299998692279e-13,50296,PZU,50295
2017-08-24,3.082949281961602e-12,7.722693147724471e-13,38545,PZU,38544
2017-08-25,3.155697925194545e-12,7.607981594769343e-13,39361,PZU,39360
2017-08-28,3.1299407510232413e-12,7.684790297573905e-13,52131,PZU,52130
2017-08-29,2.97895041967422e-12,7.387538130943666e-13,56331,PZU,56330
2017-08-30,3.0127289551984404e-12,7.507492682003896e-13,43188,PZU,43187
2017-08-31,3.1454838733679935e-12,7.485614663757711e-13,35808,PZU,35807
2017-09-01,2.9964919434632975e-12,7.553270969564027e-13,38564,PZU,38563
2017-09-04,3.029521078445896e-12,7.507725154020396e-13,40257,PZU,40256
2017-09-05,2.815303545844472e-12,7.293616884228759e-13,25100,PZU,25099
2017-09-06,2.92643687060945e-12,7.369789258628474e-13,33765,PZU,33764
2017-09-07,3.1231336961035083e-12,7.320817445385505e-13,64196,PZU,64195
2017-09-08,2.8892443992845074e-12,7.413655986616632e-13,40058,PZU,40057
2017-09-11,3.0762059566313837e-12,7.427741280647974e-13,44175,PZU,44174
2017-09-12,3.045730334605423e-12,7.503641990961488e-13,29939,PZU,29938
2017-09-13,2.855604641638365e-12,7.651025302713232e-13,32122,PZU,32121
2017-09-14,2.906536122893044e-12,7.648954216728441e-13,17333,PZU,17332
2017-09-15,3.0446756227320293e-12,7.825496016031978e-13,27316,PZU,27315
2017-09-18,2.9165558856902862e-12,7.638121424630786e-13,23631,PZU,23630
2017-09-19,3.0109248427834245e-12,7.667956928827863e-13,28205,PZU,28204
2017-09-20,3.008260307524324e-12,7.656360799586894e-13,69994,PZU,69993
2017-09-21,2.7688962234151404e-12,7.52105655896237e-13,28516,PZU,28515
2017-09-22,2.922551090023262e-12,7.520097375917444e-13,31400,PZU,31399
2017-09-25,2.9185542871346115e-12,7.389143688882369e-13,28976,PZU,28975
2017-09-26,3.2426283880226947e-12,7.629533439933883e-13,45025,PZU,45024
2017-09-27,3.12194714524594e-12,7.721540608996244e-13,33732,PZU,33731
2017-09-28,3.1103869480020307e-12,7.70419433845328e-13,44127,PZU,44126
2017-09-29,3.2152058793144533e-12,7.560319024892187e-13,44971,PZU,44970
2017-10-02,2.952318944871024e-12,7.547411139994878e-13,43879,PZU,43878
2017-10-03,3.0744295997919835e-12,7.46977005432463e-13,24819,PZU,24818
2017-10-04,3.1725733151688473e-12,7.671134883960291e-13,47079,PZU,47078
2017-10-05,2.9620750296999176e-12,7.655774874182736e-13,42553,PZU,42552
2017-10-06,3.2894797996618763e-12,7.5241354580834e-13,52749,PZU,52748
2017-10-09,2.9760777175980024e-12,7.874805857078906e-13,25647,PZU,25646
2017-10-10,3.1448177395532184e-12,7.557156904173986e-13,32119,PZU,32118
2017-10-11,2.9259927813996e-12,7.426987669751143e-13,45134,PZU,45133
2017-10-12,2.8322483247578134e-12,7.691834579178864e-13,49956,PZU,49955
2017-10-13,2.9100263865267095e-12,7.71327562138069e-13,73102,PZU,73101
2017-10-16,3.028244321967577e-12,7.530467989471494e-13,34084,PZU,34083
2017-10-17,3.1287195056961536e-12,7.463040990395432e-13,38189,PZU,38188
2017-10-18,2.8772539906185557e-12,7.369801170067649e-13,48021,PZU,48020
2017-10-19,3.1534774791452946e-12,7.613197614819476e-13,77201,PZU,77200
2017-10-20,3.1426250490795837e-12,7.59921716861204e-13,36610,PZU,36609
2017-10-23,3.0159208463942377e-12,7.281864221146398e-13,40489,PZU,40488
2017-10-24,3.158695527361033e-12,7.719520761749597e-13,45004,PZU,45003
2017-10-25,3.1028513092223875e-12,7.484642921221966e-13,58142,PZU,58141
2017-10-26,3.508878951286043e-12,7.792565620453401e-13,83437,PZU,83436
2017-10-27,3.172004325868727e-12,7.831138627703865e-13,76477,PZU,76476
2017-10-30,3.0261071426451736e-12,7.528335750967473e-13,28756,PZU,28755
2017-10-31,3.1228353236656403e-12,7.399321726358735e-13,22797,PZU,22796
2017-11-02,3.1239455466902655e-12,7.788386593271018e-13,40720,PZU,40719
2017-11-03,3.140057658335138e-12,7.698649535380921e-13,37710,PZU,37709
2017-11-06,3.084116295681838e-12,7.660846343606413e-13,48208,PZU,48207
2017-11-07,3.027800232757727e-12,7.404689219489962e-13,51146,PZU,51145
2017-11-08,2.9829472225628706e-12,7.564690362729844e-13,29421,PZU,29420
2017-11-09,3.0833113839889847e-12,7.68889225892898e-13,53046,PZU,53045
2017-11-10,2.9247021471334733e-12,7.39628648402748e-13,28317,PZU,28316
2017-11-13,3.0264679651281767e-12,7.736038203469687e-13,44840,PZU,44839
2017-11-14,3.112177182629239e-12,7.664481049488911e-13,36715,PZU,36714
2017-11-15,3.0072611068021615e-12,7.717347389684815e-13,48415,PZU,48414
2017-11-16,2.9736213491560193e-12,7.457993901511879e-13,52635,PZU,52634
2017-11-17,3.0944136142352363e-12,7.491036195965216e-13,49998,PZU,49997
2017-11-20,3.3724134596013755e-12,7.572380496613964e-13,39209,PZU,39208
2017-11-21,2.9802826873037702e-12,7.699661262381576e-13,64464,PZU,64463
2017-11-22,2.826960887603036e-12,7.506138544698324e-13,35449,PZU,35448
2017-11-23,3.1519786780620507e-12,7.17348308259453e-13,28330,PZU,28329
2017-11-24,2.9252156252823625e-12,7.588163742875256e-13,38989,PZU,38988
2017-11-27,3.0038194154258235e-12,7.487771609791146e-13,32166,PZU,32165
2017-11-28,3.0808688933348094e-12,7.498708256964322e-13,42424,PZU,42423
2017-11-29,3.262889958222104e-12,7.92135328703761e-13,33904,PZU,33903
2017-11-30,2.9379831900655518e-12,7.958361649916109e-13,47710,PZU,47709
2017-12-01,3.0904168113465857e-12,7.473277098181098e-13,51799,PZU,51798
2017-12-04,3.0668800832245324e-12,7.488775488789687e-13,63287,PZU,63286
2017-12-05,3.0617730573112567e-12,7.566566084307497e-13,49173,PZU,49172
2017-12-06,3.169672857517014e-12,7.943118369971776e-13,56703,PZU,56702
2017-12-07,3.1198446603930563e-12,7.817311916427204e-13,101835,PZU,101834
2017-12-08,3.329447828548382e-12,8.109754095719264e-13,36411,PZU,36410
2017-12-11,3.3801850207737516e-12,7.952123429461654e-13,43250,PZU,43249
2017-12-12,3.3357760997887453e-12,7.906477565347355e-13,58914,PZU,58913
2017-12-13,3.1394886690350177e-12,8.0077577097541e-13,39193,PZU,39192
2017-12-14,3.0672686612831512e-12,7.981055751555601e-13,45355,PZU,45354
2017-12-15,3.08619796385301e-12,7.921021198824307e-13,41090,PZU,41089
2017-12-18,3.0087599078854055e-12,7.910069689718472e-13,33636,PZU,33635
2017-12-19,3.086447764033551e-12,7.658600660269745e-13,28116,PZU,28115
2017-12-20,3.1596947280831955e-12,8.123952962522992e-13,34393,PZU,34392
2017-12-21,3.106181978296263e-12,7.875290605640729e-13,40558,PZU,40557
2017-12-22,3.3616998074137427e-12,8.394614000765819e-13,40283,PZU,40282
2017-12-27,2.6498803151753236e-12,6.974106790843608e-13,22405,KGHM,22404
2017-12-28,2.7395863355650363e-12,6.885971955129444e-13,35101,KGHM,35100
2017-12-29,2.720462743965868e-12,6.590130054643013e-13,29710,KGHM,29709
2017-12-27,2.688960165642129e-12,6.726482749822691e-13,13613,PEKAO,13612
2017-12-28,3.6121938773447937e-12,9.29922323563485e-13,16347,PEKAO,16346
2017-12-29,3.763211964269431e-12,9.869690392567214e-13,13053,PEKAO,13052
2017-12-27,2.7418067816142866e-12,6.575254761222399e-13,29566,PKNORLEN,29565
2017-12-28,2.8860247525130944e-12,6.534114189527409e-13,27594,PKNORLEN,27593
2017-12-29,2.8518298833546396e-12,6.959393594102272e-13,41023,PKNORLEN,41022
2017-12-27,3.1161739855178894e-12,7.675874783972105e-13,22639,PKOBP,22638
2017-12-28,3.1095126473701384e-12,7.647674339161864e-13,37734,PKOBP,37733
2017-12-29,3.163913575576771e-12,8.060218413915967e-13,42187,PKOBP,42186
2017-12-27,3.454125874213787e-12,8.123946566088836e-13,82706,PZU,82516
2017-12-28,3.664402115077792e-12,8.383029371772237e-13,34943,PZU,34942
2017-12-29,3.1571412151265577e-12,8.429040837939727e-13,38127,PZU,38126
