model,horizon,latency,interpretation,metric,expected,defined,mean,median,positive,available_case_mean,cohort
linear,10,0,reset,fill_probability,20,20,0.00544469568,0.0051792838,20,0.00544469568,monthly
linear,10,0,retain,fill_probability,20,20,0.00544469568,0.0051792838,20,0.00544469568,monthly
linear,10,1,reset,fill_probability,20,20,0.0065260964399999994,0.00626877765,20,0.0065260964399999994,monthly
linear,10,1,retain,fill_probability,20,20,0.0065260964399999994,0.00626877765,20,0.0065260964399999994,monthly
linear,10,5,reset,fill_probability,20,20,0.0082134362,0.0077812839500000005,20,0.0082134362,monthly
linear,10,5,retain,fill_probability,20,20,0.0082134362,0.0077812839500000005,20,0.0082134362,monthly
linear,20,0,reset,fill_probability,20,20,0.023625731820000002,0.022353168399999998,20,0.023625731820000002,monthly
linear,20,0,retain,fill_probability,20,20,0.023625731820000002,0.022353168399999998,20,0.023625731820000002,monthly
linear,20,1,reset,fill_probability,20,20,0.025750844449999997,0.024028957650000002,20,0.025750844449999997,monthly
linear,20,1,retain,fill_probability,20,20,0.025750844449999997,0.024028957650000002,20,0.025750844449999997,monthly
linear,20,5,reset,fill_probability,20,20,0.029895388535,0.0279787479,20,0.029895388535,monthly
linear,20,5,retain,fill_probability,20,20,0.029895388535,0.0279787479,20,0.029895388535,monthly
linear,50,0,reset,fill_probability,20,20,0.102338410135,0.0993377834,20,0.102338410135,monthly
linear,50,0,retain,fill_probability,20,20,0.102338410135,0.0993377834,20,0.102338410135,monthly
linear,50,1,reset,fill_probability,20,20,0.10609703479499999,0.10247797575,20,0.10609703479499999,monthly
linear,50,1,retain,fill_probability,20,20,0.10609703479499999,0.10247797575,20,0.10609703479499999,monthly
linear,50,5,reset,fill_probability,20,20,0.11511171964500003,0.11144336429999999,20,0.11511171964500003,monthly
linear,50,5,retain,fill_probability,20,20,0.11511171964500003,0.11144336429999999,20,0.11511171964500003,monthly
xgboost,10,0,reset,fill_probability,20,20,0.005232157760000001,0.00500120955,20,0.005232157760000001,monthly
xgboost,10,0,retain,fill_probability,20,20,0.005232157760000001,0.00500120955,20,0.005232157760000001,monthly
xgboost,10,1,reset,fill_probability,20,20,0.006201683674999999,0.0058882658000000004,20,0.006201683674999999,monthly
xgboost,10,1,retain,fill_probability,20,20,0.006201683674999999,0.0058882658000000004,20,0.006201683674999999,monthly
xgboost,10,5,reset,fill_probability,20,20,0.007989386855,0.0075979463,20,0.007989386855,monthly
xgboost,10,5,retain,fill_probability,20,20,0.007989386855,0.0075979463,20,0.007989386855,monthly
xgboost,20,0,reset,fill_probability,20,20,0.023364720985000004,0.02172019805,20,0.023364720985000004,monthly
xgboost,20,0,retain,fill_probability,20,20,0.023364720985000004,0.02172019805,20,0.023364720985000004,monthly
xgboost,20,1,reset,fill_probability,20,20,0.02524486184,0.02348422175,20,0.02524486184,monthly
xgboost,20,1,retain,fill_probability,20,20,0.02524486184,0.02348422175,20,0.02524486184,monthly
xgboost,20,5,reset,fill_probability,20,20,0.029572302110000004,0.0276535413,20,0.029572302110000004,monthly
xgboost,20,5,retain,fill_probability,20,20,0.029572302110000004,0.0276535413,20,0.029572302110000004,monthly
xgboost,50,0,reset,fill_probability,20,20,0.10316562533,0.0998033149,20,0.10316562533,monthly
xgboost,50,0,retain,fill_probability,20,20,0.10316562533,0.0998033149,20,0.10316562533,monthly
xgboost,50,1,reset,fill_probability,20,20,0.10644046472000002,0.1025121346,20,0.10644046472000002,monthly
xgboost,50,1,retain,fill_probability,20,20,0.10644046472000002,0.1025121346,20,0.10644046472000002,monthly
xgboost,50,5,reset,fill_probability,20,20,0.11561419969500002,0.1117554132,20,0.11561419969500002,monthly
xgboost,50,5,retain,fill_probability,20,20,0.11561419969500002,0.1117554132,20,0.11561419969500002,monthly
linear,10,0,reset,mean_fill_time,20,20,7.722464109100001,7.73912888175,20,7.722464109100001,monthly
linear,10,0,retain,mean_fill_time,20,20,7.722464109100001,7.73912888175,20,7.722464109100001,monthly
linear,10,1,reset,mean_fill_time,20,20,7.532412344494999,7.515283574150001,20,7.532412344494999,monthly
linear,10,1,retain,mean_fill_time,20,20,7.532412344494999,7.515283574150001,20,7.532412344494999,monthly
linear,10,5,reset,mean_fill_time,20,20,7.462600572205,7.4699742889500005,20,7.462600572205,monthly
linear,10,5,retain,mean_fill_time,20,20,7.462600572205,7.4699742889500005,20,7.462600572205,monthly
linear,20,0,reset,mean_fill_time,20,20,14.053638156664999,14.10476818155,20,14.053638156664999,monthly
linear,20,0,retain,mean_fill_time,20,20,14.053638156664999,14.10476818155,20,14.053638156664999,monthly
linear,20,1,reset,mean_fill_time,20,20,13.777707583915,13.77952003785,20,13.777707583915,monthly
linear,20,1,retain,mean_fill_time,20,20,13.777707583915,13.77952003785,20,13.777707583915,monthly
linear,20,5,reset,mean_fill_time,20,20,13.530602498699997,13.5168604885,20,13.530602498699997,monthly
linear,20,5,retain,mean_fill_time,20,20,13.530602498699997,13.5168604885,20,13.530602498699997,monthly
linear,50,0,reset,mean_fill_time,20,20,30.962096399914998,30.9438069203,20,30.962096399914998,monthly
linear,50,0,retain,mean_fill_time,20,20,30.962096399914998,30.9438069203,20,30.962096399914998,monthly
linear,50,1,reset,mean_fill_time,20,20,30.597683517345,30.64243201785,20,30.597683517345,monthly
linear,50,1,retain,mean_fill_time,20,20,30.597683517345,30.64243201785,20,30.597683517345,monthly
linear,50,5,reset,mean_fill_time,20,20,30.085689602109994,30.11889203765,20,30.085689602109994,monthly
linear,50,5,retain,mean_fill_time,20,20,30.085689602109994,30.11889203765,20,30.085689602109994,monthly
xgboost,10,0,reset,mean_fill_time,20,20,7.749577307415,7.75577947525,20,7.749577307415,monthly
xgboost,10,0,retain,mean_fill_time,20,20,7.749577307415,7.75577947525,20,7.749577307415,monthly
xgboost,10,1,reset,mean_fill_time,20,20,7.5761162667,7.581794235349999,20,7.5761162667,monthly
xgboost,10,1,retain,mean_fill_time,20,20,7.5761162667,7.581794235349999,20,7.5761162667,monthly
xgboost,10,5,reset,mean_fill_time,20,20,7.487259786905,7.48071094815,20,7.487259786905,monthly
xgboost,10,5,retain,mean_fill_time,20,20,7.487259786905,7.48071094815,20,7.487259786905,monthly
xgboost,20,0,reset,mean_fill_time,20,20,14.095897157565,14.14736725575,20,14.095897157565,monthly
xgboost,20,0,retain,mean_fill_time,20,20,14.095897157565,14.14736725575,20,14.095897157565,monthly
xgboost,20,1,reset,mean_fill_time,20,20,13.866090885170001,13.91581801345,20,13.866090885170001,monthly
xgboost,20,1,retain,mean_fill_time,20,20,13.866090885170001,13.91581801345,20,13.866090885170001,monthly
xgboost,20,5,reset,mean_fill_time,20,20,13.58135728796,13.573650228350001,20,13.58135728796,monthly
xgboost,20,5,retain,mean_fill_time,20,20,13.58135728796,13.573650228350001,20,13.58135728796,monthly
xgboost,50,0,reset,mean_fill_time,20,20,31.021042190584996,31.00756210235,20,31.021042190584996,monthly
xgboost,50,0,retain,mean_fill_time,20,20,31.021042190584996,31.00756210235,20,31.021042190584996,monthly
xgboost,50,1,reset,mean_fill_time,20,20,30.72251463718,30.73531977875,20,30.72251463718,monthly
xgboost,50,1,retain,mean_fill_time,20,20,30.72251463718,30.73531977875,20,30.72251463718,monthly
xgboost,50,5,reset,mean_fill_time,20,20,30.170483466385,30.19641342065,20,30.170483466385,monthly
xgboost,50,5,retain,mean_fill_time,20,20,30.170483466385,30.19641342065,20,30.170483466385,monthly
linear,10,0,reset,markout_5,20,20,-0.097903436245,-0.102622172,7,-0.097903436245,monthly
linear,10,0,retain,markout_5,20,20,-0.097903436245,-0.102622172,7,-0.097903436245,monthly
linear,10,1,reset,markout_5,20,20,-0.025675290299999997,-0.02432786045,9,-0.025675290299999997,monthly
linear,10,1,retain,markout_5,20,20,-0.025675290299999997,-0.02432786045,9,-0.025675290299999997,monthly
linear,10,5,reset,markout_5,20,20,-0.029069334599999996,-0.0248328935,9,-0.029069334599999996,monthly
linear,10,5,retain,markout_5,20,20,-0.029069334599999996,-0.0248328935,9,-0.029069334599999996,monthly
linear,20,0,reset,markout_5,20,20,-0.33252455248,-0.30544878115,1,-0.33252455248,monthly
linear,20,0,retain,markout_5,20,20,-0.33252455248,-0.30544878115,1,-0.33252455248,monthly
linear,20,1,reset,markout_5,20,20,-0.2922680662,-0.2649240437,1,-0.2922680662,monthly
linear,20,1,retain,markout_5,20,20,-0.2922680662,-0.2649240437,1,-0.2922680662,monthly
linear,20,5,reset,markout_5,20,20,-0.271626218695,-0.23436744980000002,1,-0.271626218695,monthly
linear,20,5,retain,markout_5,20,20,-0.271626218695,-0.23436744980000002,1,-0.271626218695,monthly
linear,50,0,reset,markout_5,20,20,-0.5201311309900001,-0.5243803312499999,0,-0.5201311309900001,monthly
linear,50,0,retain,markout_5,20,20,-0.5201311309900001,-0.5243803312499999,0,-0.5201311309900001,monthly
linear,50,1,reset,markout_5,20,20,-0.5011257923800001,-0.5020181408,0,-0.5011257923800001,monthly
linear,50,1,retain,markout_5,20,20,-0.5011257923800001,-0.5020181408,0,-0.5011257923800001,monthly
linear,50,5,reset,markout_5,20,20,-0.479808489395,-0.47456025085,0,-0.479808489395,monthly
linear,50,5,retain,markout_5,20,20,-0.479808489395,-0.47456025085,0,-0.479808489395,monthly
xgboost,10,0,reset,markout_5,20,20,-0.0974500672,-0.0914924147,6,-0.0974500672,monthly
xgboost,10,0,retain,markout_5,20,20,-0.0974500672,-0.0914924147,6,-0.0974500672,monthly
xgboost,10,1,reset,markout_5,20,20,-0.039508133295000004,-0.03139275105,9,-0.039508133295000004,monthly
xgboost,10,1,retain,markout_5,20,20,-0.039508133295000004,-0.03139275105,9,-0.039508133295000004,monthly
xgboost,10,5,reset,markout_5,20,20,-0.035579042405,-0.03894823145,8,-0.035579042405,monthly
xgboost,10,5,retain,markout_5,20,20,-0.035579042405,-0.03894823145,8,-0.035579042405,monthly
xgboost,20,0,reset,markout_5,20,20,-0.33349751848,-0.30785278245000003,0,-0.33349751848,monthly
xgboost,20,0,retain,markout_5,20,20,-0.33349751848,-0.30785278245000003,0,-0.33349751848,monthly
xgboost,20,1,reset,markout_5,20,20,-0.30386946664500003,-0.27544955905,1,-0.30386946664500003,monthly
xgboost,20,1,retain,markout_5,20,20,-0.30386946664500003,-0.27544955905,1,-0.30386946664500003,monthly
xgboost,20,5,reset,markout_5,20,20,-0.278366955225,-0.23708539255,1,-0.278366955225,monthly
xgboost,20,5,retain,markout_5,20,20,-0.278366955225,-0.23708539255,1,-0.278366955225,monthly
xgboost,50,0,reset,markout_5,20,20,-0.51428941199,-0.51005274955,0,-0.51428941199,monthly
xgboost,50,0,retain,markout_5,20,20,-0.51428941199,-0.51005274955,0,-0.51428941199,monthly
xgboost,50,1,reset,markout_5,20,20,-0.50088073242,-0.49902099065,0,-0.50088073242,monthly
xgboost,50,1,retain,markout_5,20,20,-0.50088073242,-0.49902099065,0,-0.50088073242,monthly
xgboost,50,5,reset,markout_5,20,20,-0.478643149225,-0.4788528208,0,-0.478643149225,monthly
xgboost,50,5,retain,markout_5,20,20,-0.478643149225,-0.4788528208,0,-0.478643149225,monthly
linear,10,0,reset,spread_5,20,20,4.473961385195,4.2037360794000005,20,4.473961385195,monthly
linear,10,0,retain,spread_5,20,20,4.473961385195,4.2037360794000005,20,4.473961385195,monthly
linear,10,1,reset,spread_5,20,20,4.371811441505001,4.183529708849999,20,4.371811441505001,monthly
linear,10,1,retain,spread_5,20,20,4.371811441505001,4.183529708849999,20,4.371811441505001,monthly
linear,10,5,reset,spread_5,20,20,4.093313242510001,3.9699778862999997,20,4.093313242510001,monthly
linear,10,5,retain,spread_5,20,20,4.093313242510001,3.9699778862999997,20,4.093313242510001,monthly
linear,20,0,reset,spread_5,20,20,4.357799384605,4.18674506375,20,4.357799384605,monthly
linear,20,0,retain,spread_5,20,20,4.357799384605,4.18674506375,20,4.357799384605,monthly
linear,20,1,reset,spread_5,20,20,4.324107469965,4.1964115317,20,4.324107469965,monthly
linear,20,1,retain,spread_5,20,20,4.324107469965,4.1964115317,20,4.324107469965,monthly
linear,20,5,reset,spread_5,20,20,4.163271281049999,4.0435502571,20,4.163271281049999,monthly
linear,20,5,retain,spread_5,20,20,4.163271281049999,4.0435502571,20,4.163271281049999,monthly
linear,50,0,reset,spread_5,20,20,4.84874887684,4.58133526655,20,4.84874887684,monthly
linear,50,0,retain,spread_5,20,20,4.84874887684,4.58133526655,20,4.84874887684,monthly
linear,50,1,reset,spread_5,20,20,4.842868875795,4.619636856,20,4.842868875795,monthly
linear,50,1,retain,spread_5,20,20,4.842868875795,4.619636856,20,4.842868875795,monthly
linear,50,5,reset,spread_5,20,20,4.79751599364,4.63593057105,20,4.79751599364,monthly
linear,50,5,retain,spread_5,20,20,4.79751599364,4.63593057105,20,4.79751599364,monthly
xgboost,10,0,reset,spread_5,20,20,4.548502484765001,4.30563155975,20,4.548502484765001,monthly
xgboost,10,0,retain,spread_5,20,20,4.548502484765001,4.30563155975,20,4.548502484765001,monthly
xgboost,10,1,reset,spread_5,20,20,4.422187694835001,4.2424503432,20,4.422187694835001,monthly
xgboost,10,1,retain,spread_5,20,20,4.422187694835001,4.2424503432,20,4.422187694835001,monthly
xgboost,10,5,reset,spread_5,20,20,4.117853725694999,4.02590852045,20,4.117853725694999,monthly
xgboost,10,5,retain,spread_5,20,20,4.117853725694999,4.02590852045,20,4.117853725694999,monthly
xgboost,20,0,reset,spread_5,20,20,4.45587404126,4.3074179077500006,20,4.45587404126,monthly
xgboost,20,0,retain,spread_5,20,20,4.45587404126,4.3074179077500006,20,4.45587404126,monthly
xgboost,20,1,reset,spread_5,20,20,4.40855896631,4.2791524680999995,20,4.40855896631,monthly
xgboost,20,1,retain,spread_5,20,20,4.40855896631,4.2791524680999995,20,4.40855896631,monthly
xgboost,20,5,reset,spread_5,20,20,4.21871626399,4.09219290275,20,4.21871626399,monthly
xgboost,20,5,retain,spread_5,20,20,4.21871626399,4.09219290275,20,4.21871626399,monthly
xgboost,50,0,reset,spread_5,20,20,4.955203558300001,4.702415279449999,20,4.955203558300001,monthly
xgboost,50,0,retain,spread_5,20,20,4.955203558300001,4.702415279449999,20,4.955203558300001,monthly
xgboost,50,1,reset,spread_5,20,20,4.939702635049999,4.7236309474,20,4.939702635049999,monthly
xgboost,50,1,retain,spread_5,20,20,4.939702635049999,4.7236309474,20,4.939702635049999,monthly
xgboost,50,5,reset,spread_5,20,20,4.876215848814999,4.7138680883,20,4.876215848814999,monthly
xgboost,50,5,retain,spread_5,20,20,4.876215848814999,4.7138680883,20,4.876215848814999,monthly
linear,10,0,reset,passive_price_markout_5_bps,20,20,2.2369806925975,2.1018680397000002,20,2.2369806925975,monthly
linear,10,0,retain,passive_price_markout_5_bps,20,20,2.2369806925975,2.1018680397000002,20,2.2369806925975,monthly
linear,10,1,reset,passive_price_markout_5_bps,20,20,2.1859057207525003,2.0917648544249996,20,2.1859057207525003,monthly
linear,10,1,retain,passive_price_markout_5_bps,20,20,2.1859057207525003,2.0917648544249996,20,2.1859057207525003,monthly
linear,10,5,reset,passive_price_markout_5_bps,20,20,2.0466566212550004,1.9849889431499999,20,2.0466566212550004,monthly
linear,10,5,retain,passive_price_markout_5_bps,20,20,2.0466566212550004,1.9849889431499999,20,2.0466566212550004,monthly
linear,20,0,reset,passive_price_markout_5_bps,20,20,2.1788996923025,2.093372531875,20,2.1788996923025,monthly
linear,20,0,retain,passive_price_markout_5_bps,20,20,2.1788996923025,2.093372531875,20,2.1788996923025,monthly
linear,20,1,reset,passive_price_markout_5_bps,20,20,2.1620537349825,2.09820576585,20,2.1620537349825,monthly
linear,20,1,retain,passive_price_markout_5_bps,20,20,2.1620537349825,2.09820576585,20,2.1620537349825,monthly
linear,20,5,reset,passive_price_markout_5_bps,20,20,2.0816356405249996,2.02177512855,20,2.0816356405249996,monthly
linear,20,5,retain,passive_price_markout_5_bps,20,20,2.0816356405249996,2.02177512855,20,2.0816356405249996,monthly
linear,50,0,reset,passive_price_markout_5_bps,20,20,2.42437443842,2.290667633275,20,2.42437443842,monthly
linear,50,0,retain,passive_price_markout_5_bps,20,20,2.42437443842,2.290667633275,20,2.42437443842,monthly
linear,50,1,reset,passive_price_markout_5_bps,20,20,2.4214344378975,2.309818428,20,2.4214344378975,monthly
linear,50,1,retain,passive_price_markout_5_bps,20,20,2.4214344378975,2.309818428,20,2.4214344378975,monthly
linear,50,5,reset,passive_price_markout_5_bps,20,20,2.39875799682,2.317965285525,20,2.39875799682,monthly
linear,50,5,retain,passive_price_markout_5_bps,20,20,2.39875799682,2.317965285525,20,2.39875799682,monthly
xgboost,10,0,reset,passive_price_markout_5_bps,20,20,2.2742512423825003,2.152815779875,20,2.2742512423825003,monthly
xgboost,10,0,retain,passive_price_markout_5_bps,20,20,2.2742512423825003,2.152815779875,20,2.2742512423825003,monthly
xgboost,10,1,reset,passive_price_markout_5_bps,20,20,2.2110938474175006,2.1212251716,20,2.2110938474175006,monthly
xgboost,10,1,retain,passive_price_markout_5_bps,20,20,2.2110938474175006,2.1212251716,20,2.2110938474175006,monthly
xgboost,10,5,reset,passive_price_markout_5_bps,20,20,2.0589268628474997,2.012954260225,20,2.0589268628474997,monthly
xgboost,10,5,retain,passive_price_markout_5_bps,20,20,2.0589268628474997,2.012954260225,20,2.0589268628474997,monthly
xgboost,20,0,reset,passive_price_markout_5_bps,20,20,2.22793702063,2.1537089538750003,20,2.22793702063,monthly
xgboost,20,0,retain,passive_price_markout_5_bps,20,20,2.22793702063,2.1537089538750003,20,2.22793702063,monthly
xgboost,20,1,reset,passive_price_markout_5_bps,20,20,2.204279483155,2.1395762340499997,20,2.204279483155,monthly
xgboost,20,1,retain,passive_price_markout_5_bps,20,20,2.204279483155,2.1395762340499997,20,2.204279483155,monthly
xgboost,20,5,reset,passive_price_markout_5_bps,20,20,2.109358131995,2.046096451375,20,2.109358131995,monthly
xgboost,20,5,retain,passive_price_markout_5_bps,20,20,2.109358131995,2.046096451375,20,2.109358131995,monthly
xgboost,50,0,reset,passive_price_markout_5_bps,20,20,2.4776017791500005,2.3512076397249997,20,2.4776017791500005,monthly
xgboost,50,0,retain,passive_price_markout_5_bps,20,20,2.4776017791500005,2.3512076397249997,20,2.4776017791500005,monthly
xgboost,50,1,reset,passive_price_markout_5_bps,20,20,2.4698513175249994,2.3618154737,20,2.4698513175249994,monthly
xgboost,50,1,retain,passive_price_markout_5_bps,20,20,2.4698513175249994,2.3618154737,20,2.4698513175249994,monthly
xgboost,50,5,reset,passive_price_markout_5_bps,20,20,2.4381079244074995,2.35693404415,20,2.4381079244074995,monthly
xgboost,50,5,retain,passive_price_markout_5_bps,20,20,2.4381079244074995,2.35693404415,20,2.4381079244074995,monthly
linear,10,0,reset,fill_probability,5,5,0.005170244090560999,0.0041504825991504,5,0.005170244090560999,later
linear,10,0,retain,fill_probability,5,5,0.005170244090560999,0.0041504825991504,5,0.005170244090560999,later
linear,10,1,reset,fill_probability,5,5,0.0061344214208566596,0.004871458449707,5,0.0061344214208566596,later
linear,10,1,retain,fill_probability,5,5,0.0061344214208566596,0.004871458449707,5,0.0061344214208566596,later
linear,10,5,reset,fill_probability,5,5,0.00793767947423384,0.0064757920991439,5,0.00793767947423384,later
linear,10,5,retain,fill_probability,5,5,0.00793767947423384,0.0064757920991439,5,0.00793767947423384,later
linear,20,0,reset,fill_probability,5,5,0.02341883498502586,0.0196206671026814,5,0.02341883498502586,later
linear,20,0,retain,fill_probability,5,5,0.02341883498502586,0.0196206671026814,5,0.02341883498502586,later
linear,20,1,reset,fill_probability,5,5,0.02536984960955428,0.0211926152857618,5,0.02536984960955428,later
linear,20,1,retain,fill_probability,5,5,0.02536984960955428,0.0211926152857618,5,0.02536984960955428,later
linear,20,5,reset,fill_probability,5,5,0.029216635560891102,0.0237972301584569,5,0.029216635560891102,later
linear,20,5,retain,fill_probability,5,5,0.029216635560891102,0.0237972301584569,5,0.029216635560891102,later
linear,50,0,reset,fill_probability,5,5,0.0996642414146977,0.0863627488140771,5,0.0996642414146977,later
linear,50,0,retain,fill_probability,5,5,0.0996642414146977,0.0863627488140771,5,0.0996642414146977,later
linear,50,1,reset,fill_probability,5,5,0.10315476668926649,0.0892801764239688,5,0.10315476668926649,later
linear,50,1,retain,fill_probability,5,5,0.10315476668926649,0.0892801764239688,5,0.10315476668926649,later
linear,50,5,reset,fill_probability,5,5,0.1120383315335618,0.096550773577754,5,0.1120383315335618,later
linear,50,5,retain,fill_probability,5,5,0.1120383315335618,0.096550773577754,5,0.1120383315335618,later
xgboost,10,0,reset,fill_probability,5,5,0.00488818515232442,0.0039361384273633,5,0.00488818515232442,later
xgboost,10,0,retain,fill_probability,5,5,0.00488818515232442,0.0039361384273633,5,0.00488818515232442,later
xgboost,10,1,reset,fill_probability,5,5,0.00570543554487902,0.0046246378882552,5,0.00570543554487902,later
xgboost,10,1,retain,fill_probability,5,5,0.00570543554487902,0.0046246378882552,5,0.00570543554487902,later
xgboost,10,5,reset,fill_probability,5,5,0.0075578907350503394,0.0062614479273568,5,0.0075578907350503394,later
xgboost,10,5,retain,fill_probability,5,5,0.0075578907350503394,0.0062614479273568,5,0.0075578907350503394,later
xgboost,20,0,reset,fill_probability,5,5,0.022815289745735663,0.0186224226360538,5,0.022815289745735663,later
xgboost,20,0,retain,fill_probability,5,5,0.022815289745735663,0.0186224226360538,5,0.022815289745735663,later
xgboost,20,1,reset,fill_probability,5,5,0.0246673940590245,0.0201255263731598,5,0.0246673940590245,later
xgboost,20,1,retain,fill_probability,5,5,0.0246673940590245,0.0201255263731598,5,0.0246673940590245,later
xgboost,20,5,reset,fill_probability,5,5,0.02900507517875196,0.0233726894082819,5,0.02900507517875196,later
xgboost,20,5,retain,fill_probability,5,5,0.02900507517875196,0.0233726894082819,5,0.02900507517875196,later
xgboost,50,0,reset,fill_probability,5,5,0.09953528027311957,0.0843871679128906,5,0.09953528027311957,later
xgboost,50,0,retain,fill_probability,5,5,0.09953528027311957,0.0843871679128906,5,0.09953528027311957,later
xgboost,50,1,reset,fill_probability,5,5,0.1026930007778909,0.0872816236518383,5,0.1026930007778909,later
xgboost,50,1,retain,fill_probability,5,5,0.1026930007778909,0.0872816236518383,5,0.1026930007778909,later
xgboost,50,5,reset,fill_probability,5,5,0.11194118085627847,0.0950690879018641,5,0.11194118085627847,later
xgboost,50,5,retain,fill_probability,5,5,0.11194118085627847,0.0950690879018641,5,0.11194118085627847,later
linear,10,0,reset,mean_fill_time,5,5,7.747112807296384,7.769953051643192,5,7.747112807296384,later
linear,10,0,retain,mean_fill_time,5,5,7.747112807296384,7.769953051643192,5,7.747112807296384,later
linear,10,1,reset,mean_fill_time,5,5,7.542755306174735,7.520435967302452,5,7.542755306174735,later
linear,10,1,retain,mean_fill_time,5,5,7.542755306174735,7.520435967302452,5,7.542755306174735,later
linear,10,5,reset,mean_fill_time,5,5,7.570543506808093,7.609958506224066,5,7.570543506808093,later
linear,10,5,retain,mean_fill_time,5,5,7.570543506808093,7.609958506224066,5,7.570543506808093,later
linear,20,0,reset,mean_fill_time,5,5,14.13054632667548,14.021536252692032,5,14.13054632667548,later
linear,20,0,retain,mean_fill_time,5,5,14.13054632667548,14.021536252692032,5,14.13054632667548,later
linear,20,1,reset,mean_fill_time,5,5,13.857793520284833,13.7729494839761,5,13.857793520284833,later
linear,20,1,retain,mean_fill_time,5,5,13.857793520284833,13.7729494839761,5,13.857793520284833,later
linear,20,5,reset,mean_fill_time,5,5,13.544491559848757,13.51291866028708,5,13.544491559848757,later
linear,20,5,retain,mean_fill_time,5,5,13.544491559848757,13.51291866028708,5,13.544491559848757,later
linear,50,0,reset,mean_fill_time,5,5,30.968658228387813,31.07063227953411,5,30.968658228387813,later
linear,50,0,retain,mean_fill_time,5,5,30.968658228387813,31.07063227953411,5,30.968658228387813,later
linear,50,1,reset,mean_fill_time,5,5,30.63029686469843,30.76381182147165,5,30.63029686469843,later
linear,50,1,retain,mean_fill_time,5,5,30.63029686469843,30.76381182147165,5,30.63029686469843,later
linear,50,5,reset,mean_fill_time,5,5,30.157045614028828,30.213344134325062,5,30.157045614028828,later
linear,50,5,retain,mean_fill_time,5,5,30.157045614028828,30.213344134325062,5,30.157045614028828,later
xgboost,10,0,reset,mean_fill_time,5,5,7.772086494060464,7.785478547854786,5,7.772086494060464,later
xgboost,10,0,retain,mean_fill_time,5,5,7.772086494060464,7.785478547854786,5,7.772086494060464,later
xgboost,10,1,reset,mean_fill_time,5,5,7.589457865205246,7.571847507331379,5,7.589457865205246,later
xgboost,10,1,retain,mean_fill_time,5,5,7.589457865205246,7.571847507331379,5,7.589457865205246,later
xgboost,10,5,reset,mean_fill_time,5,5,7.5765257261938554,7.610062893081761,5,7.5765257261938554,later
xgboost,10,5,retain,mean_fill_time,5,5,7.5765257261938554,7.610062893081761,5,7.5765257261938554,later
xgboost,20,0,reset,mean_fill_time,5,5,14.161472450180446,14.05565594506686,5,14.161472450180446,later
xgboost,20,0,retain,mean_fill_time,5,5,14.161472450180446,14.05565594506686,5,14.161472450180446,later
xgboost,20,1,reset,mean_fill_time,5,5,13.927231968198118,13.91722972972973,5,13.927231968198118,later
xgboost,20,1,retain,mean_fill_time,5,5,13.927231968198118,13.91722972972973,5,13.927231968198118,later
xgboost,20,5,reset,mean_fill_time,5,5,13.614101140066987,13.662633107454017,5,13.614101140066987,later
xgboost,20,5,retain,mean_fill_time,5,5,13.614101140066987,13.662633107454017,5,13.614101140066987,later
xgboost,50,0,reset,mean_fill_time,5,5,31.036185134148695,30.967106923529908,5,31.036185134148695,later
xgboost,50,0,retain,mean_fill_time,5,5,31.036185134148695,30.967106923529908,5,31.036185134148695,later
xgboost,50,1,reset,mean_fill_time,5,5,30.727318680850242,30.68362363665961,5,30.727318680850242,later
xgboost,50,1,retain,mean_fill_time,5,5,30.727318680850242,30.68362363665961,5,30.727318680850242,later
xgboost,50,5,reset,mean_fill_time,5,5,30.203654084568598,30.20424363825209,5,30.203654084568598,later
xgboost,50,5,retain,mean_fill_time,5,5,30.203654084568598,30.20424363825209,5,30.203654084568598,later
linear,10,0,reset,markout_5,5,5,-0.12376819578100948,-0.0916023936218053,1,-0.12376819578100948,later
linear,10,0,retain,markout_5,5,5,-0.12376819578100948,-0.0916023936218053,1,-0.12376819578100948,later
linear,10,1,reset,markout_5,5,5,-0.11883990995159321,-0.0742691969398852,2,-0.11883990995159321,later
linear,10,1,retain,markout_5,5,5,-0.11883990995159321,-0.0742691969398852,2,-0.11883990995159321,later
linear,10,5,reset,markout_5,5,5,-0.24438871124937372,-0.2178383756536071,1,-0.24438871124937372,later
linear,10,5,retain,markout_5,5,5,-0.24438871124937372,-0.2178383756536071,1,-0.24438871124937372,later
linear,20,0,reset,markout_5,5,5,-0.43707787700108136,-0.4397024753736472,0,-0.43707787700108136,later
linear,20,0,retain,markout_5,5,5,-0.43707787700108136,-0.4397024753736472,0,-0.43707787700108136,later
linear,20,1,reset,markout_5,5,5,-0.40829513736099743,-0.4066320448887267,0,-0.40829513736099743,later
linear,20,1,retain,markout_5,5,5,-0.40829513736099743,-0.4066320448887267,0,-0.40829513736099743,later
linear,20,5,reset,markout_5,5,5,-0.4082088002477399,-0.4027622365033207,0,-0.4082088002477399,later
linear,20,5,retain,markout_5,5,5,-0.4082088002477399,-0.4027622365033207,0,-0.4082088002477399,later
linear,50,0,reset,markout_5,5,5,-0.6217597868823459,-0.6630963787082155,0,-0.6217597868823459,later
linear,50,0,retain,markout_5,5,5,-0.6217597868823459,-0.6630963787082155,0,-0.6217597868823459,later
linear,50,1,reset,markout_5,5,5,-0.6051553031476493,-0.6332708439673491,0,-0.6051553031476493,later
linear,50,1,retain,markout_5,5,5,-0.6051553031476493,-0.6332708439673491,0,-0.6051553031476493,later
linear,50,5,reset,markout_5,5,5,-0.5890863955494743,-0.6127425756610125,0,-0.5890863955494743,later
linear,50,5,retain,markout_5,5,5,-0.5890863955494743,-0.6127425756610125,0,-0.5890863955494743,later
xgboost,10,0,reset,markout_5,5,5,-0.2019420890261224,-0.2704652260507496,2,-0.2019420890261224,later
xgboost,10,0,retain,markout_5,5,5,-0.2019420890261224,-0.2704652260507496,2,-0.2019420890261224,later
xgboost,10,1,reset,markout_5,5,5,-0.1930345232908755,-0.2165490788055809,2,-0.1930345232908755,later
xgboost,10,1,retain,markout_5,5,5,-0.1930345232908755,-0.2165490788055809,2,-0.1930345232908755,later
xgboost,10,5,reset,markout_5,5,5,-0.25232099675304465,-0.3223050469815343,2,-0.25232099675304465,later
xgboost,10,5,retain,markout_5,5,5,-0.25232099675304465,-0.3223050469815343,2,-0.25232099675304465,later
xgboost,20,0,reset,markout_5,5,5,-0.4560272908494385,-0.4351723400103447,0,-0.4560272908494385,later
xgboost,20,0,retain,markout_5,5,5,-0.4560272908494385,-0.4351723400103447,0,-0.4560272908494385,later
xgboost,20,1,reset,markout_5,5,5,-0.4314681321374689,-0.4192171640131653,0,-0.4314681321374689,later
xgboost,20,1,retain,markout_5,5,5,-0.4314681321374689,-0.4192171640131653,0,-0.4314681321374689,later
xgboost,20,5,reset,markout_5,5,5,-0.41642709674582223,-0.4230796702537931,0,-0.41642709674582223,later
xgboost,20,5,retain,markout_5,5,5,-0.41642709674582223,-0.4230796702537931,0,-0.41642709674582223,later
xgboost,50,0,reset,markout_5,5,5,-0.6252781953939224,-0.6542782151135845,0,-0.6252781953939224,later
xgboost,50,0,retain,markout_5,5,5,-0.6252781953939224,-0.6542782151135845,0,-0.6252781953939224,later
xgboost,50,1,reset,markout_5,5,5,-0.6116427923003851,-0.6309943664242653,0,-0.6116427923003851,later
xgboost,50,1,retain,markout_5,5,5,-0.6116427923003851,-0.6309943664242653,0,-0.6116427923003851,later
xgboost,50,5,reset,markout_5,5,5,-0.5889729427863442,-0.5984628473990948,0,-0.5889729427863442,later
xgboost,50,5,retain,markout_5,5,5,-0.5889729427863442,-0.5984628473990948,0,-0.5889729427863442,later
linear,10,0,reset,spread_5,5,5,4.51572207591128,3.589361512745242,5,4.51572207591128,later
linear,10,0,retain,spread_5,5,5,4.51572207591128,3.589361512745242,5,4.51572207591128,later
linear,10,1,reset,spread_5,5,5,4.468494139066565,3.75412150573737,5,4.468494139066565,later
linear,10,1,retain,spread_5,5,5,4.468494139066565,3.75412150573737,5,4.468494139066565,later
linear,10,5,reset,spread_5,5,5,4.11159748210946,3.1616401491998944,5,4.11159748210946,later
linear,10,5,retain,spread_5,5,5,4.11159748210946,3.1616401491998944,5,4.11159748210946,later
linear,20,0,reset,spread_5,5,5,4.132283887497524,3.3117017597874936,5,4.132283887497524,later
linear,20,0,retain,spread_5,5,5,4.132283887497524,3.3117017597874936,5,4.132283887497524,later
linear,20,1,reset,spread_5,5,5,4.161461443300636,3.3286253475050627,5,4.161461443300636,later
linear,20,1,retain,spread_5,5,5,4.161461443300636,3.3286253475050627,5,4.161461443300636,later
linear,20,5,reset,spread_5,5,5,4.003866414835376,3.0994018925271773,5,4.003866414835376,later
linear,20,5,retain,spread_5,5,5,4.003866414835376,3.0994018925271773,5,4.003866414835376,later
linear,50,0,reset,spread_5,5,5,4.149120038341839,3.2243378480326506,5,4.149120038341839,later
linear,50,0,retain,spread_5,5,5,4.149120038341839,3.2243378480326506,5,4.149120038341839,later
linear,50,1,reset,spread_5,5,5,4.163715876326782,3.219986824125845,5,4.163715876326782,later
linear,50,1,retain,spread_5,5,5,4.163715876326782,3.219986824125845,5,4.163715876326782,later
linear,50,5,reset,spread_5,5,5,4.137634804071371,3.170597092319857,5,4.137634804071371,later
linear,50,5,retain,spread_5,5,5,4.137634804071371,3.170597092319857,5,4.137634804071371,later
xgboost,10,0,reset,spread_5,5,5,4.453387810625916,3.4922195844343795,5,4.453387810625916,later
xgboost,10,0,retain,spread_5,5,5,4.453387810625916,3.4922195844343795,5,4.453387810625916,later
xgboost,10,1,reset,spread_5,5,5,4.340677607814802,3.652838078304207,5,4.340677607814802,later
xgboost,10,1,retain,spread_5,5,5,4.340677607814802,3.652838078304207,5,4.340677607814802,later
xgboost,10,5,reset,spread_5,5,5,4.131038818144697,3.10172081543701,5,4.131038818144697,later
xgboost,10,5,retain,spread_5,5,5,4.131038818144697,3.10172081543701,5,4.131038818144697,later
xgboost,20,0,reset,spread_5,5,5,4.110762021419641,3.2769527368404106,5,4.110762021419641,later
xgboost,20,0,retain,spread_5,5,5,4.110762021419641,3.2769527368404106,5,4.110762021419641,later
xgboost,20,1,reset,spread_5,5,5,4.150292249648919,3.308800748675571,5,4.150292249648919,later
xgboost,20,1,retain,spread_5,5,5,4.150292249648919,3.308800748675571,5,4.150292249648919,later
xgboost,20,5,reset,spread_5,5,5,4.015533601120873,3.2319794792429453,5,4.015533601120873,later
xgboost,20,5,retain,spread_5,5,5,4.015533601120873,3.2319794792429453,5,4.015533601120873,later
xgboost,50,0,reset,spread_5,5,5,4.210098253735003,3.3049160105225126,5,4.210098253735003,later
xgboost,50,0,retain,spread_5,5,5,4.210098253735003,3.3049160105225126,5,4.210098253735003,later
xgboost,50,1,reset,spread_5,5,5,4.209030589205805,3.308324106959371,5,4.209030589205805,later
xgboost,50,1,retain,spread_5,5,5,4.209030589205805,3.308324106959371,5,4.209030589205805,later
xgboost,50,5,reset,spread_5,5,5,4.175410539354629,3.254991175910076,5,4.175410539354629,later
xgboost,50,5,retain,spread_5,5,5,4.175410539354629,3.254991175910076,5,4.175410539354629,later
linear,10,0,reset,passive_price_markout_5_bps,5,5,2.25786103795564,1.794680756372621,5,2.25786103795564,later
linear,10,0,retain,passive_price_markout_5_bps,5,5,2.25786103795564,1.794680756372621,5,2.25786103795564,later
linear,10,1,reset,passive_price_markout_5_bps,5,5,2.234247069533282,1.877060752868685,5,2.234247069533282,later
linear,10,1,retain,passive_price_markout_5_bps,5,5,2.234247069533282,1.877060752868685,5,2.234247069533282,later
linear,10,5,reset,passive_price_markout_5_bps,5,5,2.05579874105473,1.5808200745999472,5,2.05579874105473,later
linear,10,5,retain,passive_price_markout_5_bps,5,5,2.05579874105473,1.5808200745999472,5,2.05579874105473,later
linear,20,0,reset,passive_price_markout_5_bps,5,5,2.066141943748762,1.6558508798937468,5,2.066141943748762,later
linear,20,0,retain,passive_price_markout_5_bps,5,5,2.066141943748762,1.6558508798937468,5,2.066141943748762,later
linear,20,1,reset,passive_price_markout_5_bps,5,5,2.080730721650318,1.6643126737525311,5,2.080730721650318,later
linear,20,1,retain,passive_price_markout_5_bps,5,5,2.080730721650318,1.6643126737525311,5,2.080730721650318,later
linear,20,5,reset,passive_price_markout_5_bps,5,5,2.001933207417688,1.549700946263589,5,2.001933207417688,later
linear,20,5,retain,passive_price_markout_5_bps,5,5,2.001933207417688,1.549700946263589,5,2.001933207417688,later
linear,50,0,reset,passive_price_markout_5_bps,5,5,2.0745600191709195,1.6121689240163253,5,2.0745600191709195,later
linear,50,0,retain,passive_price_markout_5_bps,5,5,2.0745600191709195,1.6121689240163253,5,2.0745600191709195,later
linear,50,1,reset,passive_price_markout_5_bps,5,5,2.081857938163391,1.6099934120629225,5,2.081857938163391,later
linear,50,1,retain,passive_price_markout_5_bps,5,5,2.081857938163391,1.6099934120629225,5,2.081857938163391,later
linear,50,5,reset,passive_price_markout_5_bps,5,5,2.0688174020356853,1.5852985461599285,5,2.0688174020356853,later
linear,50,5,retain,passive_price_markout_5_bps,5,5,2.0688174020356853,1.5852985461599285,5,2.0688174020356853,later
xgboost,10,0,reset,passive_price_markout_5_bps,5,5,2.2266939053129575,1.7461097922171898,5,2.2266939053129575,later
xgboost,10,0,retain,passive_price_markout_5_bps,5,5,2.2266939053129575,1.7461097922171898,5,2.2266939053129575,later
xgboost,10,1,reset,passive_price_markout_5_bps,5,5,2.170338803907401,1.8264190391521036,5,2.170338803907401,later
xgboost,10,1,retain,passive_price_markout_5_bps,5,5,2.170338803907401,1.8264190391521036,5,2.170338803907401,later
xgboost,10,5,reset,passive_price_markout_5_bps,5,5,2.0655194090723485,1.550860407718505,5,2.0655194090723485,later
xgboost,10,5,retain,passive_price_markout_5_bps,5,5,2.0655194090723485,1.550860407718505,5,2.0655194090723485,later
xgboost,20,0,reset,passive_price_markout_5_bps,5,5,2.0553810107098207,1.6384763684202053,5,2.0553810107098207,later
xgboost,20,0,retain,passive_price_markout_5_bps,5,5,2.0553810107098207,1.6384763684202053,5,2.0553810107098207,later
xgboost,20,1,reset,passive_price_markout_5_bps,5,5,2.0751461248244594,1.6544003743377855,5,2.0751461248244594,later
xgboost,20,1,retain,passive_price_markout_5_bps,5,5,2.0751461248244594,1.6544003743377855,5,2.0751461248244594,later
xgboost,20,5,reset,passive_price_markout_5_bps,5,5,2.0077668005604363,1.6159897396214726,5,2.0077668005604363,later
xgboost,20,5,retain,passive_price_markout_5_bps,5,5,2.0077668005604363,1.6159897396214726,5,2.0077668005604363,later
xgboost,50,0,reset,passive_price_markout_5_bps,5,5,2.1050491268675016,1.6524580052612563,5,2.1050491268675016,later
xgboost,50,0,retain,passive_price_markout_5_bps,5,5,2.1050491268675016,1.6524580052612563,5,2.1050491268675016,later
xgboost,50,1,reset,passive_price_markout_5_bps,5,5,2.1045152946029027,1.6541620534796857,5,2.1045152946029027,later
xgboost,50,1,retain,passive_price_markout_5_bps,5,5,2.1045152946029027,1.6541620534796857,5,2.1045152946029027,later
xgboost,50,5,reset,passive_price_markout_5_bps,5,5,2.0877052696773144,1.627495587955038,5,2.0877052696773144,later
xgboost,50,5,retain,passive_price_markout_5_bps,5,5,2.0877052696773144,1.627495587955038,5,2.0877052696773144,later
