model,horizon,control_seed,latency,interpretation,adverse_before_fill,eligible_decisions,fill_before_adverse,fill_probability,fills,markout_1,markout_10,markout_10_observations,markout_1_observations,markout_5,markout_5_observations,markout_remaining,markout_remaining_observations,mean_fill_time,mean_queue_ahead,median_fill_time,median_queue_ahead,no_event_fraction,placed_orders,queue_ahead_p10,queue_ahead_p90,simultaneous,spread_1,spread_10,spread_10_observations,spread_1_observations,spread_5,spread_5_observations,spread_remaining,spread_remaining_observations,unfilled_fraction,zero_signal_decisions,blocks,adverse_before_fill_defined_blocks,eligible_decisions_defined_blocks,fill_before_adverse_defined_blocks,fill_probability_defined_blocks,fills_defined_blocks,markout_1_defined_blocks,markout_10_defined_blocks,markout_10_observations_defined_blocks,markout_1_observations_defined_blocks,markout_5_defined_blocks,markout_5_observations_defined_blocks,markout_remaining_defined_blocks,markout_remaining_observations_defined_blocks,mean_fill_time_defined_blocks,mean_queue_ahead_defined_blocks,median_fill_time_defined_blocks,median_queue_ahead_defined_blocks,no_event_fraction_defined_blocks,placed_orders_defined_blocks,queue_ahead_p10_defined_blocks,queue_ahead_p90_defined_blocks,simultaneous_defined_blocks,spread_1_defined_blocks,spread_10_defined_blocks,spread_10_observations_defined_blocks,spread_1_observations_defined_blocks,spread_5_defined_blocks,spread_5_observations_defined_blocks,spread_remaining_defined_blocks,spread_remaining_observations_defined_blocks,unfilled_fraction_defined_blocks,zero_signal_decisions_defined_blocks
linear,10,,0,reset,0.039633299415,843354.7,0.00424908776,0.00544469568,4470.45,-0.028052431055000004,-0.221174043285,4465.5,4470.35,-0.097903436245,4468.7,0.0043190906000000005,4470.45,7.7224641091,1452.481513441645,7.95,1072.5,0.9557465433600001,843354.7,341.25,2826.4,0.000371069495,4.6132900743,4.230023979105,4465.5,4470.35,4.4739613851949995,4468.7,4.678032501984999,4470.45,0.99455530432,0.0,20,20,20,20,20,20,20,20,20,20,20,20,20,20,20,20,20,20,20,20,20,20,20,20,20,20,20,20,20,20,20,20,20
linear,10,,0,retain,0.039633299415,843354.7,0.00424908776,0.00544469568,4470.45,-0.028052431055000004,-0.221174043285,4465.5,4470.35,-0.097903436245,4468.7,0.0043190906000000005,4470.45,7.7224641091,1452.481513441645,7.95,1072.5,0.9557465433600001,843354.7,341.25,2826.4,0.000371069495,4.6132900743,4.230023979105,4465.5,4470.35,4.4739613851949995,4468.7,4.678032501984999,4470.45,0.99455530432,0.0,20,20,20,20,20,20,20,20,20,20,20,20,20,20,20,20,20,20,20,20,20,20,20,20,20,20,20,20,20,20,20,20,20
linear,10,,1,reset,0.04199821871,843354.7,0.005054384515,0.0065260964399999994,5374.9,0.031210931404999996,-0.16337128408999999,5368.65,5374.6,-0.025675290299999997,5372.4,0.069182148835,4293.9,7.532412344495,1434.18383340231,7.95,1056.9,0.952536036555,843354.7,320.15,2810.0,0.00041136024,4.4851678454,4.098793567115,5368.65,5374.6,4.371811441505,5372.4,4.4701450161350005,4293.9,0.99347390356,0.0,20,20,20,20,20,20,20,20,20,20,20,20,20,20,20,20,20,20,20,20,20,20,20,20,20,20,20,20,20,20,20,20,20
linear,10,,1,retain,0.04199821871,843354.7,0.005054384515,0.0065260964399999994,5374.9,0.031210931404999996,-0.16337128408999999,5368.65,5374.6,-0.025675290299999997,5372.4,0.069182148835,4293.9,7.532412344495,1434.18383340231,7.95,1056.9,0.952536036555,843354.7,320.15,2810.0,0.00041136024,4.4851678454,4.098793567115,5368.65,5374.6,4.371811441505,5372.4,4.4701450161350005,4293.9,0.99347390356,0.0,20,20,20,20,20,20,20,20,20,20,20,20,20,20,20,20,20,20,20,20,20,20,20,20,20,20,20,20,20,20,20,20,20
linear,10,,5,reset,0.04760315588,843354.7,0.0062540261400000005,0.0082134362,6774.7,0.027773035154999997,-0.16378952452,6764.5,6773.35,-0.029069334599999996,6769.1,0.15829038358,1423.85,7.462600572205,1385.470368209155,7.9,1008.8,0.94565337073,843354.7,268.5,2764.55,0.0004894472700000001,4.206078944275,3.8257376070649998,6764.5,6773.35,4.09331324251,6769.1,3.90536521395,1423.85,0.9917865638000001,0.0,20,20,20,20,20,20,20,20,20,20,20,20,20,20,20,20,20,20,20,20,20,20,20,20,20,20,20,20,20,20,20,20,20
linear,10,,5,retain,0.04760315588,843354.7,0.0062540261400000005,0.0082134362,6774.7,0.027773035154999997,-0.16378952452,6764.5,6773.35,-0.029069334599999996,6769.1,0.15829038358,1423.85,7.462600572205,1385.470368209155,7.9,1008.8,0.94565337073,843354.7,268.5,2764.55,0.0004894472700000001,4.206078944275,3.8257376070649998,6764.5,6773.35,4.09331324251,6769.1,3.90536521395,1423.85,0.9917865638000001,0.0,20,20,20,20,20,20,20,20,20,20,20,20,20,20,20,20,20,20,20,20,20,20,20,20,20,20,20,20,20,20,20,20,20
linear,20,,0,reset,0.073682452835,841249.1,0.018396355385,0.023625731820000002,19194.7,-0.15331146066499998,-0.48201643002,19182.45,19194.3,-0.33252455248,19190.35,-0.29303312499,19194.7,14.053638156664999,1452.2818894627849,14.7,1072.4,0.906275390435,841249.1,341.6,2825.75,0.001645801375,4.715778377175,4.0592090644750005,19182.45,19194.3,4.357799384605,19190.35,4.4364412271399996,19194.7,0.9763742681800001,0.0,20,20,20,20,20,20,20,20,20,20,20,20,20,20,20,20,20,20,20,20,20,20,20,20,20,20,20,20,20,20,20,20,20
linear,20,,0,retain,0.073682452835,841249.1,0.018396355385,0.023625731820000002,19194.7,-0.15331146066499998,-0.48201643002,19182.45,19194.3,-0.33252455248,19190.35,-0.29303312499,19194.7,14.053638156664999,1452.2818894627849,14.7,1072.4,0.906275390435,841249.1,341.6,2825.75,0.001645801375,4.715778377175,4.0592090644750005,19182.45,19194.3,4.357799384605,19190.35,4.4364412271399996,19194.7,0.9763742681800001,0.0,20,20,20,20,20,20,20,20,20,20,20,20,20,20,20,20,20,20,20,20,20,20,20,20,20,20,20,20,20,20,20,20,20
linear,20,,1,reset,0.07681492076,841249.1,0.0199083135,0.025750844449999997,20968.75,-0.126903577795,-0.442832900645,20953.9,20968.0,-0.2922680662,20962.8,-0.24406228099500002,19137.8,13.777707583915,1433.947265896475,14.35,1056.5,0.9015508644200001,841249.1,319.9,2809.6,0.00172590134,4.65428964706,4.0233767606,20953.9,20968.0,4.324107469965,20962.8,4.38448507573,19137.8,0.9742491555500001,0.0,20,20,20,20,20,20,20,20,20,20,20,20,20,20,20,20,20,20,20,20,20,20,20,20,20,20,20,20,20,20,20,20,20
linear,20,,1,retain,0.07681492076,841249.1,0.0199083135,0.025750844449999997,20968.75,-0.126903577795,-0.442832900645,20953.9,20968.0,-0.2922680662,20962.8,-0.24406228099500002,19137.8,13.777707583915,1433.947265896475,14.35,1056.5,0.9015508644200001,841249.1,319.9,2809.6,0.00172590134,4.65428964706,4.0233767606,20953.9,20968.0,4.324107469965,20962.8,4.38448507573,19137.8,0.9742491555500001,0.0,20,20,20,20,20,20,20,20,20,20,20,20,20,20,20,20,20,20,20,20,20,20,20,20,20,20,20,20,20,20,20,20,20
linear,20,,5,reset,0.08462522183,841249.1,0.022783155995,0.029895388535,24382.8,-0.12006451175499999,-0.41680676183500004,24357.25,24380.15,-0.271626218695,24370.2,-0.12729664921,14777.3,13.5306024987,1385.119418109535,14.05,1008.5,0.8906927897499999,841249.1,268.6,2764.15,0.00189883244,4.4655977653050005,3.8733221156399997,24357.25,24380.15,4.16327128105,24370.2,4.209632353825,14777.3,0.9701046114649999,0.0,20,20,20,20,20,20,20,20,20,20,20,20,20,20,20,20,20,20,20,20,20,20,20,20,20,20,20,20,20,20,20,20,20
linear,20,,5,retain,0.08462522183,841249.1,0.022783155995,0.029895388535,24382.8,-0.12006451175499999,-0.41680676183500004,24357.25,24380.15,-0.271626218695,24370.2,-0.12729664921,14777.3,13.5306024987,1385.119418109535,14.05,1008.5,0.8906927897499999,841249.1,268.6,2764.15,0.00189883244,4.4655977653050005,3.8733221156399997,24357.25,24380.15,4.16327128105,24370.2,4.209632353825,14777.3,0.9701046114649999,0.0,20,20,20,20,20,20,20,20,20,20,20,20,20,20,20,20,20,20,20,20,20,20,20,20,20,20,20,20,20,20,20,20,20
linear,50,,0,reset,0.158494087115,835554.1,0.079010983745,0.102338410135,82966.35,-0.23403160017500002,-0.69342226412,82945.75,82965.75,-0.5201311309900001,82959.85,-0.8442386044899999,82966.35,30.962096399914998,1450.46186530409,31.75,1070.6,0.7550676356,835554.1,340.81,2824.05,0.00742729354,5.421013541655,4.502253603385,82945.75,82965.75,4.84874887684,82959.85,4.200637752525,82966.35,0.897661589865,0.0,20,20,20,20,20,20,20,20,20,20,20,20,20,20,20,20,20,20,20,20,20,20,20,20,20,20,20,20,20,20,20,20,20
linear,50,,0,retain,0.158494087115,835554.1,0.079010983745,0.102338410135,82966.35,-0.23403160017500002,-0.69342226412,82945.75,82965.75,-0.5201311309900001,82959.85,-0.8442386044899999,82966.35,30.962096399914998,1450.46186530409,31.75,1070.6,0.7550676356,835554.1,340.81,2824.05,0.00742729354,5.421013541655,4.502253603385,82945.75,82965.75,4.84874887684,82959.85,4.200637752525,82966.35,0.897661589865,0.0,20,20,20,20,20,20,20,20,20,20,20,20,20,20,20,20,20,20,20,20,20,20,20,20,20,20,20,20,20,20,20,20,20
linear,50,,1,reset,0.16240655895,835554.1,0.08161024582500001,0.10609703479500002,86079.75,-0.22355177739499998,-0.6722041400900001,86054.5,86078.3,-0.50112579238,86070.6,-0.811415972235,83798.05,30.597683517345,1432.09296558776,31.45,1054.15,0.7483896534550001,835554.1,319.02,2807.35,0.00759354176,5.398110757095,4.50083559863,86054.5,86078.3,4.842868875795,86070.6,4.19272086652,83798.05,0.8939029652049999,0.0,20,20,20,20,20,20,20,20,20,20,20,20,20,20,20,20,20,20,20,20,20,20,20,20,20,20,20,20,20,20,20,20,20
linear,50,,1,retain,0.16240655895,835554.1,0.08161024582500001,0.10609703479500002,86079.75,-0.22355177739499998,-0.6722041400900001,86054.5,86078.3,-0.50112579238,86070.6,-0.811415972235,83798.05,30.597683517345,1432.09296558776,31.45,1054.15,0.7483896534550001,835554.1,319.02,2807.35,0.00759354176,5.398110757095,4.50083559863,86054.5,86078.3,4.842868875795,86070.6,4.19272086652,83798.05,0.8939029652049999,0.0,20,20,20,20,20,20,20,20,20,20,20,20,20,20,20,20,20,20,20,20,20,20,20,20,20,20,20,20,20,20,20,20,20
linear,50,,5,reset,0.17269261939,835554.1,0.087995567455,0.115111719645,93437.8,-0.21470674483500002,-0.6431204454899999,93393.5,93432.95,-0.479808489395,93417.7,-0.73402983814,81502.0,30.08568960211,1383.2283288886351,30.85,1006.55,0.73129839324,835554.1,267.75,2761.4,0.008013419895,5.32791479487,4.47113059997,93393.5,93432.95,4.797515993639999,93417.7,4.1351959534,81502.0,0.884888280355,0.0,20,20,20,20,20,20,20,20,20,20,20,20,20,20,20,20,20,20,20,20,20,20,20,20,20,20,20,20,20,20,20,20,20
linear,50,,5,retain,0.17269261939,835554.1,0.087995567455,0.115111719645,93437.8,-0.21470674483500002,-0.6431204454899999,93393.5,93432.95,-0.479808489395,93417.7,-0.73402983814,81502.0,30.08568960211,1383.2283288886351,30.85,1006.55,0.73129839324,835554.1,267.75,2761.4,0.008013419895,5.32791479487,4.47113059997,93393.5,93432.95,4.797515993639999,93417.7,4.1351959534,81502.0,0.884888280355,0.0,20,20,20,20,20,20,20,20,20,20,20,20,20,20,20,20,20,20,20,20,20,20,20,20,20,20,20,20,20,20,20,20,20
xgboost,10,7.0,0,reset,0.07456299324,914106.0,0.013103534980000001,0.01738426284,15363.2,0.02542201802,-0.1845606139,15351.8,15362.8,-0.04062879738,15357.0,-0.0034755738200000054,15363.2,7.26058889824,964.70488998786,7.6,651.0,0.9113809757,914106.0,130.8,2107.6,0.00095249606,4.81553494962,4.3980704069600005,15351.8,15362.8,4.68486455646,15357.0,4.7577163742,15363.2,0.9826157371600001,0.0,5,5,5,5,5,5,5,5,5,5,5,5,5,5,5,5,5,5,5,5,5,5,5,5,5,5,5,5,5,5,5,5,5
xgboost,10,7.0,0,retain,0.07456299324,914106.0,0.013103534980000001,0.01738426284,15363.2,0.02542201802,-0.1845606139,15351.8,15362.8,-0.04062879738,15357.0,-0.0034755738200000054,15363.2,7.26058889824,964.70488998786,7.6,651.0,0.9113809757,914106.0,130.8,2107.6,0.00095249606,4.81553494962,4.3980704069600005,15351.8,15362.8,4.68486455646,15357.0,4.7577163742,15363.2,0.9826157371600001,0.0,5,5,5,5,5,5,5,5,5,5,5,5,5,5,5,5,5,5,5,5,5,5,5,5,5,5,5,5,5,5,5,5,5
xgboost,10,7.0,1,reset,0.07426105914,914106.0,0.01312423328,0.017336616960000002,15340.4,0.01848823334,-0.19452625952,15328.0,15339.6,-0.04672473696,15332.6,-0.005335843959999998,12632.2,7.25978049088,964.1955520816,7.6,650.4,0.91166306544,914106.0,130.4,2107.2,0.00095164214,4.82332864338,4.39982597494,15328.0,15339.6,4.694422791519999,15332.6,4.6917219167,12632.2,0.98266338304,0.0,5,5,5,5,5,5,5,5,5,5,5,5,5,5,5,5,5,5,5,5,5,5,5,5,5,5,5,5,5,5,5,5,5
xgboost,10,7.0,1,retain,0.07426105914,914106.0,0.01312423328,0.017336616960000002,15340.4,0.01848823334,-0.19452625952,15328.0,15339.6,-0.04672473696,15332.6,-0.005335843959999998,12632.2,7.25978049088,964.1955520816,7.6,650.4,0.91166306544,914106.0,130.4,2107.2,0.00095164214,4.82332864338,4.39982597494,15328.0,15339.6,4.694422791519999,15332.6,4.6917219167,12632.2,0.98266338304,0.0,5,5,5,5,5,5,5,5,5,5,5,5,5,5,5,5,5,5,5,5,5,5,5,5,5,5,5,5,5,5,5,5,5
xgboost,10,7.0,5,reset,0.07424503964,914106.0,0.013133729399999999,0.017294597000000002,15315.6,0.025568857600000005,-0.18161804338,15301.2,15312.8,-0.044309694680000004,15304.6,0.09329857826,3758.0,7.248586058620001,962.0432260813801,7.6,647.4,0.91168227746,914106.0,129.8,2106.0,0.00093895348,4.81389723558,4.40204826832,15301.2,15312.8,4.6759467815,15304.6,4.53393084788,3758.0,0.982705403,0.0,5,5,5,5,5,5,5,5,5,5,5,5,5,5,5,5,5,5,5,5,5,5,5,5,5,5,5,5,5,5,5,5,5
xgboost,10,7.0,5,retain,0.07424503964,914106.0,0.013133729399999999,0.017294597000000002,15315.6,0.025568857600000005,-0.18161804338,15301.2,15312.8,-0.044309694680000004,15304.6,0.09329857826,3758.0,7.248586058620001,962.0432260813801,7.6,647.4,0.91168227746,914106.0,129.8,2106.0,0.00093895348,4.81389723558,4.40204826832,15301.2,15312.8,4.6759467815,15304.6,4.53393084788,3758.0,0.982705403,0.0,5,5,5,5,5,5,5,5,5,5,5,5,5,5,5,5,5,5,5,5,5,5,5,5,5,5,5,5,5,5,5,5,5
xgboost,10,,0,reset,0.0388511997,843354.7,0.00410339425,0.00523215776,4300.4,-0.031646766915,-0.22630318927499998,4294.95,4300.2,-0.0974500672,4298.15,-0.002171594150000002,4300.4,7.749577307415,1438.159062194585,8.05,1057.75,0.95668622748,843354.7,333.35,2807.75,0.00035917859500000004,4.6790449364799995,4.293389291755,4294.95,4300.2,4.548502484765001,4298.15,4.737956425175,4300.4,0.9947678422399999,0.0,20,20,20,20,20,20,20,20,20,20,20,20,20,20,20,20,20,20,20,20,20,20,20,20,20,20,20,20,20,20,20,20,20
xgboost,10,,0,retain,0.0388511997,843354.7,0.00410339425,0.00523215776,4300.4,-0.031646766915,-0.22630318927499998,4294.95,4300.2,-0.0974500672,4298.15,-0.002171594150000002,4300.4,7.749577307415,1438.159062194585,8.05,1057.75,0.95668622748,843354.7,333.35,2807.75,0.00035917859500000004,4.6790449364799995,4.293389291755,4294.95,4300.2,4.548502484765001,4298.15,4.737956425175,4300.4,0.9947678422399999,0.0,20,20,20,20,20,20,20,20,20,20,20,20,20,20,20,20,20,20,20,20,20,20,20,20,20,20,20,20,20,20,20,20,20
xgboost,10,,1,reset,0.041284850525,843354.7,0.004800171855,0.006201683675,5104.25,0.015934292080000002,-0.179024127705,5097.55,5103.85,-0.039508133295000004,5101.25,0.055159658759999994,4053.95,7.5761162667,1421.7959490880698,7.95,1043.35,0.9535155402200001,843354.7,313.15,2792.15,0.00039943741,4.532099740505,4.1454782234200005,5097.55,5103.85,4.422187694835,5101.25,4.530314944725,4053.95,0.9937983163249999,0.0,20,20,20,20,20,20,20,20,20,20,20,20,20,20,20,20,20,20,20,20,20,20,20,20,20,20,20,20,20,20,20,20,20
xgboost,10,,1,retain,0.041284850525,843354.7,0.004800171855,0.006201683675,5104.25,0.015934292080000002,-0.179024127705,5097.55,5103.85,-0.039508133295000004,5101.25,0.055159658759999994,4053.95,7.5761162667,1421.7959490880698,7.95,1043.35,0.9535155402200001,843354.7,313.15,2792.15,0.00039943741,4.532099740505,4.1454782234200005,5097.55,5103.85,4.422187694835,5101.25,4.530314944725,4053.95,0.9937983163249999,0.0,20,20,20,20,20,20,20,20,20,20,20,20,20,20,20,20,20,20,20,20,20,20,20,20,20,20,20,20,20,20,20,20,20
xgboost,10,,5,reset,0.047210289825,843354.7,0.00606720312,0.007989386854999999,6587.7,0.018924501774999998,-0.17251306535,6577.8,6586.4,-0.035579042405,6582.3,0.157033091725,1353.45,7.487259786905,1375.03841576789,7.9,997.35,0.94623797345,843354.7,265.15,2748.2,0.00048453361,4.22569302478,3.8456870772099996,6577.8,6586.4,4.117853725695,6582.3,3.97459390076,1353.45,0.9920106131449999,0.0,20,20,20,20,20,20,20,20,20,20,20,20,20,20,20,20,20,20,20,20,20,20,20,20,20,20,20,20,20,20,20,20,20
xgboost,10,,5,retain,0.047210289825,843354.7,0.00606720312,0.007989386854999999,6587.7,0.018924501774999998,-0.17251306535,6577.8,6586.4,-0.035579042405,6582.3,0.157033091725,1353.45,7.487259786905,1375.03841576789,7.9,997.35,0.94623797345,843354.7,265.15,2748.2,0.00048453361,4.22569302478,3.8456870772099996,6577.8,6586.4,4.117853725695,6582.3,3.97459390076,1353.45,0.9920106131449999,0.0,20,20,20,20,20,20,20,20,20,20,20,20,20,20,20,20,20,20,20,20,20,20,20,20,20,20,20,20,20,20,20,20,20
xgboost,20,7.0,0,reset,0.12283811954000001,912368.0,0.03923039112,0.05280872364,46596.6,-0.09904604410000001,-0.37024354208,46578.0,46595.2,-0.23051232684,46588.4,-0.2423202034,46596.6,12.987779219179998,1005.30954635382,13.2,687.8,0.8347816794,912368.0,145.2,2181.4,0.00314980994,5.09959481714,4.55820871978,46578.0,46595.2,4.83679917642,46588.4,4.81304551028,46596.6,0.9471912763600001,0.0,5,5,5,5,5,5,5,5,5,5,5,5,5,5,5,5,5,5,5,5,5,5,5,5,5,5,5,5,5,5,5,5,5
xgboost,20,7.0,0,retain,0.12283811954000001,912368.0,0.03923039112,0.05280872364,46596.6,-0.09904604410000001,-0.37024354208,46578.0,46595.2,-0.23051232684,46588.4,-0.2423202034,46596.6,12.987779219179998,1005.30954635382,13.2,687.8,0.8347816794,912368.0,145.2,2181.4,0.00314980994,5.09959481714,4.55820871978,46578.0,46595.2,4.83679917642,46588.4,4.81304551028,46596.6,0.9471912763600001,0.0,5,5,5,5,5,5,5,5,5,5,5,5,5,5,5,5,5,5,5,5,5,5,5,5,5,5,5,5,5,5,5,5,5
xgboost,20,7.0,1,reset,0.12304468760000001,912368.0,0.039345786859999995,0.052952258780000004,46710.2,-0.09335776666,-0.36453240836,46687.2,46707.6,-0.22495744597999998,46698.4,-0.22878168586000003,43393.0,12.9659237079,1002.2162900072001,13.2,683.0,0.83444897188,912368.0,143.8,2178.46,0.00316055362,5.14022514294,4.59913547734,46687.2,46707.6,4.87726979662,46698.4,4.803670890699999,43393.0,0.9470477412199999,0.0,5,5,5,5,5,5,5,5,5,5,5,5,5,5,5,5,5,5,5,5,5,5,5,5,5,5,5,5,5,5,5,5,5
xgboost,20,7.0,1,retain,0.12304468760000001,912368.0,0.039345786859999995,0.052952258780000004,46710.2,-0.09335776666,-0.36453240836,46687.2,46707.6,-0.22495744597999998,46698.4,-0.22878168586000003,43393.0,12.9659237079,1002.2162900072001,13.2,683.0,0.83444897188,912368.0,143.8,2178.46,0.00316055362,5.14022514294,4.59913547734,46687.2,46707.6,4.87726979662,46698.4,4.803670890699999,43393.0,0.9470477412199999,0.0,5,5,5,5,5,5,5,5,5,5,5,5,5,5,5,5,5,5,5,5,5,5,5,5,5,5,5,5,5,5,5,5,5
xgboost,20,7.0,5,reset,0.12325527144000001,912368.0,0.03950609838,0.053084839679999996,46826.4,-0.09200420043999999,-0.36491744778,46785.2,46820.4,-0.22575497052000001,46801.0,-0.1392163904,30332.6,12.94768726224,995.32624529696,13.2,675.4,0.8340555971200001,912368.0,139.4,2170.8,0.00318303308,5.182820964719999,4.63947636436,46785.2,46820.4,4.9164578002,46801.0,4.76819717516,30332.6,0.94691516032,0.0,5,5,5,5,5,5,5,5,5,5,5,5,5,5,5,5,5,5,5,5,5,5,5,5,5,5,5,5,5,5,5,5,5
xgboost,20,7.0,5,retain,0.12325527144000001,912368.0,0.03950609838,0.053084839679999996,46826.4,-0.09200420043999999,-0.36491744778,46785.2,46820.4,-0.22575497052000001,46801.0,-0.1392163904,30332.6,12.94768726224,995.32624529696,13.2,675.4,0.8340555971200001,912368.0,139.4,2170.8,0.00318303308,5.182820964719999,4.63947636436,46785.2,46820.4,4.9164578002,46801.0,4.76819717516,30332.6,0.94691516032,0.0,5,5,5,5,5,5,5,5,5,5,5,5,5,5,5,5,5,5,5,5,5,5,5,5,5,5,5,5,5,5,5,5,5
xgboost,20,17.0,0,reset,0.1209774319,657478.0,0.0650911513,0.0804331095,52883.0,-0.2960651335,-0.546494884,52883.0,52883.0,-0.4490646039,52883.0,-0.4383161117,52883.0,12.8859746989,684.0836271328,13.0,401.0,0.810174637,657478.0,82.0,1497.0,0.0037567797,3.7615346766,3.2606807549,52883.0,52883.0,3.4555401152,52883.0,3.4770343803,52883.0,0.9195668905,0.0,1,1,1,1,1,1,1,1,1,1,1,1,1,1,1,1,1,1,1,1,1,1,1,1,1,1,1,1,1,1,1,1,1
xgboost,20,17.0,0,retain,0.1209774319,657478.0,0.0650911513,0.0804331095,52883.0,-0.2960651335,-0.546494884,52883.0,52883.0,-0.4490646039,52883.0,-0.4383161117,52883.0,12.8859746989,684.0836271328,13.0,401.0,0.810174637,657478.0,82.0,1497.0,0.0037567797,3.7615346766,3.2606807549,52883.0,52883.0,3.4555401152,52883.0,3.4770343803,52883.0,0.9195668905,0.0,1,1,1,1,1,1,1,1,1,1,1,1,1,1,1,1,1,1,1,1,1,1,1,1,1,1,1,1,1,1,1,1,1
xgboost,20,17.0,1,reset,0.1203188548,657478.0,0.0650789836,0.0802308214,52750.0,-0.2957046765,-0.5420885622,52750.0,52750.0,-0.4515061284,52750.0,-0.4264734152,49124.0,12.8951469194,683.9706362798,13.0,401.0,0.8108499448,657478.0,82.0,1495.0,0.0037522168,3.7856858534,3.292923737,52750.0,52750.0,3.4740861375,52750.0,3.473165504,49124.0,0.9197691786,0.0,1,1,1,1,1,1,1,1,1,1,1,1,1,1,1,1,1,1,1,1,1,1,1,1,1,1,1,1,1,1,1,1,1
xgboost,20,17.0,1,retain,0.1203188548,657478.0,0.0650789836,0.0802308214,52750.0,-0.2957046765,-0.5420885622,52750.0,52750.0,-0.4515061284,52750.0,-0.4264734152,49124.0,12.8951469194,683.9706362798,13.0,401.0,0.8108499448,657478.0,82.0,1495.0,0.0037522168,3.7856858534,3.292923737,52750.0,52750.0,3.4740861375,52750.0,3.473165504,49124.0,0.9197691786,0.0,1,1,1,1,1,1,1,1,1,1,1,1,1,1,1,1,1,1,1,1,1,1,1,1,1,1,1,1,1,1,1,1,1
xgboost,20,17.0,5,reset,0.1187522624,657478.0,0.0651261335,0.0799311916,52553.0,-0.295837888,-0.5370881779,52553.0,52553.0,-0.4517496357,52553.0,-0.3319280593,34262.0,12.9159134588,682.3875490891,13.0,402.0,0.8123541776,657478.0,81.0,1491.0,0.0037674264,3.8076422381,3.3251381249,52553.0,52553.0,3.4958158283,52553.0,3.4308285855,34262.0,0.9200688084,0.0,1,1,1,1,1,1,1,1,1,1,1,1,1,1,1,1,1,1,1,1,1,1,1,1,1,1,1,1,1,1,1,1,1
xgboost,20,17.0,5,retain,0.1187522624,657478.0,0.0651261335,0.0799311916,52553.0,-0.295837888,-0.5370881779,52553.0,52553.0,-0.4517496357,52553.0,-0.3319280593,34262.0,12.9159134588,682.3875490891,13.0,402.0,0.8123541776,657478.0,81.0,1491.0,0.0037674264,3.8076422381,3.3251381249,52553.0,52553.0,3.4958158283,52553.0,3.4308285855,34262.0,0.9200688084,0.0,1,1,1,1,1,1,1,1,1,1,1,1,1,1,1,1,1,1,1,1,1,1,1,1,1,1,1,1,1,1,1,1,1
xgboost,20,29.0,0,reset,0.1099276326,657478.0,0.0577905268,0.0703399962,46247.0,-0.2694050812,-0.5075826183,46247.0,46247.0,-0.4161390793,46247.0,-0.3978827442,46247.0,13.0201526586,757.9004362123,13.0,456.0,0.829061961,657478.0,86.0,1650.0,0.0032198796,3.9560636531,3.479663064,46247.0,46247.0,3.6625617405,46247.0,3.699070898,46247.0,0.9296600038,0.0,1,1,1,1,1,1,1,1,1,1,1,1,1,1,1,1,1,1,1,1,1,1,1,1,1,1,1,1,1,1,1,1,1
xgboost,20,29.0,0,retain,0.1099276326,657478.0,0.0577905268,0.0703399962,46247.0,-0.2694050812,-0.5075826183,46247.0,46247.0,-0.4161390793,46247.0,-0.3978827442,46247.0,13.0201526586,757.9004362123,13.0,456.0,0.829061961,657478.0,86.0,1650.0,0.0032198796,3.9560636531,3.479663064,46247.0,46247.0,3.6625617405,46247.0,3.699070898,46247.0,0.9296600038,0.0,1,1,1,1,1,1,1,1,1,1,1,1,1,1,1,1,1,1,1,1,1,1,1,1,1,1,1,1,1,1,1,1,1
xgboost,20,29.0,1,reset,0.1109816602,657478.0,0.0580004198,0.0707293628,46503.0,-0.2700720638,-0.5065243236,46503.0,46503.0,-0.4195670774,46503.0,-0.3811858592,43175.0,13.0066017246,754.8577427686,13.0,453.0,0.8277858727,657478.0,86.0,1646.0,0.0032320473,3.9757801573,3.5028320008,46503.0,46503.0,3.6767584128,46503.0,3.6960891855,43175.0,0.9292706372,0.0,1,1,1,1,1,1,1,1,1,1,1,1,1,1,1,1,1,1,1,1,1,1,1,1,1,1,1,1,1,1,1,1,1
xgboost,20,29.0,1,retain,0.1109816602,657478.0,0.0580004198,0.0707293628,46503.0,-0.2700720638,-0.5065243236,46503.0,46503.0,-0.4195670774,46503.0,-0.3811858592,43175.0,13.0066017246,754.8577427686,13.0,453.0,0.8277858727,657478.0,86.0,1646.0,0.0032320473,3.9757801573,3.5028320008,46503.0,46503.0,3.6767584128,46503.0,3.6960891855,43175.0,0.9292706372,0.0,1,1,1,1,1,1,1,1,1,1,1,1,1,1,1,1,1,1,1,1,1,1,1,1,1,1,1,1,1,1,1,1,1
xgboost,20,29.0,5,reset,0.1130243141,657478.0,0.0591289747,0.0722853084,47526.0,-0.2646698252,-0.5088821885,47526.0,47526.0,-0.4212015605,47526.0,-0.2881493023,30633.0,13.0013045491,746.2290008183,13.0,446.0,0.8245964124,657478.0,86.0,1631.0,0.0032502989,3.9454057427,3.4569495791,47526.0,47526.0,3.632307801,47526.0,3.5850011666,30633.0,0.9277146916,0.0,1,1,1,1,1,1,1,1,1,1,1,1,1,1,1,1,1,1,1,1,1,1,1,1,1,1,1,1,1,1,1,1,1
xgboost,20,29.0,5,retain,0.1130243141,657478.0,0.0591289747,0.0722853084,47526.0,-0.2646698252,-0.5088821885,47526.0,47526.0,-0.4212015605,47526.0,-0.2881493023,30633.0,13.0013045491,746.2290008183,13.0,446.0,0.8245964124,657478.0,86.0,1631.0,0.0032502989,3.9454057427,3.4569495791,47526.0,47526.0,3.632307801,47526.0,3.5850011666,30633.0,0.9277146916,0.0,1,1,1,1,1,1,1,1,1,1,1,1,1,1,1,1,1,1,1,1,1,1,1,1,1,1,1,1,1,1,1,1,1
xgboost,20,,0,reset,0.072836750725,841249.1,0.01825762032,0.023364720985,19005.3,-0.15773027993,-0.48488904637,18993.6,19004.95,-0.33349751848000003,19001.5,-0.293158048605,19005.3,14.095897157565,1435.54085490122,14.8,1055.35,0.9072662199,841249.1,331.95,2803.35,0.00163940906,4.8069853707500005,4.15339547688,18993.6,19004.95,4.45587404126,19001.5,4.536244888355,19005.3,0.976635279015,0.0,20,20,20,20,20,20,20,20,20,20,20,20,20,20,20,20,20,20,20,20,20,20,20,20,20,20,20,20,20,20,20,20,20
xgboost,20,,0,retain,0.072836750725,841249.1,0.01825762032,0.023364720985,19005.3,-0.15773027993,-0.48488904637,18993.6,19004.95,-0.33349751848000003,19001.5,-0.293158048605,19005.3,14.095897157565,1435.54085490122,14.8,1055.35,0.9072662199,841249.1,331.95,2803.35,0.00163940906,4.8069853707500005,4.15339547688,18993.6,19004.95,4.45587404126,19001.5,4.536244888355,19005.3,0.976635279015,0.0,20,20,20,20,20,20,20,20,20,20,20,20,20,20,20,20,20,20,20,20,20,20,20,20,20,20,20,20,20,20,20,20,20
xgboost,20,,1,reset,0.07592599716000001,841249.1,0.019551077049999997,0.02524486184,20564.05,-0.137243131405,-0.45484914536,20549.8,20563.35,-0.30386946664500003,20558.75,-0.25238368693,18738.75,13.86609088517,1419.39152050041,14.55,1041.125,0.9028017432000001,841249.1,312.5,2788.1,0.0017211825950000001,4.74127425877,4.10699415106,20549.8,20563.35,4.40855896631,20558.75,4.47612390577,18738.75,0.9747551381599999,0.0,20,20,20,20,20,20,20,20,20,20,20,20,20,20,20,20,20,20,20,20,20,20,20,20,20,20,20,20,20,20,20,20,20
xgboost,20,,1,retain,0.07592599716000001,841249.1,0.019551077049999997,0.02524486184,20564.05,-0.137243131405,-0.45484914536,20549.8,20563.35,-0.30386946664500003,20558.75,-0.25238368693,18738.75,13.86609088517,1419.39152050041,14.55,1041.125,0.9028017432000001,841249.1,312.5,2788.1,0.0017211825950000001,4.74127425877,4.10699415106,20549.8,20563.35,4.40855896631,20558.75,4.47612390577,18738.75,0.9747551381599999,0.0,20,20,20,20,20,20,20,20,20,20,20,20,20,20,20,20,20,20,20,20,20,20,20,20,20,20,20,20,20,20,20,20,20
xgboost,20,,5,reset,0.08412250476500001,841249.1,0.022560555215,0.029572302109999997,24130.7,-0.12797925448,-0.42401515001999995,24106.3,24128.65,-0.278366955225,24119.4,-0.133107820955,14545.0,13.58135728796,1372.82462715121,14.05,995.1,0.8914166177,841249.1,264.95,2744.45,0.00190032233,4.518759543774999,3.92795928728,24106.3,24128.65,4.21871626399,24119.4,4.26449327689,14545.0,0.9704276978899999,0.0,20,20,20,20,20,20,20,20,20,20,20,20,20,20,20,20,20,20,20,20,20,20,20,20,20,20,20,20,20,20,20,20,20
xgboost,20,,5,retain,0.08412250476500001,841249.1,0.022560555215,0.029572302109999997,24130.7,-0.12797925448,-0.42401515001999995,24106.3,24128.65,-0.278366955225,24119.4,-0.133107820955,14545.0,13.58135728796,1372.82462715121,14.05,995.1,0.8914166177,841249.1,264.95,2744.45,0.00190032233,4.518759543774999,3.92795928728,24106.3,24128.65,4.21871626399,24119.4,4.26449327689,14545.0,0.9704276978899999,0.0,20,20,20,20,20,20,20,20,20,20,20,20,20,20,20,20,20,20,20,20,20,20,20,20,20,20,20,20,20,20,20,20,20
xgboost,50,7.0,0,reset,0.22467217934,907533.6,0.11984426898,0.16322798927999999,144524.8,-0.1745870051,-0.53999842792,144507.4,144524.0,-0.39097946196000005,144519.8,-0.71023355176,144524.8,28.3277393099,1009.05554616274,28.6,689.2,0.6448296922,907533.6,145.8,2192.0,0.010653859460000002,6.3600658749,5.62884606502,144507.4,144524.0,5.9271471094,144519.8,5.2887265145,144524.8,0.8367720107200001,0.0,5,5,5,5,5,5,5,5,5,5,5,5,5,5,5,5,5,5,5,5,5,5,5,5,5,5,5,5,5,5,5,5,5
xgboost,50,7.0,0,retain,0.22467217934,907533.6,0.11984426898,0.16322798927999999,144524.8,-0.1745870051,-0.53999842792,144507.4,144524.0,-0.39097946196000005,144519.8,-0.71023355176,144524.8,28.3277393099,1009.05554616274,28.6,689.2,0.6448296922,907533.6,145.8,2192.0,0.010653859460000002,6.3600658749,5.62884606502,144507.4,144524.0,5.9271471094,144519.8,5.2887265145,144524.8,0.8367720107200001,0.0,5,5,5,5,5,5,5,5,5,5,5,5,5,5,5,5,5,5,5,5,5,5,5,5,5,5,5,5,5,5,5,5,5
xgboost,50,7.0,1,reset,0.22453244354000002,907533.6,0.12007340596,0.16343335042,144710.0,-0.1738358179,-0.53866980766,144689.0,144708.6,-0.39018335104,144702.6,-0.70013798916,141541.6,28.330182778439998,1006.02894945272,28.4,687.0,0.64470726956,907533.6,144.4,2187.6,0.010686880880000001,6.38229580036,5.65224119408,144689.0,144708.6,5.94945293528,144702.6,5.29472078092,141541.6,0.8365666495799999,0.0,5,5,5,5,5,5,5,5,5,5,5,5,5,5,5,5,5,5,5,5,5,5,5,5,5,5,5,5,5,5,5,5,5
xgboost,50,7.0,1,retain,0.22453244354000002,907533.6,0.12007340596,0.16343335042,144710.0,-0.1738358179,-0.53866980766,144689.0,144708.6,-0.39018335104,144702.6,-0.70013798916,141541.6,28.330182778439998,1006.02894945272,28.4,687.0,0.64470726956,907533.6,144.4,2187.6,0.010686880880000001,6.38229580036,5.65224119408,144689.0,144708.6,5.94945293528,144702.6,5.29472078092,141541.6,0.8365666495799999,0.0,5,5,5,5,5,5,5,5,5,5,5,5,5,5,5,5,5,5,5,5,5,5,5,5,5,5,5,5,5,5,5,5,5
xgboost,50,7.0,5,reset,0.22540445074,907533.6,0.12108809173999999,0.16472753231999998,145785.6,-0.17256956194,-0.53625165076,145747.2,145782.0,-0.38979200534,145767.8,-0.6559794166799999,129703.8,28.30984700154,997.83670442782,28.4,679.2,0.6426950791199999,907533.6,139.78,2176.6,0.01081237836,6.3966767781,5.66891752318,145747.2,145782.0,5.96206065516,145767.8,5.25167029396,129703.8,0.83527246768,0.0,5,5,5,5,5,5,5,5,5,5,5,5,5,5,5,5,5,5,5,5,5,5,5,5,5,5,5,5,5,5,5,5,5
xgboost,50,7.0,5,retain,0.22540445074,907533.6,0.12108809173999999,0.16472753231999998,145785.6,-0.17256956194,-0.53625165076,145747.2,145782.0,-0.38979200534,145767.8,-0.6559794166799999,129703.8,28.30984700154,997.83670442782,28.4,679.2,0.6426950791199999,907533.6,139.78,2176.6,0.01081237836,6.3966767781,5.66891752318,145747.2,145782.0,5.96206065516,145767.8,5.25167029396,129703.8,0.83527246768,0.0,5,5,5,5,5,5,5,5,5,5,5,5,5,5,5,5,5,5,5,5,5,5,5,5,5,5,5,5,5,5,5,5,5
xgboost,50,,0,reset,0.157490562705,835554.1,0.07984944954999999,0.10316562533,83733.5,-0.23212625346,-0.685965966565,83712.5,83732.9,-0.51428941199,83727.0,-0.828322733085,83733.5,31.021042190585,1429.26551183388,31.95,1049.45,0.755221697285,835554.1,328.45,2796.05,0.007438290459999999,5.519602391455,4.6119300311449996,83712.5,83732.9,4.9552035583,83727.0,4.3272365404699995,83733.5,0.89683437467,0.0,20,20,20,20,20,20,20,20,20,20,20,20,20,20,20,20,20,20,20,20,20,20,20,20,20,20,20,20,20,20,20,20,20
xgboost,50,,0,retain,0.157490562705,835554.1,0.07984944954999999,0.10316562533,83733.5,-0.23212625346,-0.685965966565,83712.5,83732.9,-0.51428941199,83727.0,-0.828322733085,83733.5,31.021042190585,1429.26551183388,31.95,1049.45,0.755221697285,835554.1,328.45,2796.05,0.007438290459999999,5.519602391455,4.6119300311449996,83712.5,83732.9,4.9552035583,83727.0,4.3272365404699995,83733.5,0.89683437467,0.0,20,20,20,20,20,20,20,20,20,20,20,20,20,20,20,20,20,20,20,20,20,20,20,20,20,20,20,20,20,20,20,20,20
xgboost,50,,1,reset,0.16113599443499999,835554.1,0.082059212495,0.10644046471999999,86420.0,-0.224867900985,-0.67069903881,86394.25,86418.6,-0.50088073242,86410.75,-0.802469092015,84107.65,30.72251463718,1413.5135934488849,31.55,1035.25,0.7492117727200001,835554.1,309.75,2780.5,0.0075930203550000006,5.491836128325,4.6001760561300005,86394.25,86418.6,4.93970263505,86410.75,4.3073870830350005,84107.65,0.89355953528,0.0,20,20,20,20,20,20,20,20,20,20,20,20,20,20,20,20,20,20,20,20,20,20,20,20,20,20,20,20,20,20,20,20,20
xgboost,50,,1,retain,0.16113599443499999,835554.1,0.082059212495,0.10644046471999999,86420.0,-0.224867900985,-0.67069903881,86394.25,86418.6,-0.50088073242,86410.75,-0.802469092015,84107.65,30.72251463718,1413.5135934488849,31.55,1035.25,0.7492117727200001,835554.1,309.75,2780.5,0.0075930203550000006,5.491836128325,4.6001760561300005,86394.25,86418.6,4.93970263505,86410.75,4.3073870830350005,84107.65,0.89355953528,0.0,20,20,20,20,20,20,20,20,20,20,20,20,20,20,20,20,20,20,20,20,20,20,20,20,20,20,20,20,20,20,20,20,20
xgboost,50,,5,reset,0.171671771585,835554.1,0.088521984925,0.115614199695,93897.1,-0.215480835195,-0.641467970085,93852.1,93892.4,-0.478643149225,93877.05,-0.7265836722250001,81834.75,30.170483466385,1367.569794437635,30.9,989.8,0.73179193935,835554.1,263.0,2737.825,0.008014304155,5.40274877211,4.550780921375,93852.1,93892.4,4.876215848815,93877.05,4.22688948563,81834.75,0.884385800305,0.0,20,20,20,20,20,20,20,20,20,20,20,20,20,20,20,20,20,20,20,20,20,20,20,20,20,20,20,20,20,20,20,20,20
xgboost,50,,5,retain,0.171671771585,835554.1,0.088521984925,0.115614199695,93897.1,-0.215480835195,-0.641467970085,93852.1,93892.4,-0.478643149225,93877.05,-0.7265836722250001,81834.75,30.170483466385,1367.569794437635,30.9,989.8,0.73179193935,835554.1,263.0,2737.825,0.008014304155,5.40274877211,4.550780921375,93852.1,93892.4,4.876215848815,93877.05,4.22688948563,81834.75,0.884385800305,0.0,20,20,20,20,20,20,20,20,20,20,20,20,20,20,20,20,20,20,20,20,20,20,20,20,20,20,20,20,20,20,20,20,20
