task_id,symbol,month,horizon,model,control_seed,cost_coverage,direction_accuracy,ic,mean_abs_markout_bps,mean_signed_markout_after_cost_bps,n_test,prediction_decile_monotonicity,selected_midpoint_diagnostic_bps,train_rows
17502bc10ec6aa71fc8605c4b93c138523e65c670c03fa78f48dbc85d95e08db,KGHM,2017-04,10,linear,,0.00010280615308473047,0.6918413424529379,0.23191965583429666,0.6765322241633301,-0.8309890162935273,1099156,1.0,0.16901098370647263,4677909
aba17c39beda0b1181f936743b9ccb687d782662ac4fdddb1f2ec6913c18b779,KGHM,2017-04,10,xgboost,,0.009127912689372573,0.6882391723111715,0.23631235376125195,0.6765322241633301,0.3929161142325864,1099156,1.0,1.3929161142325863,4677909
774fa31b702ecf042967e785331443f02ba449a621b51c4ff87f635fd2e7987a,KGHM,2017-04,20,linear,,0.0008608013277814985,0.6705779401476176,0.2642801783854219,1.150482187679375,-0.07289175880968507,1098976,1.0,0.927108241190315,4677269
4dd3f35a489b476aeea5939fd686072c11a48ae35770f7ef190a68025fc34401,KGHM,2017-04,20,xgboost,,0.040287504003727104,0.6697703401593154,0.2690508633761888,1.150482187679375,0.3320518084131647,1098976,1.0,1.332051808413165,4677269
798259a4a6b68464643c5c5361eb10fda4564f5c1d41fdaa6d8a449cd0140a2e,KGHM,2017-04,50,linear,,0.21027260577766935,0.6336514243616238,0.2685844195660745,2.234044405977182,0.2885124216443724,1098436,1.0,1.2885124216443722,4675349
cb8943421b7d821a0b95868f0e86b09844431620fd0a6e5d0db0b6d4614b05a2,KGHM,2017-04,50,xgboost,,0.2299851789271291,0.6366155752899655,0.2771702791096185,2.234044405977182,0.3286930788586688,1098436,1.0,1.3286930788586686,4675349
d34a080ee86b0c46acb641c64955e51de485a32bd6f141a6876db57d9ed73ae9,KGHM,2017-06,10,hist_gradient_boosting,,0.009745017368382153,0.6806686106773173,0.24196599879819863,0.9127290390991835,0.6672570513900361,1014775,1.0,1.6672570513900358,7205886
5b79593dbf89370a66f98789daa3798bb0c58679aa87d4f3a3bcbc370e880369,KGHM,2017-06,10,linear,,0.00016555394052868863,0.6781360991721831,0.2358492943628321,0.9127290390991835,-0.480088784295374,1014775,1.0,0.519911215704626,7205886
65121e398ebcc29fdb1991b784dee351eef6ed00241e2b0bf5b2a9569dc9fccf,KGHM,2017-06,10,xgboost,,0.017590106181173168,0.6818260340800729,0.24369599875376086,0.9127290390991835,0.5841710376697864,1014775,1.0,1.5841710376697864,7205886
5277a91258cb755d573240abe6d730ce1bfb0ed50a491ea5562180065214b5ed,KGHM,2017-06,10,xgboost,7.0,0.0,0.5077910142484003,0.016429251928382262,0.9127290390991835,,1014775,0.7777777777777778,,7205886
2e947bb0d752f4520482517042f920bae7321277bf30484bb8f63f503cc784da,KGHM,2017-06,20,hist_gradient_boosting,,0.05180939614514595,0.6640298288573753,0.2700559294463465,1.4906606253715589,0.6124172999848388,1014565,1.0,1.6124172999848392,7204856
d30c79a96a502c8524a64e7bfbbb296c9f3ed9c86d0e0f598043d8b5ac14be62,KGHM,2017-06,20,linear,,0.00507803837112457,0.6617944421977007,0.26476447855567553,1.4906606253715589,0.3989698500980784,1014565,1.0,1.3989698500980785,7204856
a1a136175396c1f631365261e50911ef172ed4b111f1efcdfcb9a507a1a5aad5,KGHM,2017-06,20,xgboost,,0.06868263738646613,0.6642809209970802,0.27163984547314557,1.4906606253715589,0.5376573415128895,1014565,1.0,1.5376573415128894,7204856
02ec260b7226456f1076f072d294cbb1f01e9f2e95527baf157499262f0fd39a,KGHM,2017-06,20,xgboost,7.0,0.0,0.5007777190167854,0.00892454262701265,1.4906606253715589,,1014565,0.5555555555555556,,7204856
8b844c03cb9b50ad83726ee700bfda19e1116ca837eef3cd753f06bed8d986e5,KGHM,2017-06,50,hist_gradient_boosting,,0.22348276763303368,0.6298861740544421,0.2698734556213676,2.7671779571247086,0.6462274344334615,1013935,1.0,1.6462274344334613,7201766
62b91b90c2cef6e71c4be809d6d2ff34765751e989d36e041415b1776c8c80fe,KGHM,2017-06,50,linear,,0.2051206438282533,0.6284262172759205,0.2636766790003303,2.7671779571247086,0.6518901564216175,1013935,1.0,1.6518901564216175,7201766
ffc916d9ca15dfdd7a1d31b470b79392079e8a2e8c5e1d07861f9c8cc2095b7c,KGHM,2017-06,50,xgboost,,0.25223313131512376,0.6308927980627768,0.2688187792560238,2.7671779571247086,0.5981662635639735,1013935,1.0,1.5981662635639733,7201766
cb2802fdc47ca2d654f17c945bf8d52683ea729eca435cf85975b007f343eaa1,KGHM,2017-06,50,xgboost,7.0,0.0,0.5053125813922384,0.028383232064024773,2.7671779571247086,,1013935,0.7777777777777778,,7201766
1aecec045684de589faa5326d9d415912f19f6e4b4cecbd5efefe136b1f67bdd,KGHM,2017-09,10,linear,,8.181074447777475e-05,0.689839390948106,0.2416369687310474,0.7136199907424611,0.2804949485015686,916750,1.0,1.2804949485015686,10137560
04cb76a4aca389f0181123c48c2df340919cf8ab4313783111642c6ffc4a7195,KGHM,2017-09,10,xgboost,,0.02254813198800109,0.6917543287338109,0.24748950705675773,0.7136199907424611,0.24220475116154022,916750,1.0,1.2422047511615404,10137560
e6fe4f35898af97f193779b77b435d19f2d394e23501c0acc23edc7493117564,KGHM,2017-09,20,linear,,0.02612215506142667,0.6728789559329877,0.28436414986728203,1.249306043929305,0.48015977105284624,916540,1.0,1.4801597710528465,10135890
26ab8ef846e82f08249f07a88433855af3d3a732662186f100b295d87e0adf69,KGHM,2017-09,20,xgboost,,0.07259475854845397,0.6741314741737278,0.28801511066833096,1.249306043929305,0.3710425005691971,916540,1.0,1.371042500569197,10135890
e500a4f29479e6a7de35a948649c85284b42a97fac53aef9da3aa91079522536,KGHM,2017-09,50,linear,,0.27086722494568244,0.6391864653515239,0.29072452427121076,2.3868558854573942,0.4368442306068688,915910,1.0,1.436844230606869,10130880
f69e8de66884045d3c5f0bb4a7adadc0d5e85aa779d3d6ece6591abcf1a180f9,KGHM,2017-09,50,xgboost,,0.2643414745990327,0.6432130792631716,0.29655245589192725,2.3868558854573942,0.47267702977771386,915910,1.0,1.4726770297777139,10130880
2afdb57cad97270490bf6dfd582f710e24d11dd138c17419f1b81930aa4514e1,KGHM,2017-11,10,linear,,0.0001657651684138075,0.6759112066194312,0.23082454879919231,0.8062325269768911,0.1472368347772143,832503,1.0,1.1472368347772144,12144824
cff7ad25f30899a77eb625c953ac548356a2799cb7a37960f522e69943616d66,KGHM,2017-11,10,xgboost,,0.02469540650303963,0.6803455913760684,0.24050552151498503,0.8062325269768911,0.34329981431849593,832503,1.0,1.343299814318496,12144824
602a3c5cb6ecbd57fdbbafe7f31c567c7a55bcae384d4b8a8ea72fd449c34592,KGHM,2017-11,20,linear,,0.029667436828136245,0.6577693372010407,0.2650989841082189,1.3827533147687867,0.6012220571733697,832293,1.0,1.6012220571733695,12142724
f5cbb6c611ccad586c05fc76c96332e8ddd00f1581e69566fcf4d942faf22836,KGHM,2017-11,20,xgboost,,0.08594929910500268,0.6613699376572592,0.2736705898960226,1.3827533147687867,0.4465982513025398,832293,1.0,1.44659825130254,12142724
4639d51bf7cb777a5a763baa97084bd205bf84322e449d5dd2d091fe69d5d2e8,KGHM,2017-11,50,linear,,0.26009453348291317,0.6271096493748374,0.2714349573896198,2.6228089360572953,0.5361233386339389,831663,1.0,1.5361233386339388,12136424
153e385be5c510dc1b9d4f38c1cf6f636215256459614d5752dd99ac2210a4a3,KGHM,2017-11,50,xgboost,,0.2763054265970712,0.6306706597756242,0.2781971155524962,2.6228089360572953,0.5342194736212496,831663,1.0,1.5342194736212489,12136424
090141d9017a475af00773699033da30f5ccffd28dee6b72a63be4507fd10c12,PEKAO,2017-04,10,linear,,9.317799066839678e-05,0.6656126482213439,0.22618541177973225,0.9724872302514125,-0.423705992088185,579536,1.0,0.5762940079118151,1915308
375016d2d997c3b9b045bfffd1c38830ebb172415020adc097aa36670222ed5f,PEKAO,2017-04,10,xgboost,,0.037547279202672486,0.6683768290448394,0.23722330789446952,0.9724872302514125,0.32325368577141567,579536,1.0,1.3232536857714157,1915308
606d78ebcff8f88ac26c664c6ed41d83adacc272cc6d79c6c7dae31259a62ddd,PEKAO,2017-04,20,linear,,0.08813924426432107,0.6457041807750661,0.25134004753301603,1.603231438241798,0.22269419930563747,579356,1.0,1.2226941993056375,1914668
33f2bbb741b39f3b7c1beaf5bfcf5ceeba9222730f72de9c87564c2b7e799d19,PEKAO,2017-04,20,xgboost,,0.12819061164465373,0.648216061973133,0.2595034764737581,1.603231438241798,0.25558510419630615,579356,1.0,1.2555851041963064,1914668
ff2dbddb38e6a469645187c84fe991bae224cadd02c8abbf8a0be25dd6ebba00,PEKAO,2017-04,50,linear,,0.3618231009509067,0.6178830792834383,0.2498218683418485,2.8432311336882754,0.3268866785189957,578816,1.0,1.3268866785189957,1912748
5cd192e40f4432d6601fdfbee583b0adffe132c1302d3b88926b49c955e53e29,PEKAO,2017-04,50,xgboost,,0.34908675641309156,0.6201890528640978,0.25670403887797877,2.8432311336882754,0.3655464950348377,578816,1.0,1.3655464950348377,1912748
150ca72a03f4a72bb5cbe4d325165131cc76232fb8f190e3ea936391698050b1,PEKAO,2017-06,10,hist_gradient_boosting,,0.020950663536509713,0.6793750401969882,0.25242462974511815,0.9689313196658946,0.423710939233034,657688,1.0,1.4237109392330343,3180896
197de3e9c67584a978cbbb255fbe5d388e92ead4bbab33058cb94c35368c94c4,PEKAO,2017-06,10,linear,,0.0002569607473452458,0.6754426262644824,0.2469111215624797,0.9689313196658946,-0.15226370339637832,657688,1.0,0.8477362966036217,3180896
8bdd895ad51d5d5b0ce77a179774e41963a9207fd942c882ee29b72e01c4c79e,PEKAO,2017-06,10,xgboost,,0.04676533553903979,0.6794715129686969,0.2544359443662767,0.9689313196658946,0.22528291256607472,657688,1.0,1.2252829125660747,3180896
fb20d94a237ce797d287f1ecf719a178c2f76888783cc5bc9e1bdf4abac82f3b,PEKAO,2017-06,10,xgboost,7.0,0.0,0.4962789073769513,-0.010148734589571214,0.9689313196658946,,657688,0.4444444444444444,,3180896
143224de365eb1bbe1cfe49b8d57c38e90915ed1c1f95b3a27823975830bd5ce,PEKAO,2017-06,20,hist_gradient_boosting,,0.1229972713915903,0.656199883364922,0.27228862661715286,1.5556662259484149,0.28834831425347235,657478,1.0,1.2883483142534726,3179866
2b3c1a66971be4f8c3846f88de3cd8d44d114e225f5d2eda797482ec95938bd3,PEKAO,2017-06,20,linear,,0.11302583508497623,0.653359940710502,0.26785221027594847,1.5556662259484149,0.2300473905851765,657478,1.0,1.2300473905851765,3179866
7321a4467d3c62cb9c23afccca7da107bd51b5c31c27ca2c1f582631ff52d518,PEKAO,2017-06,20,xgboost,,0.14984075512792824,0.6560692763765369,0.2741207864834555,1.5556662259484149,0.2377332313042435,657478,1.0,1.2377332313042435,3179866
14ab6e0cf2b31cc0c6674620ccd6a9f9a342a9e0ec1a824844ea8ae68e4015f7,PEKAO,2017-06,20,xgboost,7.0,0.0,0.5009324731496331,0.010898420846860057,1.5556662259484149,,657478,0.6666666666666666,,3179866
fb080d4785c680a88203c7c02664144d509ba87f4951c6dd31fd15b95bd48e71,PEKAO,2017-06,20,xgboost,17.0,0.0,0.4966528162511542,-0.004558677284335746,1.5556662259484149,,657478,0.3333333333333333,,3179866
4e8e6029c4553ccccb937b6c4e8add6ff885f48688ef52a9c29b0f33f1b85e75,PEKAO,2017-06,20,xgboost,29.0,0.0,0.526124435048841,0.052781354462752374,1.5556662259484149,,657478,0.7777777777777778,,3179866
2d0fa900077ab97a99f95c4c00a8a5fd28cf1f15d83114be06f4adceb145b0ea,PEKAO,2017-06,50,hist_gradient_boosting,,0.34487887608700946,0.6210262881177707,0.25490859551227196,2.731325460540476,0.32014618186778543,656848,1.0,1.320146181867785,3176776
2f91505a344bcba5d7032276cbbe77052d3eab6d58b394ffcc5281919c8cbb18,PEKAO,2017-06,50,linear,,0.3736663581224271,0.6204731861198738,0.25081692960598817,2.731325460540476,0.24872136341524603,656848,1.0,1.2487213634152459,3176776
2618e214b8212b86eb4554455c5d9984d94a090ecaf5364283188e64f4559e07,PEKAO,2017-06,50,xgboost,,0.35611587460112537,0.6192323869610936,0.25423453308428734,2.731325460540476,0.3031817576955462,656848,1.0,1.303181757695546,3176776
5c78a13bd2e20d426311f27f8e62c94ce8b52350005d3cda76629b05380a7137,PEKAO,2017-06,50,xgboost,7.0,0.0,0.5173438485804417,0.04568502168909696,2.731325460540476,,656848,0.6666666666666666,,3176776
b9d450b2855b7b17a20cff074087b07969e48b5d302d155874d53549d00e2f46,PEKAO,2017-09,10,linear,,0.0001187792462961909,0.6744732595066154,0.24955016988744932,0.9376479906550466,0.48454026088514857,404111,1.0,1.4845402608851488,4669332
b293993c0bbf1dc98bc0e51aff7567ae6cad722efac609f267fd7823a2bd4828,PEKAO,2017-09,10,xgboost,,0.033923847655718355,0.6778423162451007,0.25698847877042463,0.9376479906550466,0.27457863273188693,404111,1.0,1.274578632731887,4669332
fce7e2e661c49dc0e0b3499ea6097880827f85e85bd36cbf40992b4b77215df3,PEKAO,2017-09,20,linear,,0.08784330813739011,0.6567308246412724,0.27394661048865643,1.5587433476393395,0.2946379811499805,403901,1.0,1.2946379811499806,4667662
7fe8ad67d2e0c914326f4d8a3e916862bf34c27e862a0efe9e24fe4123b210a5,PEKAO,2017-09,20,xgboost,,0.11303017323552059,0.6589974836243493,0.2814141616703818,1.5587433476393395,0.3049715708277687,403901,1.0,1.3049715708277687,4667662
8537f451d525d04526aa008af2cad73470093e7755eed05739529ec5f067fb3c,PEKAO,2017-09,50,linear,,0.32796556161985363,0.6178480363719763,0.23866457539010838,2.819814542635913,0.2857760424660122,403271,1.0,1.2857760424660125,4662652
c2351d389dca2a4c11629e705c7ac6e857a0e7a4e961e50874db17e85fb7465e,PEKAO,2017-09,50,xgboost,,0.31470648769685894,0.6194028843948572,0.24721010139733152,2.819814542635913,0.3333920478577435,403271,1.0,1.3333920478577437,4662652
18ce9a15e67d043e1f437dc5c748533d5ad6ca7d740af68997e7d1709695a2e8,PEKAO,2017-11,10,linear,,0.00026362768298252167,0.6481498434553344,0.21191634961463332,1.0159431814358852,0.05906493610860722,481740,1.0,1.059064936108607,5633790
18b3ebe8f8c541940115dcf37d2ec052bddb4b20e9f4ecb3216b006a4b4ddcad,PEKAO,2017-11,10,xgboost,,0.03514343836924482,0.6556566636761448,0.22338235665934422,1.0159431814358852,0.21793644182674995,481740,1.0,1.21793644182675,5633790
b13b0be21b9f23b2dd4bd456338bdf002aae0e8b316546bd20676c6404da4103,PEKAO,2017-11,20,linear,,0.0896475816667705,0.6244834750939666,0.2243193173265345,1.711357479146485,0.1726548285204444,481530,1.0,1.1726548285204443,5631690
75f9142bdf4cf26d6783cada30d1f30dc5054ab49d14e75351b024224f1d3184,PEKAO,2017-11,20,xgboost,,0.12020227192490603,0.6305806090130192,0.23486755462379372,1.711357479146485,0.2405923060471511,481530,1.0,1.240592306047151,5631690
e3896e7bb9f3ffd38368d5aec418591e82d700941bf7694e049b8bb280d85b2c,PEKAO,2017-11,50,linear,,0.33682886254938654,0.5907481174287897,0.1970537503165157,3.142563124157776,0.21215746855516374,480900,1.0,1.2121574685551635,5625390
ade448d0ab6679ccf89e3f9ae0e8bbfe54306c46a87f4d363da007c65d404612,PEKAO,2017-11,50,xgboost,,0.3158411312123103,0.5940576230492197,0.20802019344179679,3.142563124157776,0.33107991805381737,480900,1.0,1.3310799180538173,5625390
05ca8f3e1634a35f935012c2501cf552ffb5197887cabc4e423f3c3b00e8fb6b,PKNORLEN,2017-04,10,linear,,1.4790536423174996e-06,0.704018238814477,0.2320881100545604,0.6339352865972806,1.3359028264424708,676108,1.0,2.335902826442471,4935708
035558a40125d6f7f7a010c3ea542ecbeb7b6724504fff5ffa4320439162c108,PKNORLEN,2017-04,10,xgboost,,0.007733971495678205,0.7089626674266173,0.24359217433256586,0.6339352865972806,0.4541069967488112,676108,1.0,1.4541069967488112,4935708
08b1727f28bcbbcadacc35d81b25526c4886ae0c4c09c3e86c63f5f5ac7ed171,PKNORLEN,2017-04,20,linear,,1.9232817696559397e-05,0.688859712522506,0.27913742791189283,1.1173150773591238,-0.5352509931693193,675928,1.0,0.46474900683068066,4934435
7becbbe0eb0cc0109844fbb39b09605a90dbfb48f27be5a0671241436fb03477,PKNORLEN,2017-04,20,xgboost,,0.035431288539607766,0.6937137285257904,0.2866742826331577,1.1173150773591238,0.5565587489097685,675928,1.0,1.5565587489097685,4934435
f5b6588f0b0b20cf676d75da49ff2f02bb92ac48d0784f589592f2cca45baed4,PKNORLEN,2017-04,50,linear,,0.05405633502520033,0.6633095462501684,0.3143178865509784,2.256223573946996,0.8600564202825715,675388,1.0,1.8600564202825716,4930767
17fc9f08dcf5953ee3260bb1546dcff5ea5653efeea2c76defbcde9088b5b74f,PKNORLEN,2017-04,50,xgboost,,0.16316250806943564,0.6665042780028643,0.3191068208481421,2.256223573946996,0.7044998464232277,675388,1.0,1.7044998464232277,4930767
8c891aa58ff1af0d957a4a6ec12811d99dd08fe45e202aedef85297e944437d3,PKNORLEN,2017-06,10,hist_gradient_boosting,,0.004457882968987129,0.7015177476592255,0.2736384978169118,0.9271865302558492,1.17282788731924,863190,1.0,2.17282788731924,6680636
b15959285c99066968873e3ac951a0b8762dc5263bc50e74675ee18fd9d0cc4e,PKNORLEN,2017-06,10,linear,,9.267947960472202e-06,0.6998530164118139,0.26562793562467424,0.9271865302558492,1.725817138661546,863190,1.0,2.725817138661546,6680636
a8174d53bc3bb6064ac84195f2034bce8be22c0b33a1db9c3747b2f71a00a057,PKNORLEN,2017-06,10,xgboost,,0.01871662090617361,0.6986389806972382,0.2738738580309722,0.9271865302558492,0.8000438224199964,863190,1.0,1.8000438224199964,6680636
dfe6f6a14ed7749db5dee6a06cf510493f1167854a0ae8ed3651c1061f1db6df,PKNORLEN,2017-06,10,xgboost,7.0,0.0,0.5456745409808109,0.056002412585847657,0.9271865302558492,,863190,0.8888888888888888,,6680636
b41e267a7c2841acd645d10bbf0e81a5d690da47c33fcbedff8255da48e5e162,PKNORLEN,2017-06,20,hist_gradient_boosting,,0.0406417298199263,0.681422898453002,0.3095241422463908,1.5682910826409981,1.1178820589859584,862980,1.0,2.117882058985958,6678973
45e67a81bbebe0563f0f7225950f215835762e988b220b57e0df0e841ffc9bb6,PKNORLEN,2017-06,20,linear,,5.2144893276785095e-05,0.6799250564264372,0.30167100499533833,1.5682910826409981,-0.45908457959115656,862980,1.0,0.5409154204088433,6678973
c581cfc4822c5fcac232a6f55575581efe788dfc0634cad01c6f45edaea2dc98,PKNORLEN,2017-06,20,xgboost,,0.06699691765741964,0.6788158297710257,0.30946835490512137,1.5682910826409981,0.855024211216525,862980,1.0,1.8550242112165247,6678973
6ed0b21ed1f5f5f7d5abcb40a5f4263b409332baa912c56a6a5d3785883ad0d9,PKNORLEN,2017-06,20,xgboost,7.0,0.0,0.5562038197545289,0.09222840639994086,1.5682910826409981,,862980,1.0,,6678973
eceb7b00d93acc6a47169f9a50a9e4a7d9366494a329368fe1920716f677fd40,PKNORLEN,2017-06,50,hist_gradient_boosting,,0.2606227169942599,0.6460215879794797,0.3064392305321598,3.0495758037123424,0.9169929206370588,862350,1.0,1.916992920637059,6674135
121588f87c958b394a3b5e548a22246331588cf1b4e33ef7fcc76e0b8aa99d30,PKNORLEN,2017-06,50,linear,,0.2072905432828898,0.6442394078279211,0.29940580021945484,3.0495758037123424,0.9614656175452433,862350,1.0,1.9614656175452436,6674135
10d7af355ca93476519e9790605a70e6cf314473248a5d35ea0876c766f8e79b,PKNORLEN,2017-06,50,xgboost,,0.32106337334029106,0.6450792297075597,0.30817582926741255,3.0495758037123424,0.8513002246273723,862350,1.0,1.8513002246273715,6674135
57fafa84fc4cb415d51c63c986ce33a04689ecc18513743e07cec7fa81438e41,PKNORLEN,2017-06,50,xgboost,7.0,0.0,0.5439376578734929,0.09061350464364713,3.0495758037123424,,862350,0.8888888888888888,,6674135
c4f1cb8fbaacb6a2c2f3190ec88412d472086e4e80bacbd9e33477f2031c2988,PKNORLEN,2017-09,10,linear,,1.281918539007302e-05,0.7194871977539805,0.2919573342321895,0.8652895810763627,-0.5464355822636884,1014105,1.0,0.4535644177363117,9110943
f16e784194b4519dad8360ce72835383d227a3d437084e12f6c5d3219af37e51,PKNORLEN,2017-09,10,xgboost,,0.025724160713141143,0.7270710753757128,0.3120332685538301,0.8652895810763627,0.694700960027782,1014105,1.0,1.694700960027782,9110943
730db7ac1b5c0bcf1bee1b14be32703feca11291b05368017bf1d6d500e9f8e6,PKNORLEN,2017-09,20,linear,,0.010928153309760873,0.6779073122389158,0.29975819080564187,1.4593123101290277,0.5578610296490039,1013895,1.0,1.557861029649004,9108640
c818ea3fed36a91f27de4899a0276cc25f4a7a5a4f6be43bc0b0a65b9e548c79,PKNORLEN,2017-09,20,xgboost,,0.07732260243910859,0.6838095397391563,0.31712312421092653,1.4593123101290277,0.749094490315517,1013895,1.0,1.7490944903155172,9108640
851460ab6976e71ea31683978fab4ec4bed48cb4d23af0c6ebd11135ee6b1bd9,PKNORLEN,2017-09,50,linear,,0.2631078740507172,0.6255399786982121,0.26189975687060696,2.8187818439951116,0.5490772383351272,1013265,1.0,1.5490772383351268,9101882
98c02ecb2538a11b00b8e0ef1adaf65412bd02147dc74e3a8b609d2a18a6dd25,PKNORLEN,2017-09,50,xgboost,,0.23761010199700966,0.629839533739545,0.2750262067960663,2.8187818439951116,0.6832577847053619,1013265,1.0,1.683257784705362,9101882
acb3fd9a4029ec7fe7b37dec8c0b3a20094a5cfee62d29d2eaf5593245c37f92,PKNORLEN,2017-11,10,linear,,4.8006621073178415e-05,0.6743982962996349,0.24826868354210102,1.0117801934379347,0.5195127979144019,1041523,1.0,1.5195127979144019,11303344
ec390ab8137c811073d490327f2b45b06917d438b34e01c838a3b552fa816075,PKNORLEN,2017-11,10,xgboost,,0.0297381814899911,0.67862092666877,0.2603849925901198,1.0117801934379347,0.6040559130915616,1041523,1.0,1.6040559130915615,11303344
1249dbb5eddcd94e3069e1238a16a791d430de1de97b043a3250a7808a8cc4e3,PKNORLEN,2017-11,20,linear,,0.018123273213721522,0.641968851257959,0.2505561123425847,1.6225853467111253,0.7695436976598844,1041313,1.0,1.7695436976598842,11300611
fccbabc64719f34025a7893890b217abbfb996fecfc7041f1350987e2104b425,PKNORLEN,2017-11,20,xgboost,,0.08590308581569614,0.644565209181477,0.25985793750736036,1.6225853467111253,0.6256594760060223,1041313,1.0,1.6256594760060228,11300611
332e8bf859ed5dacc1d99230cf44e5f7049fcbb465708365a1616958925ab6b2,PKNORLEN,2017-11,50,linear,,0.2524294141443648,0.6103170410202224,0.2365710160078998,2.909699106062077,0.5168879339407433,1040683,1.0,1.5168879339407428,11292563
dc53f4080a11aabe06e87bc3c30b17bc5768485b8a0ec12161984f39f243a6e9,PKNORLEN,2017-11,50,xgboost,,0.24639491564674354,0.6122537583562618,0.24218362423349518,2.909699106062077,0.5583631666427209,1040683,1.0,1.5583631666427205,11292563
d87e8209f01961fd61573cd324756c402dc557700c3496d028a3ab362f45e496,PKOBP,2017-04,10,linear,,1.258482961713802e-05,0.6853810043150458,0.20622185040065333,0.582584271093602,-1.3366402633673642,953529,1.0,-0.33664026336736413,3391400
1e433c94c017c7576c9edd174d66050e004f76a4365a13d05bc848a73eae5ff8,PKOBP,2017-04,10,xgboost,,0.01030068304162747,0.6886433685807767,0.21270905015079852,0.582584271093602,-0.020955165445697588,953529,1.0,0.9790448345543024,3391400
3acf0f7ebc2eeca1f1cf34fb3b49288d1a9121e299454cdf71f2eaad9c8af1c4,PKOBP,2017-04,20,linear,,9.720781128160046e-05,0.6664215174261047,0.2432293463955651,1.006205443890218,-0.018144022104556578,946426,1.0,0.9818559778954435,3371189
882e142e70eb3848f47935d6259862aab6e6af6e8c619b32fb593c13e922e889,PKOBP,2017-04,20,xgboost,,0.03565836103403753,0.6688024221126523,0.24431901438868023,1.006205443890218,0.02095679382255945,946426,1.0,1.0209567938225594,3371189
716ef2c5e0bd3b4bed9391eabed09e55452cb8de095b26f4039a96b61ebd447e,PKOBP,2017-04,50,linear,,0.2377429364338344,0.6350262392328809,0.2621174393432276,2.013838560726796,0.22453334019772558,927506,1.0,1.2245333401977256,3315886
ed9612c1914b084c00e05590649721584bec1431898b2be496eb2e527c0e6d35,PKOBP,2017-04,50,xgboost,,0.24165557958654715,0.6345561579807585,0.2623524720310461,2.013838560726796,0.2144166368460354,927506,1.0,1.2144166368460354,3315886
a73abe4e202b572865ca8a3bbe055cf7cc49b2f83ddbc3f9fb47899f9eb3fa13,PKOBP,2017-06,10,hist_gradient_boosting,,0.002884216103884391,0.6834818969980576,0.23369139104251518,0.7868133032845025,0.6176797973708208,1064414,1.0,1.617679797370821,5846076
1f474f6a7f20a1baf0288e76caf452da636fa9a0571c01aa38432636e14a571d,PKOBP,2017-06,10,linear,,2.0668649604383258e-05,0.6804512641926942,0.23234543656841306,0.7868133032845025,0.23830756311045628,1064414,1.0,1.2383075631104563,5846076
28a3b2539adc60a20951a2b5b7b8d70280724523a23bf4e922d67236e928c07e,PKOBP,2017-06,10,xgboost,,0.013257999237138933,0.6825354425746198,0.23426566647588398,0.7868133032845025,0.5197486974508343,1064414,1.0,1.5197486974508343,5846076
1532aabaa57c760acac8999f622b81231041f98a834b211e427f31204c73fc61,PKOBP,2017-06,10,xgboost,7.0,0.0,0.5021649732717314,0.002518938069551011,0.7868133032845025,,1064414,0.4444444444444444,,5846076
c9d2c6f4e0d7e7bce5aa778e10f1d7066d46e605d5b924ab0bd0fa027970b5e0,PKOBP,2017-06,20,hist_gradient_boosting,,0.022825877088373255,0.6691927618760563,0.2657276364888288,1.246533918118815,0.45796538449107854,1056564,1.0,1.4579653844910783,5806941
3a6c366d01432499920f7653acb17b74bc55474c1ec613ad79e44480aa0bc3d8,PKOBP,2017-06,20,linear,,0.0002460806917517538,0.6672702024823192,0.2658909995028166,1.246533918118815,-0.6085311597933292,1056564,1.0,0.3914688402066709,5806941
69fba85caf6f2fa345001e90c734ee0a476bc37e54b87f6cf93caedb9ae8a29d,PKOBP,2017-06,20,xgboost,,0.04199461651163583,0.6674639654671303,0.26495358614326026,1.246533918118815,0.4076845227888098,1056564,1.0,1.4076845227888097,5806941
1c02d02e52fbf9ce82310105ac2a7fccf8d018e43f4fa7253d58c8b567d65d00,PKOBP,2017-06,20,xgboost,7.0,0.0,0.5245745287791855,0.04060363337291464,1.246533918118815,,1056564,1.0,,5806941
2d2a5e49b6df0e3514d1dc07542193bec75d3b42d25e1a18559fcf67882c1c2c,PKOBP,2017-06,50,hist_gradient_boosting,,0.2028046829102378,0.6382840306751457,0.2733542254883175,2.281171263002449,0.4069100441888893,1034912,1.0,1.4069100441888893,5700958
87e175bda09e9c97778b704c42e91fb1803f994903abb8e60faa41f9e404d980,PKOBP,2017-06,50,linear,,0.19698872947651588,0.6364047949069785,0.2717066236618475,2.281171263002449,0.37799225610041165,1034912,1.0,1.3779922561004119,5700958
c409a69035fa5542dba594cc0286b24d48f8388a14ee2beaece400d912e32927,PKOBP,2017-06,50,xgboost,,0.21310314306916917,0.6356692600770362,0.2705093953313173,2.281171263002449,0.38385342364542513,1034912,1.0,1.3838534236454252,5700958
621e70d841960df83c8a8694b25b15b5afc0963084f367d4115d5a93a177f028,PKOBP,2017-06,50,xgboost,7.0,0.0,0.5208728903872005,0.04530749230077798,2.281171263002449,,1034912,1.0,,5700958
49aa253f468e666980cb565b88f26965369e69693d78b775a134b169b7be2b82,PKOBP,2017-09,10,linear,,1.4219657513085316e-05,0.6778339079998931,0.21674639511092844,0.5979814723864882,-0.7472033867196295,773577,1.0,0.2527966132803705,8364869
1c0cc3dad1b64d1351466a98d8e5d5b4e9ebea4627fed1533fece77fe71787f2,PKOBP,2017-09,10,xgboost,,0.015451596932173526,0.6817149119290087,0.22453744633633035,0.5979814723864882,0.16480679119993355,773577,1.0,1.1648067911999336,8364869
39dbac30bd3e6a14d6ddf9301e40c9996b2a5531320547e26609fd8d9f9bc49a,PKOBP,2017-09,20,linear,,0.0002484998456685169,0.6600500161290838,0.25534657124525084,1.04870036669905,-0.2406723789363933,764588,1.0,0.7593276210636065,8304545
e11e787cb345ff767de9c6d9be6e491ae1bde12dd611ea9d7872e24d4786d695,PKOBP,2017-09,20,xgboost,,0.05338038263744657,0.663157659398465,0.2617168466642863,1.04870036669905,0.27089010282554477,764588,1.0,1.2708901028255448,8304545
8cecb0ceaca7ce8ae005c116122378d82c7d474a8e6e22c5c294c88b9fc300b3,PKOBP,2017-09,50,linear,,0.22165992859215863,0.6252533636290502,0.26265733655463125,2.0860579347798494,0.31142794258556206,740815,1.0,1.3114279425855622,8140270
1dd243e9e302fc94c2181fd0cc71145fbb465c61be69a6ab20ade49bcc8e47b8,PKOBP,2017-09,50,xgboost,,0.21807198828317462,0.6287577775030757,0.26821418273708336,2.0860579347798494,0.36914722008104434,740815,1.0,1.3691472200810442,8140270
73db644b49d1aa937d3ee8b24533b3311059bdb1d051b2d7eea6eccc082c78cb,PKOBP,2017-11,10,linear,,1.2056010030600346e-05,0.6612466449865799,0.20733047394378876,0.6069596940543711,-0.8940334242820088,912408,1.0,0.10596657571799123,10056758
b0f84482c4c02e9a4ca7273f4d7c2ef6decd23b206e4f111376f51de4287eb3d,PKOBP,2017-11,10,xgboost,,0.010809856993801019,0.6642866571466286,0.2126455075766671,0.6069596940543711,0.06912629611057373,912408,1.0,1.0691262961105736,10056758
78c116cb3a138c4dc0274ed2eaa13c97941c979d1336fa97b4453f24115852b8,PKOBP,2017-11,20,linear,,0.00046498733710256563,0.6414936940049856,0.23557073648170462,1.0280363231464162,0.06599866698460209,905401,1.0,1.065998666984602,9976461
441ed0168cb36f044aefddd5a888823459d34d642a1731ae8e67ff4972e006c1,PKOBP,2017-11,20,xgboost,,0.0395206102047601,0.6433447688624528,0.24004882306378245,1.0280363231464162,0.07287051853857986,905401,1.0,1.0728705185385798,9976461
da6c0582b850a384e4bc5c8cc1f7bfa2310415ff12bd879085235a1de9e184cd,PKOBP,2017-11,50,linear,,0.22792226833889742,0.6138890391044748,0.24311797913274702,1.9657286443498105,0.08156256870810168,886640,1.0,1.0815625687081016,9759786
9d82a3c7accea500a0dd71d036178db2b83c7252c4672266ea9aee6bdc912889,PKOBP,2017-11,50,xgboost,,0.19899057114499685,0.61801325219571,0.24793066043039944,1.9657286443498105,0.1550756302231723,886640,1.0,1.1550756302231724,9759786
e3afb29572b20a8b2762cb58b058928b0a9ac90cd25cbc843716df8dc55f14ec,PZU,2017-04,10,linear,,3.3446144391186105e-05,0.6643479445083557,0.2117589897070288,0.6835580030181978,-0.15069637736960556,956762,1.0,0.8493036226303945,2507664
43446f6818456c24b51ca3852c948ac99567af4a2eb91fd6179fdf5ec4a9dfba,PZU,2017-04,10,xgboost,,0.014460231489126868,0.6625452903420026,0.2122298584395641,0.6835580030181978,-0.06313485244407485,956762,1.0,0.9368651475559252,2507664
be1f74c639d1bf68d0a44a2433e4de2037ae853ea9a8b48226998d12993e8b12,PZU,2017-04,20,linear,,0.014475169686894869,0.6516753167016577,0.245224980517483,1.1271854467786189,-0.04305102070646444,948659,1.0,0.9569489792935355,2478456
5e7c4371d944a47c8ba20ddd3b747be1936b5841847fa427e9f9e2d10c29082b,PZU,2017-04,20,xgboost,,0.06873070302395276,0.6468417216060781,0.23969161860467336,1.1271854467786189,-0.10395937346225052,948659,1.0,0.8960406265377494,2478456
cae6111919fd813a0e3c71c72e4602f9f9f1a09ea671ea12c6c0bac95b4e7bc3,PZU,2017-04,50,linear,,0.3195109191031719,0.636053605175842,0.2666552152173434,2.0740398866244303,0.08113027348474179,927045,1.0,1.0811302734847417,2402827
722783699fff4134f31c9d09ec899d996aafb457ce5a7546fa1173a08ad0ac8e,PZU,2017-04,50,xgboost,,0.2704323954069112,0.6329956847464095,0.26390154308323027,2.0740398866244303,0.11457917883948475,927045,1.0,1.114579178839485,2402827
9fdfa16c652fc604961966e1a7c8811d0101b80cdf7f2fc974c73c4e977ad4ac,PZU,2017-06,10,hist_gradient_boosting,,0.003028451368058339,0.6424631467386068,0.1999712675500332,0.8177627737610605,0.2890017486909468,970463,1.0,1.2890017486909469,4919859
163eeb08dcc82358501c1035b45e26ef96c77dcc761dbf0590bfeeb65533767f,PZU,2017-06,10,linear,,2.6791335682040427e-05,0.6407017776279025,0.19788373643298907,0.8177627737610605,-1.3093632168399418,970463,1.0,-0.30936321683994183,4919859
99cf00e23040a33c2b9b6bb9d465b38f5df387c6b97ff8c7b1abd23f47c0cf8a,PZU,2017-06,10,xgboost,,0.013275106830451033,0.6445737787840833,0.20462731699771902,0.8177627737610605,0.26228228466081455,970463,1.0,1.2622822846608144,4919859
62e7e037b683f4bce71728e8ec5d1906c2df9b2d7a7b36c6c51ab0c0eb262ffd,PZU,2017-06,10,xgboost,7.0,0.0,0.4929725888813951,-0.0048910201061627984,0.8177627737610605,,970463,0.4444444444444444,,4919859
60ca29a4c84f39dbb4bd9f003f3b69b76a65cd42c28acfe8b6c8cc5be7c5f6ee,PZU,2017-06,20,hist_gradient_boosting,,0.02208186936809265,0.6283758259650484,0.2190164271054877,1.2674487102588186,0.17521059776749992,970253,1.0,1.1752105977675,4882338
007fdc01ed025b633084d494cb1fb4b99ef296e667ac321bcdf38f2e1bd033e3,PZU,2017-06,20,linear,,0.0005586171854145259,0.627220333436358,0.2177648070154844,1.2674487102588186,-0.43166368001413613,970253,1.0,0.5683363199858639,4882338
7e39daf3cce77084aa8723031a76aa85ed5ca224dba7f53aed488892282affeb,PZU,2017-06,20,xgboost,,0.03950722131237935,0.6302282501762531,0.2219506402338974,1.2674487102588186,0.19762734389675088,970253,1.0,1.197627343896751,4882338
ec04a1146dd1cb734340c3a1d1132b20738089388c1ca23b5283bf34cbc4b26e,PZU,2017-06,20,xgboost,7.0,0.0,0.5113397855066492,0.018422749229648445,1.2674487102588186,,970253,0.5555555555555556,,4882338
8552f10125792652f0c50b9605dceccf55238299d6cb2d9ae9f70bf79437df4a,PZU,2017-06,50,hist_gradient_boosting,,0.15510667548108903,0.6049542862692324,0.2145195742129216,2.217285521650788,0.1186241321305115,969623,1.0,1.118624132130512,4784465
ee50875b2251797d54038a55dee72ae99c9e8cf0f5a8a2af4bc3df99f83ad019,PZU,2017-06,50,linear,,0.165216790443296,0.6035252986306692,0.21194575352598474,2.217285521650788,0.05304935889607601,969623,1.0,1.053049358896076,4784465
b0034a0587a9c1ecb30da822d2d095bc9ea410b5bc9d46f39169204ebdf1d66f,PZU,2017-06,50,xgboost,,0.14555347800124377,0.6049473494360355,0.21598594253377817,2.217285521650788,0.14548410832393874,969623,1.0,1.1454841083239387,4784465
2a5d5918f0a22166bfe5649eb9c686282572af779cc331fb2939c57278b5422f,PZU,2017-06,50,xgboost,7.0,0.0,0.5093411395829576,0.01063219014327719,2.217285521650788,,969623,0.5555555555555556,,4784465
dcc7a484eb05c3db142882c69810467f04d388bb4660b54f3298c00400a4e34a,PZU,2017-09,10,linear,,2.5934585195760733e-06,0.6697019829401708,0.21746257753022052,0.5132010963167676,-2.529721378397131,771171,1.0,-1.5297213783971308,7696922
cf6a87e1efec4d490e4ad6ab9694badc1ab7d463a974d1bd684dbbb58e297534,PZU,2017-09,10,xgboost,,0.008754219232829036,0.6744531131192943,0.22767771011303728,0.5132010963167676,-0.1752488658413417,771171,1.0,0.8247511341586582,7696922
665c128d5cd6d1a5933b31ab495409c41eacf4d701939f0874d9899f6bbac06e,PZU,2017-09,20,linear,,2.9832896865081372e-05,0.6461349051319453,0.23826973465227827,0.8747884345662179,0.14832534760981367,770961,1.0,1.1483253476098139,7658761
0849182427b8330d35857e1eae87d0a3de6c049917990f4b9372d3706d904340,PZU,2017-09,20,xgboost,,0.03733911313283032,0.6504852160512257,0.24826211619668218,0.8747884345662179,-0.10129834869645753,770961,1.0,0.8987016513035425,7658761
b7974b50c117689ef650f4f8814722b0ed18177c5b1b818d5a92b66a4de7ebfe,PZU,2017-09,50,linear,,0.14959283736471723,0.6027455155331339,0.21412846439488206,1.7248965490227468,-0.13922644931469297,770331,1.0,0.860773550685307,7558968
e6a7783c129ad78a6fbbf1acfd91ac91e224c0bc76375881c14683839ff02798,PZU,2017-09,50,xgboost,,0.15402210218724158,0.607171580454697,0.2272693385206362,1.7248965490227468,-0.02169415388272069,770331,1.0,0.9783058461172792,7558968
0146b5318b44bd881eaac46626da191a2e5ecbed25123c9c648afdecfd68a9eb,PZU,2017-11,10,linear,,9.054024230832347e-06,0.6248921827396134,0.16390192988844277,0.6173909679861331,-0.33433311241001706,883585,1.0,0.6656668875899829,9494095
07840e9b3990c03c3342878f5c30fff96f2381c2bfd97c511c0b6715cb9a6a65,PZU,2017-11,10,xgboost,,0.002633589298143359,0.6305967801046152,0.17514855000919913,0.6173909679861331,0.37732621469639005,883585,1.0,1.37732621469639,9494095
2559cbdb4af5eb7453619dd3c49aa6a94cd82d695572f1d2da7ac33e168e5a45,PZU,2017-11,20,linear,,5.9997169944813927e-05,0.6010594762759612,0.17547325365373764,1.0634751399854412,-0.49610977884913765,883375,1.0,0.5038902211508623,9455504
491d373ab41d82703a40fe5fed24cda537558751e54f9d8021b14a3c7e1dde4b,PZU,2017-11,20,xgboost,,0.014363096080373568,0.6076523760213794,0.18643665799690212,1.0634751399854412,0.12979876345835034,883375,1.0,1.1297987634583504,9455504
9bcd67446745a426b6f4e479021e100cef95fb0450e24053723f41b4c34454a1,PZU,2017-11,50,linear,,0.08581073809537296,0.5757712622662033,0.17175837606018604,2.095251814913733,-0.008121251399681659,882745,1.0,0.9918787486003184,9354421
33f36b3ecd6e0d041013f1a56a26e80ba4749f12e9d61efe2e55229cc90921b2,PZU,2017-11,50,xgboost,,0.08560909435907312,0.580373493818429,0.18296728568143994,2.095251814913733,0.1386811055942236,882745,1.0,1.1386811055942236,9354421
