model,horizon,control_seed,ic,direction_accuracy,cost_coverage,selected_midpoint_diagnostic_bps,prediction_decile_monotonicity,symbol_month_blocks
hist_gradient_boosting,10,,0.24033835699055536,0.6775012884540391,0.008213246269164346,1.6340954848008156,1.0,5
hist_gradient_boosting,20,,0.2673225523808413,0.6598442397032808,0.05207122876262569,1.5303647310965696,1.0,5
hist_gradient_boosting,50,,0.2638190162734077,0.6280344734192141,0.23737914382112596,1.4817801426515413,1.0,5
linear,10,,0.23572350491027763,0.6749169567338151,9.584852422416605e-05,1.0044817994480617,1.0,5
linear,20,,0.26358870006905266,0.6579139950506634,0.02379214324530877,0.8259475642569267,1.0,5
linear,50,,0.25951035720272114,0.6266137809522727,0.2296566130306764,1.458623750475719,1.0,5
xgboost,10,7.0,0.011982169577609383,0.5089764049518578,0.0,,0.6,5
xgboost,10,,0.24217975692492252,0.6774091498209422,0.021921033738795306,1.4783057509535014,1.0,5
xgboost,20,7.0,0.034215550495275325,0.5187656652413564,0.0,,0.7555555555555555,5
xgboost,20,17.0,-0.004558677284335746,0.4966528162511542,0.0,,0.3333333333333333,1
xgboost,20,29.0,0.052781354462752374,0.526124435048841,0.0,,0.7777777777777778,1
xgboost,20,,0.26842664264777605,0.6593716485576053,0.07340442959916584,1.4471453301438437,1.0,5
xgboost,50,7.0,0.044124288168164806,0.5193616235632662,0.0,,0.7777777777777778,5
xgboost,50,,0.2635448958945638,0.6271642048489003,0.2576138000653906,1.456397155571251,1.0,5
