symbol,model,horizon,control_seed,ic,direction_accuracy,cost_coverage,selected_midpoint_diagnostic_bps,prediction_decile_monotonicity,symbol_month_blocks
KGHM,hist_gradient_boosting,10,,0.24196599879819863,0.6806686106773173,0.009745017368382153,1.6672570513900358,1.0,1
KGHM,hist_gradient_boosting,20,,0.2700559294463465,0.6640298288573753,0.05180939614514595,1.6124172999848392,1.0,1
KGHM,hist_gradient_boosting,50,,0.2698734556213676,0.6298861740544421,0.22348276763303368,1.6462274344334613,1.0,1
KGHM,linear,10,,0.23505761693184213,0.6839320097981645,0.00012898400162625036,0.7791634956724705,1.0,4
KGHM,linear,20,,0.2696269477291496,0.6657551688698367,0.015432107897117246,1.3518649798786524,1.0,4
KGHM,linear,50,,0.27360514505680883,0.6320934390909764,0.23658875200862955,1.4783425368266994,1.0,4
KGHM,xgboost,10,7.0,0.016429251928382262,0.5077910142484003,0.0,,0.7777777777777778,1
KGHM,xgboost,10,,0.24200084527168889,0.6855412816252809,0.018490389340396617,1.3906479293456022,1.0,4
KGHM,xgboost,20,7.0,0.00892454262701265,0.5007777190167854,0.0,,0.5555555555555556,1
KGHM,xgboost,20,,0.27559410235342197,0.6673881682468457,0.06687854976091247,1.4218374754494478,1.0,4
KGHM,xgboost,50,7.0,0.028383232064024773,0.5053125813922384,0.0,,0.7777777777777778,1
KGHM,xgboost,50,,0.2801846574525164,0.6353480280978845,0.2557163028595892,1.483438961455401,1.0,4
PEKAO,hist_gradient_boosting,10,,0.25242462974511815,0.6793750401969882,0.020950663536509713,1.4237109392330343,1.0,1
PEKAO,hist_gradient_boosting,20,,0.27228862661715286,0.656199883364922,0.1229972713915903,1.2883483142534726,1.0,1
PEKAO,hist_gradient_boosting,50,,0.25490859551227196,0.6210262881177707,0.34487887608700946,1.320146181867785,1.0,1
PEKAO,linear,10,,0.23364076321107366,0.665919594361944,0.00018313641682308877,0.9919088753772982,1.0,4
PEKAO,linear,20,,0.25436454640603884,0.6450696053052017,0.09466399228836447,1.2300085998903096,1.0,4
PEKAO,linear,50,,0.2340892809136152,0.6117381048010195,0.3500709708106435,1.2683853882388543,1.0,4
PEKAO,xgboost,10,7.0,-0.010148734589571214,0.4962789073769513,0.0,,0.4444444444444444,1
PEKAO,xgboost,10,,0.24300752192262878,0.6703368304836954,0.038344975191668865,1.260262918224032,1.0,4
PEKAO,xgboost,20,7.0,0.010898420846860057,0.5009324731496331,0.0,,0.6666666666666666,1
PEKAO,xgboost,20,17.0,-0.004558677284335746,0.4966528162511542,0.0,,0.3333333333333333,1
PEKAO,xgboost,20,29.0,0.052781354462752374,0.526124435048841,0.0,,0.7777777777777778,1
PEKAO,xgboost,20,,0.2624764948128473,0.6484658577467596,0.12781595298325216,1.2597205530938673,1.0,4
PEKAO,xgboost,50,7.0,0.04568502168909696,0.5173438485804417,0.0,,0.6666666666666666,1
PEKAO,xgboost,50,,0.2415422167003486,0.6132204868173171,0.33393756248084655,1.3333000546604863,1.0,4
PKNORLEN,hist_gradient_boosting,10,,0.2736384978169118,0.7015177476592255,0.004457882968987129,2.17282788731924,1.0,1
PKNORLEN,hist_gradient_boosting,20,,0.3095241422463908,0.681422898453002,0.0406417298199263,2.117882058985958,1.0,1
PKNORLEN,hist_gradient_boosting,50,,0.3064392305321598,0.6460215879794797,0.2606227169942599,1.916992920637059,1.0,1
PKNORLEN,linear,10,,0.2594855158633813,0.6994391873199766,1.7893202016510284e-05,1.7586992951886826,1.0,4
PKNORLEN,linear,20,,0.2827806840138644,0.6721652331114545,0.0072807010586139346,1.083267288637103,1.0,4
PKNORLEN,linear,50,,0.278048614912235,0.6358514934491311,0.19422104162579304,1.7218718025259212,1.0,4
PKNORLEN,xgboost,10,7.0,0.056002412585847657,0.5456745409808109,0.0,,0.8888888888888888,1
PKNORLEN,xgboost,10,,0.272471073376872,0.7033234125420846,0.020478233651246014,1.6382269230720379,1.0,4
PKNORLEN,xgboost,20,7.0,0.09222840639994086,0.5562038197545289,0.0,,1.0,1
PKNORLEN,xgboost,20,,0.2932809248141415,0.6752260768043623,0.06641347361295803,1.6965842316119584,1.0,4
PKNORLEN,xgboost,50,7.0,0.09061350464364713,0.5439376578734929,0.0,,0.8888888888888888,1
PKNORLEN,xgboost,50,,0.28612312028627906,0.6384191999515577,0.24205772476336998,1.6993552555996705,1.0,4
PKOBP,hist_gradient_boosting,10,,0.23369139104251518,0.6834818969980576,0.002884216103884391,1.617679797370821,1.0,1
PKOBP,hist_gradient_boosting,20,,0.2657276364888288,0.6691927618760563,0.022825877088373255,1.4579653844910783,1.0,1
PKOBP,hist_gradient_boosting,50,,0.2733542254883175,0.6382840306751457,0.2028046829102378,1.4069100441888893,1.0,1
PKOBP,linear,10,,0.2156610390059459,0.6762282053735532,1.4882286691301735e-05,0.3151076221853635,1.0,4
PKOBP,linear,20,,0.2500094134063343,0.6588088575106232,0.0002641939214511092,0.7996627765375808,1.0,4
PKOBP,linear,50,,0.25989984467311333,0.6276433592183461,0.22107846571035158,1.2488790268979504,1.0,4
PKOBP,xgboost,10,7.0,0.002518938069551011,0.5021649732717314,0.0,,0.4444444444444444,1
PKOBP,xgboost,10,,0.22103941763492,0.6792950950577584,0.012455034051185237,1.183181654828911,1.0,4
PKOBP,xgboost,20,7.0,0.04060363337291464,0.5245745287791855,0.0,,1.0,1
PKOBP,xgboost,20,,0.2527595675650023,0.6606922039601751,0.04263849259697001,1.1931004844938735,1.0,4
PKOBP,xgboost,50,7.0,0.04530749230077798,0.5208728903872005,0.0,,1.0,1
PKOBP,xgboost,50,,0.26225167763246154,0.6292491119391451,0.21795532052097194,1.2806232276989193,1.0,4
PZU,hist_gradient_boosting,10,,0.1999712675500332,0.6424631467386068,0.003028451368058339,1.2890017486909469,1.0,1
PZU,hist_gradient_boosting,20,,0.2190164271054877,0.6283758259650484,0.02208186936809265,1.1752105977675,1.0,1
PZU,hist_gradient_boosting,50,,0.2145195742129216,0.6049542862692324,0.15510667548108903,1.118624132130512,1.0,1
PZU,linear,10,,0.1977518083896703,0.6499109719540106,1.7971240705908738e-05,-0.08102852125417381,1.0,4
PZU,linear,20,,0.21918319395974584,0.6315225078864806,0.0037809042347798226,0.7943752170100189,1.0,4
PZU,linear,50,,0.21612195229959907,0.6045239204014621,0.18003282125163952,0.9967079829166108,1.0,4
PZU,xgboost,10,7.0,-0.0048910201061627984,0.4929725888813951,0.0,,0.4444444444444444,1
PZU,xgboost,10,,0.20492085888987988,0.6530422405874988,0.009780786712637574,1.100306195267947,1.0,4
PZU,xgboost,20,7.0,0.018422749229648445,0.5113397855066492,0.0,,0.5555555555555556,1
PZU,xgboost,20,,0.22408525825803877,0.6338018909637341,0.039985033387384,1.0305420962990983,1.0,4
PZU,xgboost,50,7.0,0.01063219014327719,0.5093411395829576,0.0,,0.5555555555555556,1
PZU,xgboost,50,,0.22253102745477116,0.6063720271138927,0.16390426748861742,1.0942625597187317,1.0,4
