task_id,symbol,month,horizon,model,control_seed,feature,normalized_gain
aba17c39beda0b1181f936743b9ccb687d782662ac4fdddb1f2ec6913c18b779,KGHM,2017-04,10,xgboost,,depth_imbalance,0.028687929619003613
aba17c39beda0b1181f936743b9ccb687d782662ac4fdddb1f2ec6913c18b779,KGHM,2017-04,10,xgboost,,microprice_minus_mid_bps,0.21359115165892947
aba17c39beda0b1181f936743b9ccb687d782662ac4fdddb1f2ec6913c18b779,KGHM,2017-04,10,xgboost,,ofi_l1_norm,0.17814685122505444
aba17c39beda0b1181f936743b9ccb687d782662ac4fdddb1f2ec6913c18b779,KGHM,2017-04,10,xgboost,,spread_bps,0.0644292791659362
aba17c39beda0b1181f936743b9ccb687d782662ac4fdddb1f2ec6913c18b779,KGHM,2017-04,10,xgboost,,top_imbalance,0.5151447883310762
4dd3f35a489b476aeea5939fd686072c11a48ae35770f7ef190a68025fc34401,KGHM,2017-04,20,xgboost,,depth_imbalance,0.031172739780013982
4dd3f35a489b476aeea5939fd686072c11a48ae35770f7ef190a68025fc34401,KGHM,2017-04,20,xgboost,,microprice_minus_mid_bps,0.2246247966758682
4dd3f35a489b476aeea5939fd686072c11a48ae35770f7ef190a68025fc34401,KGHM,2017-04,20,xgboost,,ofi_l1_norm,0.14248134503451765
4dd3f35a489b476aeea5939fd686072c11a48ae35770f7ef190a68025fc34401,KGHM,2017-04,20,xgboost,,spread_bps,0.0552472921732772
4dd3f35a489b476aeea5939fd686072c11a48ae35770f7ef190a68025fc34401,KGHM,2017-04,20,xgboost,,top_imbalance,0.546473826336323
cb8943421b7d821a0b95868f0e86b09844431620fd0a6e5d0db0b6d4614b05a2,KGHM,2017-04,50,xgboost,,depth_imbalance,0.040631809857361326
cb8943421b7d821a0b95868f0e86b09844431620fd0a6e5d0db0b6d4614b05a2,KGHM,2017-04,50,xgboost,,microprice_minus_mid_bps,0.22911753195160328
cb8943421b7d821a0b95868f0e86b09844431620fd0a6e5d0db0b6d4614b05a2,KGHM,2017-04,50,xgboost,,ofi_l1_norm,0.12333571321430217
cb8943421b7d821a0b95868f0e86b09844431620fd0a6e5d0db0b6d4614b05a2,KGHM,2017-04,50,xgboost,,spread_bps,0.04973793589273566
cb8943421b7d821a0b95868f0e86b09844431620fd0a6e5d0db0b6d4614b05a2,KGHM,2017-04,50,xgboost,,top_imbalance,0.5571770090839976
65121e398ebcc29fdb1991b784dee351eef6ed00241e2b0bf5b2a9569dc9fccf,KGHM,2017-06,10,xgboost,,depth_imbalance,0.025157201764258997
65121e398ebcc29fdb1991b784dee351eef6ed00241e2b0bf5b2a9569dc9fccf,KGHM,2017-06,10,xgboost,,microprice_minus_mid_bps,0.22228704509141
65121e398ebcc29fdb1991b784dee351eef6ed00241e2b0bf5b2a9569dc9fccf,KGHM,2017-06,10,xgboost,,ofi_l1_norm,0.1485922028887693
65121e398ebcc29fdb1991b784dee351eef6ed00241e2b0bf5b2a9569dc9fccf,KGHM,2017-06,10,xgboost,,spread_bps,0.06551869783449288
65121e398ebcc29fdb1991b784dee351eef6ed00241e2b0bf5b2a9569dc9fccf,KGHM,2017-06,10,xgboost,,top_imbalance,0.5384448524210689
5277a91258cb755d573240abe6d730ce1bfb0ed50a491ea5562180065214b5ed,KGHM,2017-06,10,xgboost,7.0,depth_imbalance,0.22173130183171438
5277a91258cb755d573240abe6d730ce1bfb0ed50a491ea5562180065214b5ed,KGHM,2017-06,10,xgboost,7.0,microprice_minus_mid_bps,0.18631053049594343
5277a91258cb755d573240abe6d730ce1bfb0ed50a491ea5562180065214b5ed,KGHM,2017-06,10,xgboost,7.0,ofi_l1_norm,0.19739892447139276
5277a91258cb755d573240abe6d730ce1bfb0ed50a491ea5562180065214b5ed,KGHM,2017-06,10,xgboost,7.0,spread_bps,0.19677235273483426
5277a91258cb755d573240abe6d730ce1bfb0ed50a491ea5562180065214b5ed,KGHM,2017-06,10,xgboost,7.0,top_imbalance,0.1977868904661152
a1a136175396c1f631365261e50911ef172ed4b111f1efcdfcb9a507a1a5aad5,KGHM,2017-06,20,xgboost,,depth_imbalance,0.02879997239177913
a1a136175396c1f631365261e50911ef172ed4b111f1efcdfcb9a507a1a5aad5,KGHM,2017-06,20,xgboost,,microprice_minus_mid_bps,0.23261925681004514
a1a136175396c1f631365261e50911ef172ed4b111f1efcdfcb9a507a1a5aad5,KGHM,2017-06,20,xgboost,,ofi_l1_norm,0.1293327580537377
a1a136175396c1f631365261e50911ef172ed4b111f1efcdfcb9a507a1a5aad5,KGHM,2017-06,20,xgboost,,spread_bps,0.0586824328813662
a1a136175396c1f631365261e50911ef172ed4b111f1efcdfcb9a507a1a5aad5,KGHM,2017-06,20,xgboost,,top_imbalance,0.5505655798630719
02ec260b7226456f1076f072d294cbb1f01e9f2e95527baf157499262f0fd39a,KGHM,2017-06,20,xgboost,7.0,depth_imbalance,0.21845174845699683
02ec260b7226456f1076f072d294cbb1f01e9f2e95527baf157499262f0fd39a,KGHM,2017-06,20,xgboost,7.0,microprice_minus_mid_bps,0.18945143811845291
02ec260b7226456f1076f072d294cbb1f01e9f2e95527baf157499262f0fd39a,KGHM,2017-06,20,xgboost,7.0,ofi_l1_norm,0.19857452894423777
02ec260b7226456f1076f072d294cbb1f01e9f2e95527baf157499262f0fd39a,KGHM,2017-06,20,xgboost,7.0,spread_bps,0.19680686831429156
02ec260b7226456f1076f072d294cbb1f01e9f2e95527baf157499262f0fd39a,KGHM,2017-06,20,xgboost,7.0,top_imbalance,0.19671541616602092
ffc916d9ca15dfdd7a1d31b470b79392079e8a2e8c5e1d07861f9c8cc2095b7c,KGHM,2017-06,50,xgboost,,depth_imbalance,0.045693145786110716
ffc916d9ca15dfdd7a1d31b470b79392079e8a2e8c5e1d07861f9c8cc2095b7c,KGHM,2017-06,50,xgboost,,microprice_minus_mid_bps,0.24431473612172458
ffc916d9ca15dfdd7a1d31b470b79392079e8a2e8c5e1d07861f9c8cc2095b7c,KGHM,2017-06,50,xgboost,,ofi_l1_norm,0.12374738153051218
ffc916d9ca15dfdd7a1d31b470b79392079e8a2e8c5e1d07861f9c8cc2095b7c,KGHM,2017-06,50,xgboost,,spread_bps,0.044425217497615806
ffc916d9ca15dfdd7a1d31b470b79392079e8a2e8c5e1d07861f9c8cc2095b7c,KGHM,2017-06,50,xgboost,,top_imbalance,0.5418195190640367
cb2802fdc47ca2d654f17c945bf8d52683ea729eca435cf85975b007f343eaa1,KGHM,2017-06,50,xgboost,7.0,depth_imbalance,0.2325925072470733
cb2802fdc47ca2d654f17c945bf8d52683ea729eca435cf85975b007f343eaa1,KGHM,2017-06,50,xgboost,7.0,microprice_minus_mid_bps,0.1773523336542871
cb2802fdc47ca2d654f17c945bf8d52683ea729eca435cf85975b007f343eaa1,KGHM,2017-06,50,xgboost,7.0,ofi_l1_norm,0.17996581645453782
cb2802fdc47ca2d654f17c945bf8d52683ea729eca435cf85975b007f343eaa1,KGHM,2017-06,50,xgboost,7.0,spread_bps,0.22215310024787674
cb2802fdc47ca2d654f17c945bf8d52683ea729eca435cf85975b007f343eaa1,KGHM,2017-06,50,xgboost,7.0,top_imbalance,0.18793624239622503
04cb76a4aca389f0181123c48c2df340919cf8ab4313783111642c6ffc4a7195,KGHM,2017-09,10,xgboost,,depth_imbalance,0.02328020753503486
04cb76a4aca389f0181123c48c2df340919cf8ab4313783111642c6ffc4a7195,KGHM,2017-09,10,xgboost,,microprice_minus_mid_bps,0.27602633422254547
04cb76a4aca389f0181123c48c2df340919cf8ab4313783111642c6ffc4a7195,KGHM,2017-09,10,xgboost,,ofi_l1_norm,0.13274874746897616
04cb76a4aca389f0181123c48c2df340919cf8ab4313783111642c6ffc4a7195,KGHM,2017-09,10,xgboost,,spread_bps,0.058872025791190274
04cb76a4aca389f0181123c48c2df340919cf8ab4313783111642c6ffc4a7195,KGHM,2017-09,10,xgboost,,top_imbalance,0.5090726849822532
26ab8ef846e82f08249f07a88433855af3d3a732662186f100b295d87e0adf69,KGHM,2017-09,20,xgboost,,depth_imbalance,0.025127883446922777
26ab8ef846e82f08249f07a88433855af3d3a732662186f100b295d87e0adf69,KGHM,2017-09,20,xgboost,,microprice_minus_mid_bps,0.30344333698579334
26ab8ef846e82f08249f07a88433855af3d3a732662186f100b295d87e0adf69,KGHM,2017-09,20,xgboost,,ofi_l1_norm,0.11037305715843766
26ab8ef846e82f08249f07a88433855af3d3a732662186f100b295d87e0adf69,KGHM,2017-09,20,xgboost,,spread_bps,0.05100028041998137
26ab8ef846e82f08249f07a88433855af3d3a732662186f100b295d87e0adf69,KGHM,2017-09,20,xgboost,,top_imbalance,0.5100554419888649
f69e8de66884045d3c5f0bb4a7adadc0d5e85aa779d3d6ece6591abcf1a180f9,KGHM,2017-09,50,xgboost,,depth_imbalance,0.046428262897264504
f69e8de66884045d3c5f0bb4a7adadc0d5e85aa779d3d6ece6591abcf1a180f9,KGHM,2017-09,50,xgboost,,microprice_minus_mid_bps,0.2439741441085161
f69e8de66884045d3c5f0bb4a7adadc0d5e85aa779d3d6ece6591abcf1a180f9,KGHM,2017-09,50,xgboost,,ofi_l1_norm,0.11208547325282084
f69e8de66884045d3c5f0bb4a7adadc0d5e85aa779d3d6ece6591abcf1a180f9,KGHM,2017-09,50,xgboost,,spread_bps,0.03843884484456464
f69e8de66884045d3c5f0bb4a7adadc0d5e85aa779d3d6ece6591abcf1a180f9,KGHM,2017-09,50,xgboost,,top_imbalance,0.5590732748968339
cff7ad25f30899a77eb625c953ac548356a2799cb7a37960f522e69943616d66,KGHM,2017-11,10,xgboost,,depth_imbalance,0.022486619936894083
cff7ad25f30899a77eb625c953ac548356a2799cb7a37960f522e69943616d66,KGHM,2017-11,10,xgboost,,microprice_minus_mid_bps,0.34594729652533424
cff7ad25f30899a77eb625c953ac548356a2799cb7a37960f522e69943616d66,KGHM,2017-11,10,xgboost,,ofi_l1_norm,0.11938067605113116
cff7ad25f30899a77eb625c953ac548356a2799cb7a37960f522e69943616d66,KGHM,2017-11,10,xgboost,,spread_bps,0.054945691187054634
cff7ad25f30899a77eb625c953ac548356a2799cb7a37960f522e69943616d66,KGHM,2017-11,10,xgboost,,top_imbalance,0.4572397162995859
f5cbb6c611ccad586c05fc76c96332e8ddd00f1581e69566fcf4d942faf22836,KGHM,2017-11,20,xgboost,,depth_imbalance,0.027227282547910684
f5cbb6c611ccad586c05fc76c96332e8ddd00f1581e69566fcf4d942faf22836,KGHM,2017-11,20,xgboost,,microprice_minus_mid_bps,0.36156512704490457
f5cbb6c611ccad586c05fc76c96332e8ddd00f1581e69566fcf4d942faf22836,KGHM,2017-11,20,xgboost,,ofi_l1_norm,0.10442020162773562
f5cbb6c611ccad586c05fc76c96332e8ddd00f1581e69566fcf4d942faf22836,KGHM,2017-11,20,xgboost,,spread_bps,0.047179585955786724
f5cbb6c611ccad586c05fc76c96332e8ddd00f1581e69566fcf4d942faf22836,KGHM,2017-11,20,xgboost,,top_imbalance,0.4596078028236624
153e385be5c510dc1b9d4f38c1cf6f636215256459614d5752dd99ac2210a4a3,KGHM,2017-11,50,xgboost,,depth_imbalance,0.04521215954790991
153e385be5c510dc1b9d4f38c1cf6f636215256459614d5752dd99ac2210a4a3,KGHM,2017-11,50,xgboost,,microprice_minus_mid_bps,0.30531322758762497
153e385be5c510dc1b9d4f38c1cf6f636215256459614d5752dd99ac2210a4a3,KGHM,2017-11,50,xgboost,,ofi_l1_norm,0.10852618690423058
153e385be5c510dc1b9d4f38c1cf6f636215256459614d5752dd99ac2210a4a3,KGHM,2017-11,50,xgboost,,spread_bps,0.03350364511018276
153e385be5c510dc1b9d4f38c1cf6f636215256459614d5752dd99ac2210a4a3,KGHM,2017-11,50,xgboost,,top_imbalance,0.5074447808500517
375016d2d997c3b9b045bfffd1c38830ebb172415020adc097aa36670222ed5f,PEKAO,2017-04,10,xgboost,,depth_imbalance,0.049226019910496445
375016d2d997c3b9b045bfffd1c38830ebb172415020adc097aa36670222ed5f,PEKAO,2017-04,10,xgboost,,microprice_minus_mid_bps,0.25773699546969236
375016d2d997c3b9b045bfffd1c38830ebb172415020adc097aa36670222ed5f,PEKAO,2017-04,10,xgboost,,ofi_l1_norm,0.18069038176904614
375016d2d997c3b9b045bfffd1c38830ebb172415020adc097aa36670222ed5f,PEKAO,2017-04,10,xgboost,,spread_bps,0.0700867713725396
375016d2d997c3b9b045bfffd1c38830ebb172415020adc097aa36670222ed5f,PEKAO,2017-04,10,xgboost,,top_imbalance,0.44225983147822545
33f2bbb741b39f3b7c1beaf5bfcf5ceeba9222730f72de9c87564c2b7e799d19,PEKAO,2017-04,20,xgboost,,depth_imbalance,0.04694066026894584
33f2bbb741b39f3b7c1beaf5bfcf5ceeba9222730f72de9c87564c2b7e799d19,PEKAO,2017-04,20,xgboost,,microprice_minus_mid_bps,0.29197228742781994
33f2bbb741b39f3b7c1beaf5bfcf5ceeba9222730f72de9c87564c2b7e799d19,PEKAO,2017-04,20,xgboost,,ofi_l1_norm,0.1579873888279206
33f2bbb741b39f3b7c1beaf5bfcf5ceeba9222730f72de9c87564c2b7e799d19,PEKAO,2017-04,20,xgboost,,spread_bps,0.0648283840826849
33f2bbb741b39f3b7c1beaf5bfcf5ceeba9222730f72de9c87564c2b7e799d19,PEKAO,2017-04,20,xgboost,,top_imbalance,0.43827127939262867
5cd192e40f4432d6601fdfbee583b0adffe132c1302d3b88926b49c955e53e29,PEKAO,2017-04,50,xgboost,,depth_imbalance,0.05073403901597159
5cd192e40f4432d6601fdfbee583b0adffe132c1302d3b88926b49c955e53e29,PEKAO,2017-04,50,xgboost,,microprice_minus_mid_bps,0.3478460425795868
5cd192e40f4432d6601fdfbee583b0adffe132c1302d3b88926b49c955e53e29,PEKAO,2017-04,50,xgboost,,ofi_l1_norm,0.1483081646134201
5cd192e40f4432d6601fdfbee583b0adffe132c1302d3b88926b49c955e53e29,PEKAO,2017-04,50,xgboost,,spread_bps,0.06794640494215741
5cd192e40f4432d6601fdfbee583b0adffe132c1302d3b88926b49c955e53e29,PEKAO,2017-04,50,xgboost,,top_imbalance,0.3851653488488641
8bdd895ad51d5d5b0ce77a179774e41963a9207fd942c882ee29b72e01c4c79e,PEKAO,2017-06,10,xgboost,,depth_imbalance,0.037309763876409
8bdd895ad51d5d5b0ce77a179774e41963a9207fd942c882ee29b72e01c4c79e,PEKAO,2017-06,10,xgboost,,microprice_minus_mid_bps,0.215874932043359
8bdd895ad51d5d5b0ce77a179774e41963a9207fd942c882ee29b72e01c4c79e,PEKAO,2017-06,10,xgboost,,ofi_l1_norm,0.16832929160358398
8bdd895ad51d5d5b0ce77a179774e41963a9207fd942c882ee29b72e01c4c79e,PEKAO,2017-06,10,xgboost,,spread_bps,0.0690229342440134
8bdd895ad51d5d5b0ce77a179774e41963a9207fd942c882ee29b72e01c4c79e,PEKAO,2017-06,10,xgboost,,top_imbalance,0.5094630782326346
fb20d94a237ce797d287f1ecf719a178c2f76888783cc5bc9e1bdf4abac82f3b,PEKAO,2017-06,10,xgboost,7.0,depth_imbalance,0.20635823707896203
fb20d94a237ce797d287f1ecf719a178c2f76888783cc5bc9e1bdf4abac82f3b,PEKAO,2017-06,10,xgboost,7.0,microprice_minus_mid_bps,0.1962483976305263
fb20d94a237ce797d287f1ecf719a178c2f76888783cc5bc9e1bdf4abac82f3b,PEKAO,2017-06,10,xgboost,7.0,ofi_l1_norm,0.19983213550015963
fb20d94a237ce797d287f1ecf719a178c2f76888783cc5bc9e1bdf4abac82f3b,PEKAO,2017-06,10,xgboost,7.0,spread_bps,0.19626233322947834
fb20d94a237ce797d287f1ecf719a178c2f76888783cc5bc9e1bdf4abac82f3b,PEKAO,2017-06,10,xgboost,7.0,top_imbalance,0.2012988965608737
7321a4467d3c62cb9c23afccca7da107bd51b5c31c27ca2c1f582631ff52d518,PEKAO,2017-06,20,xgboost,,depth_imbalance,0.03538310428936585
7321a4467d3c62cb9c23afccca7da107bd51b5c31c27ca2c1f582631ff52d518,PEKAO,2017-06,20,xgboost,,microprice_minus_mid_bps,0.28506013873011404
7321a4467d3c62cb9c23afccca7da107bd51b5c31c27ca2c1f582631ff52d518,PEKAO,2017-06,20,xgboost,,ofi_l1_norm,0.13961444286088784
7321a4467d3c62cb9c23afccca7da107bd51b5c31c27ca2c1f582631ff52d518,PEKAO,2017-06,20,xgboost,,spread_bps,0.06207843825089919
7321a4467d3c62cb9c23afccca7da107bd51b5c31c27ca2c1f582631ff52d518,PEKAO,2017-06,20,xgboost,,top_imbalance,0.4778638758687331
14ab6e0cf2b31cc0c6674620ccd6a9f9a342a9e0ec1a824844ea8ae68e4015f7,PEKAO,2017-06,20,xgboost,7.0,depth_imbalance,0.20378282418523314
14ab6e0cf2b31cc0c6674620ccd6a9f9a342a9e0ec1a824844ea8ae68e4015f7,PEKAO,2017-06,20,xgboost,7.0,microprice_minus_mid_bps,0.19834523624622993
14ab6e0cf2b31cc0c6674620ccd6a9f9a342a9e0ec1a824844ea8ae68e4015f7,PEKAO,2017-06,20,xgboost,7.0,ofi_l1_norm,0.19945982428046846
14ab6e0cf2b31cc0c6674620ccd6a9f9a342a9e0ec1a824844ea8ae68e4015f7,PEKAO,2017-06,20,xgboost,7.0,spread_bps,0.199794332283188
14ab6e0cf2b31cc0c6674620ccd6a9f9a342a9e0ec1a824844ea8ae68e4015f7,PEKAO,2017-06,20,xgboost,7.0,top_imbalance,0.19861778300488045
fb080d4785c680a88203c7c02664144d509ba87f4951c6dd31fd15b95bd48e71,PEKAO,2017-06,20,xgboost,17.0,depth_imbalance,0.20707558037141358
fb080d4785c680a88203c7c02664144d509ba87f4951c6dd31fd15b95bd48e71,PEKAO,2017-06,20,xgboost,17.0,microprice_minus_mid_bps,0.19819832583159439
fb080d4785c680a88203c7c02664144d509ba87f4951c6dd31fd15b95bd48e71,PEKAO,2017-06,20,xgboost,17.0,ofi_l1_norm,0.1911444311845614
fb080d4785c680a88203c7c02664144d509ba87f4951c6dd31fd15b95bd48e71,PEKAO,2017-06,20,xgboost,17.0,spread_bps,0.20150886566708195
fb080d4785c680a88203c7c02664144d509ba87f4951c6dd31fd15b95bd48e71,PEKAO,2017-06,20,xgboost,17.0,top_imbalance,0.20207279694534871
4e8e6029c4553ccccb937b6c4e8add6ff885f48688ef52a9c29b0f33f1b85e75,PEKAO,2017-06,20,xgboost,29.0,depth_imbalance,0.2040230921054247
4e8e6029c4553ccccb937b6c4e8add6ff885f48688ef52a9c29b0f33f1b85e75,PEKAO,2017-06,20,xgboost,29.0,microprice_minus_mid_bps,0.19640025938290717
4e8e6029c4553ccccb937b6c4e8add6ff885f48688ef52a9c29b0f33f1b85e75,PEKAO,2017-06,20,xgboost,29.0,ofi_l1_norm,0.1993570960800352
4e8e6029c4553ccccb937b6c4e8add6ff885f48688ef52a9c29b0f33f1b85e75,PEKAO,2017-06,20,xgboost,29.0,spread_bps,0.19372043526914942
4e8e6029c4553ccccb937b6c4e8add6ff885f48688ef52a9c29b0f33f1b85e75,PEKAO,2017-06,20,xgboost,29.0,top_imbalance,0.20649911716248348
2618e214b8212b86eb4554455c5d9984d94a090ecaf5364283188e64f4559e07,PEKAO,2017-06,50,xgboost,,depth_imbalance,0.04216105204161157
2618e214b8212b86eb4554455c5d9984d94a090ecaf5364283188e64f4559e07,PEKAO,2017-06,50,xgboost,,microprice_minus_mid_bps,0.2920843284457403
2618e214b8212b86eb4554455c5d9984d94a090ecaf5364283188e64f4559e07,PEKAO,2017-06,50,xgboost,,ofi_l1_norm,0.14641812652744174
2618e214b8212b86eb4554455c5d9984d94a090ecaf5364283188e64f4559e07,PEKAO,2017-06,50,xgboost,,spread_bps,0.05901486504757516
2618e214b8212b86eb4554455c5d9984d94a090ecaf5364283188e64f4559e07,PEKAO,2017-06,50,xgboost,,top_imbalance,0.4603216279376312
5c78a13bd2e20d426311f27f8e62c94ce8b52350005d3cda76629b05380a7137,PEKAO,2017-06,50,xgboost,7.0,depth_imbalance,0.2050897042392798
5c78a13bd2e20d426311f27f8e62c94ce8b52350005d3cda76629b05380a7137,PEKAO,2017-06,50,xgboost,7.0,microprice_minus_mid_bps,0.18996123732347037
5c78a13bd2e20d426311f27f8e62c94ce8b52350005d3cda76629b05380a7137,PEKAO,2017-06,50,xgboost,7.0,ofi_l1_norm,0.19664960766435075
5c78a13bd2e20d426311f27f8e62c94ce8b52350005d3cda76629b05380a7137,PEKAO,2017-06,50,xgboost,7.0,spread_bps,0.21111581286039016
5c78a13bd2e20d426311f27f8e62c94ce8b52350005d3cda76629b05380a7137,PEKAO,2017-06,50,xgboost,7.0,top_imbalance,0.19718363791250892
b293993c0bbf1dc98bc0e51aff7567ae6cad722efac609f267fd7823a2bd4828,PEKAO,2017-09,10,xgboost,,depth_imbalance,0.026807909567141727
b293993c0bbf1dc98bc0e51aff7567ae6cad722efac609f267fd7823a2bd4828,PEKAO,2017-09,10,xgboost,,microprice_minus_mid_bps,0.2593303464684404
b293993c0bbf1dc98bc0e51aff7567ae6cad722efac609f267fd7823a2bd4828,PEKAO,2017-09,10,xgboost,,ofi_l1_norm,0.1362140627412863
b293993c0bbf1dc98bc0e51aff7567ae6cad722efac609f267fd7823a2bd4828,PEKAO,2017-09,10,xgboost,,spread_bps,0.056891767062521484
b293993c0bbf1dc98bc0e51aff7567ae6cad722efac609f267fd7823a2bd4828,PEKAO,2017-09,10,xgboost,,top_imbalance,0.5207559141606101
7fe8ad67d2e0c914326f4d8a3e916862bf34c27e862a0efe9e24fe4123b210a5,PEKAO,2017-09,20,xgboost,,depth_imbalance,0.026848900903037563
7fe8ad67d2e0c914326f4d8a3e916862bf34c27e862a0efe9e24fe4123b210a5,PEKAO,2017-09,20,xgboost,,microprice_minus_mid_bps,0.2965837745659609
7fe8ad67d2e0c914326f4d8a3e916862bf34c27e862a0efe9e24fe4123b210a5,PEKAO,2017-09,20,xgboost,,ofi_l1_norm,0.11901282206345723
7fe8ad67d2e0c914326f4d8a3e916862bf34c27e862a0efe9e24fe4123b210a5,PEKAO,2017-09,20,xgboost,,spread_bps,0.05268777872138543
7fe8ad67d2e0c914326f4d8a3e916862bf34c27e862a0efe9e24fe4123b210a5,PEKAO,2017-09,20,xgboost,,top_imbalance,0.5048667237461589
c2351d389dca2a4c11629e705c7ac6e857a0e7a4e961e50874db17e85fb7465e,PEKAO,2017-09,50,xgboost,,depth_imbalance,0.03566244800349198
c2351d389dca2a4c11629e705c7ac6e857a0e7a4e961e50874db17e85fb7465e,PEKAO,2017-09,50,xgboost,,microprice_minus_mid_bps,0.2681510707726764
c2351d389dca2a4c11629e705c7ac6e857a0e7a4e961e50874db17e85fb7465e,PEKAO,2017-09,50,xgboost,,ofi_l1_norm,0.13398250557105462
c2351d389dca2a4c11629e705c7ac6e857a0e7a4e961e50874db17e85fb7465e,PEKAO,2017-09,50,xgboost,,spread_bps,0.04540556256907139
c2351d389dca2a4c11629e705c7ac6e857a0e7a4e961e50874db17e85fb7465e,PEKAO,2017-09,50,xgboost,,top_imbalance,0.5167984130837056
18b3ebe8f8c541940115dcf37d2ec052bddb4b20e9f4ecb3216b006a4b4ddcad,PEKAO,2017-11,10,xgboost,,depth_imbalance,0.04590512095544518
18b3ebe8f8c541940115dcf37d2ec052bddb4b20e9f4ecb3216b006a4b4ddcad,PEKAO,2017-11,10,xgboost,,microprice_minus_mid_bps,0.2905742058096511
18b3ebe8f8c541940115dcf37d2ec052bddb4b20e9f4ecb3216b006a4b4ddcad,PEKAO,2017-11,10,xgboost,,ofi_l1_norm,0.13048879351150944
18b3ebe8f8c541940115dcf37d2ec052bddb4b20e9f4ecb3216b006a4b4ddcad,PEKAO,2017-11,10,xgboost,,spread_bps,0.05728088742303046
18b3ebe8f8c541940115dcf37d2ec052bddb4b20e9f4ecb3216b006a4b4ddcad,PEKAO,2017-11,10,xgboost,,top_imbalance,0.47575099230036383
75f9142bdf4cf26d6783cada30d1f30dc5054ab49d14e75351b024224f1d3184,PEKAO,2017-11,20,xgboost,,depth_imbalance,0.035190675373090854
75f9142bdf4cf26d6783cada30d1f30dc5054ab49d14e75351b024224f1d3184,PEKAO,2017-11,20,xgboost,,microprice_minus_mid_bps,0.32379659804607985
75f9142bdf4cf26d6783cada30d1f30dc5054ab49d14e75351b024224f1d3184,PEKAO,2017-11,20,xgboost,,ofi_l1_norm,0.11294975607767224
75f9142bdf4cf26d6783cada30d1f30dc5054ab49d14e75351b024224f1d3184,PEKAO,2017-11,20,xgboost,,spread_bps,0.04948427085755176
75f9142bdf4cf26d6783cada30d1f30dc5054ab49d14e75351b024224f1d3184,PEKAO,2017-11,20,xgboost,,top_imbalance,0.47857869964560523
ade448d0ab6679ccf89e3f9ae0e8bbfe54306c46a87f4d363da007c65d404612,PEKAO,2017-11,50,xgboost,,depth_imbalance,0.04272584796832876
ade448d0ab6679ccf89e3f9ae0e8bbfe54306c46a87f4d363da007c65d404612,PEKAO,2017-11,50,xgboost,,microprice_minus_mid_bps,0.2714062165230605
ade448d0ab6679ccf89e3f9ae0e8bbfe54306c46a87f4d363da007c65d404612,PEKAO,2017-11,50,xgboost,,ofi_l1_norm,0.13978630341902717
ade448d0ab6679ccf89e3f9ae0e8bbfe54306c46a87f4d363da007c65d404612,PEKAO,2017-11,50,xgboost,,spread_bps,0.04488888061140312
ade448d0ab6679ccf89e3f9ae0e8bbfe54306c46a87f4d363da007c65d404612,PEKAO,2017-11,50,xgboost,,top_imbalance,0.5011927514781804
035558a40125d6f7f7a010c3ea542ecbeb7b6724504fff5ffa4320439162c108,PKNORLEN,2017-04,10,xgboost,,depth_imbalance,0.04632820799575926
035558a40125d6f7f7a010c3ea542ecbeb7b6724504fff5ffa4320439162c108,PKNORLEN,2017-04,10,xgboost,,microprice_minus_mid_bps,0.2001334499211944
035558a40125d6f7f7a010c3ea542ecbeb7b6724504fff5ffa4320439162c108,PKNORLEN,2017-04,10,xgboost,,ofi_l1_norm,0.18185571854155977
035558a40125d6f7f7a010c3ea542ecbeb7b6724504fff5ffa4320439162c108,PKNORLEN,2017-04,10,xgboost,,spread_bps,0.08343059951461722
035558a40125d6f7f7a010c3ea542ecbeb7b6724504fff5ffa4320439162c108,PKNORLEN,2017-04,10,xgboost,,top_imbalance,0.48825202402686935
7becbbe0eb0cc0109844fbb39b09605a90dbfb48f27be5a0671241436fb03477,PKNORLEN,2017-04,20,xgboost,,depth_imbalance,0.04337857957193712
7becbbe0eb0cc0109844fbb39b09605a90dbfb48f27be5a0671241436fb03477,PKNORLEN,2017-04,20,xgboost,,microprice_minus_mid_bps,0.3233967073939271
7becbbe0eb0cc0109844fbb39b09605a90dbfb48f27be5a0671241436fb03477,PKNORLEN,2017-04,20,xgboost,,ofi_l1_norm,0.1836833152196094
7becbbe0eb0cc0109844fbb39b09605a90dbfb48f27be5a0671241436fb03477,PKNORLEN,2017-04,20,xgboost,,spread_bps,0.06991612717576645
7becbbe0eb0cc0109844fbb39b09605a90dbfb48f27be5a0671241436fb03477,PKNORLEN,2017-04,20,xgboost,,top_imbalance,0.3796252706387599
17fc9f08dcf5953ee3260bb1546dcff5ea5653efeea2c76defbcde9088b5b74f,PKNORLEN,2017-04,50,xgboost,,depth_imbalance,0.04812131264971263
17fc9f08dcf5953ee3260bb1546dcff5ea5653efeea2c76defbcde9088b5b74f,PKNORLEN,2017-04,50,xgboost,,microprice_minus_mid_bps,0.3245806477914678
17fc9f08dcf5953ee3260bb1546dcff5ea5653efeea2c76defbcde9088b5b74f,PKNORLEN,2017-04,50,xgboost,,ofi_l1_norm,0.1913389913401163
17fc9f08dcf5953ee3260bb1546dcff5ea5653efeea2c76defbcde9088b5b74f,PKNORLEN,2017-04,50,xgboost,,spread_bps,0.0610095217917173
17fc9f08dcf5953ee3260bb1546dcff5ea5653efeea2c76defbcde9088b5b74f,PKNORLEN,2017-04,50,xgboost,,top_imbalance,0.374949526426986
a8174d53bc3bb6064ac84195f2034bce8be22c0b33a1db9c3747b2f71a00a057,PKNORLEN,2017-06,10,xgboost,,depth_imbalance,0.03914147105442673
a8174d53bc3bb6064ac84195f2034bce8be22c0b33a1db9c3747b2f71a00a057,PKNORLEN,2017-06,10,xgboost,,microprice_minus_mid_bps,0.22024958039629122
a8174d53bc3bb6064ac84195f2034bce8be22c0b33a1db9c3747b2f71a00a057,PKNORLEN,2017-06,10,xgboost,,ofi_l1_norm,0.18249342440030836
a8174d53bc3bb6064ac84195f2034bce8be22c0b33a1db9c3747b2f71a00a057,PKNORLEN,2017-06,10,xgboost,,spread_bps,0.07114614172555757
a8174d53bc3bb6064ac84195f2034bce8be22c0b33a1db9c3747b2f71a00a057,PKNORLEN,2017-06,10,xgboost,,top_imbalance,0.4869693824234161
dfe6f6a14ed7749db5dee6a06cf510493f1167854a0ae8ed3651c1061f1db6df,PKNORLEN,2017-06,10,xgboost,7.0,depth_imbalance,0.21237181308370626
dfe6f6a14ed7749db5dee6a06cf510493f1167854a0ae8ed3651c1061f1db6df,PKNORLEN,2017-06,10,xgboost,7.0,microprice_minus_mid_bps,0.18775813644401132
dfe6f6a14ed7749db5dee6a06cf510493f1167854a0ae8ed3651c1061f1db6df,PKNORLEN,2017-06,10,xgboost,7.0,ofi_l1_norm,0.19919875477853874
dfe6f6a14ed7749db5dee6a06cf510493f1167854a0ae8ed3651c1061f1db6df,PKNORLEN,2017-06,10,xgboost,7.0,spread_bps,0.1919845758798476
dfe6f6a14ed7749db5dee6a06cf510493f1167854a0ae8ed3651c1061f1db6df,PKNORLEN,2017-06,10,xgboost,7.0,top_imbalance,0.20868671981389608
c581cfc4822c5fcac232a6f55575581efe788dfc0634cad01c6f45edaea2dc98,PKNORLEN,2017-06,20,xgboost,,depth_imbalance,0.038179891850189024
c581cfc4822c5fcac232a6f55575581efe788dfc0634cad01c6f45edaea2dc98,PKNORLEN,2017-06,20,xgboost,,microprice_minus_mid_bps,0.30728725217654007
c581cfc4822c5fcac232a6f55575581efe788dfc0634cad01c6f45edaea2dc98,PKNORLEN,2017-06,20,xgboost,,ofi_l1_norm,0.1764740988044286
c581cfc4822c5fcac232a6f55575581efe788dfc0634cad01c6f45edaea2dc98,PKNORLEN,2017-06,20,xgboost,,spread_bps,0.05900509752115084
c581cfc4822c5fcac232a6f55575581efe788dfc0634cad01c6f45edaea2dc98,PKNORLEN,2017-06,20,xgboost,,top_imbalance,0.4190536596476914
6ed0b21ed1f5f5f7d5abcb40a5f4263b409332baa912c56a6a5d3785883ad0d9,PKNORLEN,2017-06,20,xgboost,7.0,depth_imbalance,0.20330364563408118
6ed0b21ed1f5f5f7d5abcb40a5f4263b409332baa912c56a6a5d3785883ad0d9,PKNORLEN,2017-06,20,xgboost,7.0,microprice_minus_mid_bps,0.19245773751545908
6ed0b21ed1f5f5f7d5abcb40a5f4263b409332baa912c56a6a5d3785883ad0d9,PKNORLEN,2017-06,20,xgboost,7.0,ofi_l1_norm,0.19953912294540788
6ed0b21ed1f5f5f7d5abcb40a5f4263b409332baa912c56a6a5d3785883ad0d9,PKNORLEN,2017-06,20,xgboost,7.0,spread_bps,0.19886489735575505
6ed0b21ed1f5f5f7d5abcb40a5f4263b409332baa912c56a6a5d3785883ad0d9,PKNORLEN,2017-06,20,xgboost,7.0,top_imbalance,0.20583459654929678
10d7af355ca93476519e9790605a70e6cf314473248a5d35ea0876c766f8e79b,PKNORLEN,2017-06,50,xgboost,,depth_imbalance,0.04513055736629283
10d7af355ca93476519e9790605a70e6cf314473248a5d35ea0876c766f8e79b,PKNORLEN,2017-06,50,xgboost,,microprice_minus_mid_bps,0.2558798368722612
10d7af355ca93476519e9790605a70e6cf314473248a5d35ea0876c766f8e79b,PKNORLEN,2017-06,50,xgboost,,ofi_l1_norm,0.18184970989471985
10d7af355ca93476519e9790605a70e6cf314473248a5d35ea0876c766f8e79b,PKNORLEN,2017-06,50,xgboost,,spread_bps,0.05353563411406175
10d7af355ca93476519e9790605a70e6cf314473248a5d35ea0876c766f8e79b,PKNORLEN,2017-06,50,xgboost,,top_imbalance,0.4636042617526644
57fafa84fc4cb415d51c63c986ce33a04689ecc18513743e07cec7fa81438e41,PKNORLEN,2017-06,50,xgboost,7.0,depth_imbalance,0.20042272061164987
57fafa84fc4cb415d51c63c986ce33a04689ecc18513743e07cec7fa81438e41,PKNORLEN,2017-06,50,xgboost,7.0,microprice_minus_mid_bps,0.19885160044324499
57fafa84fc4cb415d51c63c986ce33a04689ecc18513743e07cec7fa81438e41,PKNORLEN,2017-06,50,xgboost,7.0,ofi_l1_norm,0.1850052275596779
57fafa84fc4cb415d51c63c986ce33a04689ecc18513743e07cec7fa81438e41,PKNORLEN,2017-06,50,xgboost,7.0,spread_bps,0.2166177918857211
57fafa84fc4cb415d51c63c986ce33a04689ecc18513743e07cec7fa81438e41,PKNORLEN,2017-06,50,xgboost,7.0,top_imbalance,0.19910265949970615
f16e784194b4519dad8360ce72835383d227a3d437084e12f6c5d3219af37e51,PKNORLEN,2017-09,10,xgboost,,depth_imbalance,0.03147739193895638
f16e784194b4519dad8360ce72835383d227a3d437084e12f6c5d3219af37e51,PKNORLEN,2017-09,10,xgboost,,microprice_minus_mid_bps,0.30584176439022637
f16e784194b4519dad8360ce72835383d227a3d437084e12f6c5d3219af37e51,PKNORLEN,2017-09,10,xgboost,,ofi_l1_norm,0.1712654814586705
f16e784194b4519dad8360ce72835383d227a3d437084e12f6c5d3219af37e51,PKNORLEN,2017-09,10,xgboost,,spread_bps,0.06246046200633609
f16e784194b4519dad8360ce72835383d227a3d437084e12f6c5d3219af37e51,PKNORLEN,2017-09,10,xgboost,,top_imbalance,0.4289549002058107
c818ea3fed36a91f27de4899a0276cc25f4a7a5a4f6be43bc0b0a65b9e548c79,PKNORLEN,2017-09,20,xgboost,,depth_imbalance,0.033258666681827566
c818ea3fed36a91f27de4899a0276cc25f4a7a5a4f6be43bc0b0a65b9e548c79,PKNORLEN,2017-09,20,xgboost,,microprice_minus_mid_bps,0.3066632988691156
c818ea3fed36a91f27de4899a0276cc25f4a7a5a4f6be43bc0b0a65b9e548c79,PKNORLEN,2017-09,20,xgboost,,ofi_l1_norm,0.16699988544506014
c818ea3fed36a91f27de4899a0276cc25f4a7a5a4f6be43bc0b0a65b9e548c79,PKNORLEN,2017-09,20,xgboost,,spread_bps,0.05325091078283847
c818ea3fed36a91f27de4899a0276cc25f4a7a5a4f6be43bc0b0a65b9e548c79,PKNORLEN,2017-09,20,xgboost,,top_imbalance,0.43982723822115827
98c02ecb2538a11b00b8e0ef1adaf65412bd02147dc74e3a8b609d2a18a6dd25,PKNORLEN,2017-09,50,xgboost,,depth_imbalance,0.03887639042077897
98c02ecb2538a11b00b8e0ef1adaf65412bd02147dc74e3a8b609d2a18a6dd25,PKNORLEN,2017-09,50,xgboost,,microprice_minus_mid_bps,0.28556427086353176
98c02ecb2538a11b00b8e0ef1adaf65412bd02147dc74e3a8b609d2a18a6dd25,PKNORLEN,2017-09,50,xgboost,,ofi_l1_norm,0.17684459895834434
98c02ecb2538a11b00b8e0ef1adaf65412bd02147dc74e3a8b609d2a18a6dd25,PKNORLEN,2017-09,50,xgboost,,spread_bps,0.04439874307825714
98c02ecb2538a11b00b8e0ef1adaf65412bd02147dc74e3a8b609d2a18a6dd25,PKNORLEN,2017-09,50,xgboost,,top_imbalance,0.4543159966790878
ec390ab8137c811073d490327f2b45b06917d438b34e01c838a3b552fa816075,PKNORLEN,2017-11,10,xgboost,,depth_imbalance,0.02660914806195599
ec390ab8137c811073d490327f2b45b06917d438b34e01c838a3b552fa816075,PKNORLEN,2017-11,10,xgboost,,microprice_minus_mid_bps,0.29446840080455683
ec390ab8137c811073d490327f2b45b06917d438b34e01c838a3b552fa816075,PKNORLEN,2017-11,10,xgboost,,ofi_l1_norm,0.17039755971942339
ec390ab8137c811073d490327f2b45b06917d438b34e01c838a3b552fa816075,PKNORLEN,2017-11,10,xgboost,,spread_bps,0.055040610912569704
ec390ab8137c811073d490327f2b45b06917d438b34e01c838a3b552fa816075,PKNORLEN,2017-11,10,xgboost,,top_imbalance,0.4534842805014941
fccbabc64719f34025a7893890b217abbfb996fecfc7041f1350987e2104b425,PKNORLEN,2017-11,20,xgboost,,depth_imbalance,0.026718742796490672
fccbabc64719f34025a7893890b217abbfb996fecfc7041f1350987e2104b425,PKNORLEN,2017-11,20,xgboost,,microprice_minus_mid_bps,0.28706583015320564
fccbabc64719f34025a7893890b217abbfb996fecfc7041f1350987e2104b425,PKNORLEN,2017-11,20,xgboost,,ofi_l1_norm,0.16698266838437786
fccbabc64719f34025a7893890b217abbfb996fecfc7041f1350987e2104b425,PKNORLEN,2017-11,20,xgboost,,spread_bps,0.047548111073231224
fccbabc64719f34025a7893890b217abbfb996fecfc7041f1350987e2104b425,PKNORLEN,2017-11,20,xgboost,,top_imbalance,0.47168464759269463
dc53f4080a11aabe06e87bc3c30b17bc5768485b8a0ec12161984f39f243a6e9,PKNORLEN,2017-11,50,xgboost,,depth_imbalance,0.03195993446793608
dc53f4080a11aabe06e87bc3c30b17bc5768485b8a0ec12161984f39f243a6e9,PKNORLEN,2017-11,50,xgboost,,microprice_minus_mid_bps,0.25859427640809013
dc53f4080a11aabe06e87bc3c30b17bc5768485b8a0ec12161984f39f243a6e9,PKNORLEN,2017-11,50,xgboost,,ofi_l1_norm,0.18215166582007855
dc53f4080a11aabe06e87bc3c30b17bc5768485b8a0ec12161984f39f243a6e9,PKNORLEN,2017-11,50,xgboost,,spread_bps,0.04071281479125082
dc53f4080a11aabe06e87bc3c30b17bc5768485b8a0ec12161984f39f243a6e9,PKNORLEN,2017-11,50,xgboost,,top_imbalance,0.4865813085126445
1e433c94c017c7576c9edd174d66050e004f76a4365a13d05bc848a73eae5ff8,PKOBP,2017-04,10,xgboost,,depth_imbalance,0.04497097867332585
1e433c94c017c7576c9edd174d66050e004f76a4365a13d05bc848a73eae5ff8,PKOBP,2017-04,10,xgboost,,microprice_minus_mid_bps,0.21490543337512183
1e433c94c017c7576c9edd174d66050e004f76a4365a13d05bc848a73eae5ff8,PKOBP,2017-04,10,xgboost,,ofi_l1_norm,0.18642643809679077
1e433c94c017c7576c9edd174d66050e004f76a4365a13d05bc848a73eae5ff8,PKOBP,2017-04,10,xgboost,,spread_bps,0.06145301016191775
1e433c94c017c7576c9edd174d66050e004f76a4365a13d05bc848a73eae5ff8,PKOBP,2017-04,10,xgboost,,top_imbalance,0.4922441396928438
882e142e70eb3848f47935d6259862aab6e6af6e8c619b32fb593c13e922e889,PKOBP,2017-04,20,xgboost,,depth_imbalance,0.04075465659152638
882e142e70eb3848f47935d6259862aab6e6af6e8c619b32fb593c13e922e889,PKOBP,2017-04,20,xgboost,,microprice_minus_mid_bps,0.22613518322708162
882e142e70eb3848f47935d6259862aab6e6af6e8c619b32fb593c13e922e889,PKOBP,2017-04,20,xgboost,,ofi_l1_norm,0.15287695259822054
882e142e70eb3848f47935d6259862aab6e6af6e8c619b32fb593c13e922e889,PKOBP,2017-04,20,xgboost,,spread_bps,0.052291245875321316
882e142e70eb3848f47935d6259862aab6e6af6e8c619b32fb593c13e922e889,PKOBP,2017-04,20,xgboost,,top_imbalance,0.5279419617078501
ed9612c1914b084c00e05590649721584bec1431898b2be496eb2e527c0e6d35,PKOBP,2017-04,50,xgboost,,depth_imbalance,0.044449539617900435
ed9612c1914b084c00e05590649721584bec1431898b2be496eb2e527c0e6d35,PKOBP,2017-04,50,xgboost,,microprice_minus_mid_bps,0.3118266477195119
ed9612c1914b084c00e05590649721584bec1431898b2be496eb2e527c0e6d35,PKOBP,2017-04,50,xgboost,,ofi_l1_norm,0.1137240651411955
ed9612c1914b084c00e05590649721584bec1431898b2be496eb2e527c0e6d35,PKOBP,2017-04,50,xgboost,,spread_bps,0.05139544005693657
ed9612c1914b084c00e05590649721584bec1431898b2be496eb2e527c0e6d35,PKOBP,2017-04,50,xgboost,,top_imbalance,0.4786043074644556
28a3b2539adc60a20951a2b5b7b8d70280724523a23bf4e922d67236e928c07e,PKOBP,2017-06,10,xgboost,,depth_imbalance,0.03517988039833756
28a3b2539adc60a20951a2b5b7b8d70280724523a23bf4e922d67236e928c07e,PKOBP,2017-06,10,xgboost,,microprice_minus_mid_bps,0.22875788728493684
28a3b2539adc60a20951a2b5b7b8d70280724523a23bf4e922d67236e928c07e,PKOBP,2017-06,10,xgboost,,ofi_l1_norm,0.16718069400344882
28a3b2539adc60a20951a2b5b7b8d70280724523a23bf4e922d67236e928c07e,PKOBP,2017-06,10,xgboost,,spread_bps,0.05618313757347833
28a3b2539adc60a20951a2b5b7b8d70280724523a23bf4e922d67236e928c07e,PKOBP,2017-06,10,xgboost,,top_imbalance,0.5126984007397984
1532aabaa57c760acac8999f622b81231041f98a834b211e427f31204c73fc61,PKOBP,2017-06,10,xgboost,7.0,depth_imbalance,0.20615518727711765
1532aabaa57c760acac8999f622b81231041f98a834b211e427f31204c73fc61,PKOBP,2017-06,10,xgboost,7.0,microprice_minus_mid_bps,0.19488583817611205
1532aabaa57c760acac8999f622b81231041f98a834b211e427f31204c73fc61,PKOBP,2017-06,10,xgboost,7.0,ofi_l1_norm,0.19637669301054164
1532aabaa57c760acac8999f622b81231041f98a834b211e427f31204c73fc61,PKOBP,2017-06,10,xgboost,7.0,spread_bps,0.2016816182734203
1532aabaa57c760acac8999f622b81231041f98a834b211e427f31204c73fc61,PKOBP,2017-06,10,xgboost,7.0,top_imbalance,0.20090066326280837
69fba85caf6f2fa345001e90c734ee0a476bc37e54b87f6cf93caedb9ae8a29d,PKOBP,2017-06,20,xgboost,,depth_imbalance,0.03089265823577275
69fba85caf6f2fa345001e90c734ee0a476bc37e54b87f6cf93caedb9ae8a29d,PKOBP,2017-06,20,xgboost,,microprice_minus_mid_bps,0.23347976438000448
69fba85caf6f2fa345001e90c734ee0a476bc37e54b87f6cf93caedb9ae8a29d,PKOBP,2017-06,20,xgboost,,ofi_l1_norm,0.13396402983946126
69fba85caf6f2fa345001e90c734ee0a476bc37e54b87f6cf93caedb9ae8a29d,PKOBP,2017-06,20,xgboost,,spread_bps,0.04611554115190942
69fba85caf6f2fa345001e90c734ee0a476bc37e54b87f6cf93caedb9ae8a29d,PKOBP,2017-06,20,xgboost,,top_imbalance,0.5555480063928521
1c02d02e52fbf9ce82310105ac2a7fccf8d018e43f4fa7253d58c8b567d65d00,PKOBP,2017-06,20,xgboost,7.0,depth_imbalance,0.20098483462057531
1c02d02e52fbf9ce82310105ac2a7fccf8d018e43f4fa7253d58c8b567d65d00,PKOBP,2017-06,20,xgboost,7.0,microprice_minus_mid_bps,0.19917767031736905
1c02d02e52fbf9ce82310105ac2a7fccf8d018e43f4fa7253d58c8b567d65d00,PKOBP,2017-06,20,xgboost,7.0,ofi_l1_norm,0.19488371274525157
1c02d02e52fbf9ce82310105ac2a7fccf8d018e43f4fa7253d58c8b567d65d00,PKOBP,2017-06,20,xgboost,7.0,spread_bps,0.21097116551259232
1c02d02e52fbf9ce82310105ac2a7fccf8d018e43f4fa7253d58c8b567d65d00,PKOBP,2017-06,20,xgboost,7.0,top_imbalance,0.19398261680421172
c409a69035fa5542dba594cc0286b24d48f8388a14ee2beaece400d912e32927,PKOBP,2017-06,50,xgboost,,depth_imbalance,0.035584294103033084
c409a69035fa5542dba594cc0286b24d48f8388a14ee2beaece400d912e32927,PKOBP,2017-06,50,xgboost,,microprice_minus_mid_bps,0.3106106157950167
c409a69035fa5542dba594cc0286b24d48f8388a14ee2beaece400d912e32927,PKOBP,2017-06,50,xgboost,,ofi_l1_norm,0.11340175202134087
c409a69035fa5542dba594cc0286b24d48f8388a14ee2beaece400d912e32927,PKOBP,2017-06,50,xgboost,,spread_bps,0.04264938701538167
c409a69035fa5542dba594cc0286b24d48f8388a14ee2beaece400d912e32927,PKOBP,2017-06,50,xgboost,,top_imbalance,0.49775395106522763
621e70d841960df83c8a8694b25b15b5afc0963084f367d4115d5a93a177f028,PKOBP,2017-06,50,xgboost,7.0,depth_imbalance,0.20374452351238886
621e70d841960df83c8a8694b25b15b5afc0963084f367d4115d5a93a177f028,PKOBP,2017-06,50,xgboost,7.0,microprice_minus_mid_bps,0.1827536371968941
621e70d841960df83c8a8694b25b15b5afc0963084f367d4115d5a93a177f028,PKOBP,2017-06,50,xgboost,7.0,ofi_l1_norm,0.18095790269137177
621e70d841960df83c8a8694b25b15b5afc0963084f367d4115d5a93a177f028,PKOBP,2017-06,50,xgboost,7.0,spread_bps,0.24169570439679236
621e70d841960df83c8a8694b25b15b5afc0963084f367d4115d5a93a177f028,PKOBP,2017-06,50,xgboost,7.0,top_imbalance,0.1908482322025529
1c0cc3dad1b64d1351466a98d8e5d5b4e9ebea4627fed1533fece77fe71787f2,PKOBP,2017-09,10,xgboost,,depth_imbalance,0.030442587879869958
1c0cc3dad1b64d1351466a98d8e5d5b4e9ebea4627fed1533fece77fe71787f2,PKOBP,2017-09,10,xgboost,,microprice_minus_mid_bps,0.22031993470874378
1c0cc3dad1b64d1351466a98d8e5d5b4e9ebea4627fed1533fece77fe71787f2,PKOBP,2017-09,10,xgboost,,ofi_l1_norm,0.14526047703111428
1c0cc3dad1b64d1351466a98d8e5d5b4e9ebea4627fed1533fece77fe71787f2,PKOBP,2017-09,10,xgboost,,spread_bps,0.05938618509075188
1c0cc3dad1b64d1351466a98d8e5d5b4e9ebea4627fed1533fece77fe71787f2,PKOBP,2017-09,10,xgboost,,top_imbalance,0.5445908152895201
e11e787cb345ff767de9c6d9be6e491ae1bde12dd611ea9d7872e24d4786d695,PKOBP,2017-09,20,xgboost,,depth_imbalance,0.023971740415301878
e11e787cb345ff767de9c6d9be6e491ae1bde12dd611ea9d7872e24d4786d695,PKOBP,2017-09,20,xgboost,,microprice_minus_mid_bps,0.23807898864953836
e11e787cb345ff767de9c6d9be6e491ae1bde12dd611ea9d7872e24d4786d695,PKOBP,2017-09,20,xgboost,,ofi_l1_norm,0.11464509982132691
e11e787cb345ff767de9c6d9be6e491ae1bde12dd611ea9d7872e24d4786d695,PKOBP,2017-09,20,xgboost,,spread_bps,0.0430673742216806
e11e787cb345ff767de9c6d9be6e491ae1bde12dd611ea9d7872e24d4786d695,PKOBP,2017-09,20,xgboost,,top_imbalance,0.5802367968921522
1dd243e9e302fc94c2181fd0cc71145fbb465c61be69a6ab20ade49bcc8e47b8,PKOBP,2017-09,50,xgboost,,depth_imbalance,0.027043683805235426
1dd243e9e302fc94c2181fd0cc71145fbb465c61be69a6ab20ade49bcc8e47b8,PKOBP,2017-09,50,xgboost,,microprice_minus_mid_bps,0.3650974643212699
1dd243e9e302fc94c2181fd0cc71145fbb465c61be69a6ab20ade49bcc8e47b8,PKOBP,2017-09,50,xgboost,,ofi_l1_norm,0.10125780395935692
1dd243e9e302fc94c2181fd0cc71145fbb465c61be69a6ab20ade49bcc8e47b8,PKOBP,2017-09,50,xgboost,,spread_bps,0.0373890260210039
1dd243e9e302fc94c2181fd0cc71145fbb465c61be69a6ab20ade49bcc8e47b8,PKOBP,2017-09,50,xgboost,,top_imbalance,0.4692120218931339
b0f84482c4c02e9a4ca7273f4d7c2ef6decd23b206e4f111376f51de4287eb3d,PKOBP,2017-11,10,xgboost,,depth_imbalance,0.027393490780953735
b0f84482c4c02e9a4ca7273f4d7c2ef6decd23b206e4f111376f51de4287eb3d,PKOBP,2017-11,10,xgboost,,microprice_minus_mid_bps,0.21750256367118123
b0f84482c4c02e9a4ca7273f4d7c2ef6decd23b206e4f111376f51de4287eb3d,PKOBP,2017-11,10,xgboost,,ofi_l1_norm,0.13739479682938222
b0f84482c4c02e9a4ca7273f4d7c2ef6decd23b206e4f111376f51de4287eb3d,PKOBP,2017-11,10,xgboost,,spread_bps,0.05388719148961969
b0f84482c4c02e9a4ca7273f4d7c2ef6decd23b206e4f111376f51de4287eb3d,PKOBP,2017-11,10,xgboost,,top_imbalance,0.5638219572288631
441ed0168cb36f044aefddd5a888823459d34d642a1731ae8e67ff4972e006c1,PKOBP,2017-11,20,xgboost,,depth_imbalance,0.020980713151560634
441ed0168cb36f044aefddd5a888823459d34d642a1731ae8e67ff4972e006c1,PKOBP,2017-11,20,xgboost,,microprice_minus_mid_bps,0.22857611702837607
441ed0168cb36f044aefddd5a888823459d34d642a1731ae8e67ff4972e006c1,PKOBP,2017-11,20,xgboost,,ofi_l1_norm,0.10257317149400298
441ed0168cb36f044aefddd5a888823459d34d642a1731ae8e67ff4972e006c1,PKOBP,2017-11,20,xgboost,,spread_bps,0.03982794037293969
441ed0168cb36f044aefddd5a888823459d34d642a1731ae8e67ff4972e006c1,PKOBP,2017-11,20,xgboost,,top_imbalance,0.6080420579531206
9d82a3c7accea500a0dd71d036178db2b83c7252c4672266ea9aee6bdc912889,PKOBP,2017-11,50,xgboost,,depth_imbalance,0.02391616060188871
9d82a3c7accea500a0dd71d036178db2b83c7252c4672266ea9aee6bdc912889,PKOBP,2017-11,50,xgboost,,microprice_minus_mid_bps,0.3287840977483531
9d82a3c7accea500a0dd71d036178db2b83c7252c4672266ea9aee6bdc912889,PKOBP,2017-11,50,xgboost,,ofi_l1_norm,0.1029125012772877
9d82a3c7accea500a0dd71d036178db2b83c7252c4672266ea9aee6bdc912889,PKOBP,2017-11,50,xgboost,,spread_bps,0.03271636537710437
9d82a3c7accea500a0dd71d036178db2b83c7252c4672266ea9aee6bdc912889,PKOBP,2017-11,50,xgboost,,top_imbalance,0.5116708749953661
43446f6818456c24b51ca3852c948ac99567af4a2eb91fd6179fdf5ec4a9dfba,PZU,2017-04,10,xgboost,,depth_imbalance,0.043361362578378165
43446f6818456c24b51ca3852c948ac99567af4a2eb91fd6179fdf5ec4a9dfba,PZU,2017-04,10,xgboost,,microprice_minus_mid_bps,0.3275899394287169
43446f6818456c24b51ca3852c948ac99567af4a2eb91fd6179fdf5ec4a9dfba,PZU,2017-04,10,xgboost,,ofi_l1_norm,0.15432927978042657
43446f6818456c24b51ca3852c948ac99567af4a2eb91fd6179fdf5ec4a9dfba,PZU,2017-04,10,xgboost,,spread_bps,0.0714034141688116
43446f6818456c24b51ca3852c948ac99567af4a2eb91fd6179fdf5ec4a9dfba,PZU,2017-04,10,xgboost,,top_imbalance,0.4033160040436668
5e7c4371d944a47c8ba20ddd3b747be1936b5841847fa427e9f9e2d10c29082b,PZU,2017-04,20,xgboost,,depth_imbalance,0.04088155787010762
5e7c4371d944a47c8ba20ddd3b747be1936b5841847fa427e9f9e2d10c29082b,PZU,2017-04,20,xgboost,,microprice_minus_mid_bps,0.38696708233776705
5e7c4371d944a47c8ba20ddd3b747be1936b5841847fa427e9f9e2d10c29082b,PZU,2017-04,20,xgboost,,ofi_l1_norm,0.12910110912514222
5e7c4371d944a47c8ba20ddd3b747be1936b5841847fa427e9f9e2d10c29082b,PZU,2017-04,20,xgboost,,spread_bps,0.06785737565548311
5e7c4371d944a47c8ba20ddd3b747be1936b5841847fa427e9f9e2d10c29082b,PZU,2017-04,20,xgboost,,top_imbalance,0.3751928750115
722783699fff4134f31c9d09ec899d996aafb457ce5a7546fa1173a08ad0ac8e,PZU,2017-04,50,xgboost,,depth_imbalance,0.04982944514719537
722783699fff4134f31c9d09ec899d996aafb457ce5a7546fa1173a08ad0ac8e,PZU,2017-04,50,xgboost,,microprice_minus_mid_bps,0.48759733404686434
722783699fff4134f31c9d09ec899d996aafb457ce5a7546fa1173a08ad0ac8e,PZU,2017-04,50,xgboost,,ofi_l1_norm,0.10522820400064294
722783699fff4134f31c9d09ec899d996aafb457ce5a7546fa1173a08ad0ac8e,PZU,2017-04,50,xgboost,,spread_bps,0.06555300538605005
722783699fff4134f31c9d09ec899d996aafb457ce5a7546fa1173a08ad0ac8e,PZU,2017-04,50,xgboost,,top_imbalance,0.2917920114192473
99cf00e23040a33c2b9b6bb9d465b38f5df387c6b97ff8c7b1abd23f47c0cf8a,PZU,2017-06,10,xgboost,,depth_imbalance,0.04036753765271613
99cf00e23040a33c2b9b6bb9d465b38f5df387c6b97ff8c7b1abd23f47c0cf8a,PZU,2017-06,10,xgboost,,microprice_minus_mid_bps,0.24436828750541661
99cf00e23040a33c2b9b6bb9d465b38f5df387c6b97ff8c7b1abd23f47c0cf8a,PZU,2017-06,10,xgboost,,ofi_l1_norm,0.1305987351682743
99cf00e23040a33c2b9b6bb9d465b38f5df387c6b97ff8c7b1abd23f47c0cf8a,PZU,2017-06,10,xgboost,,spread_bps,0.07759249999315497
99cf00e23040a33c2b9b6bb9d465b38f5df387c6b97ff8c7b1abd23f47c0cf8a,PZU,2017-06,10,xgboost,,top_imbalance,0.507072939680438
62e7e037b683f4bce71728e8ec5d1906c2df9b2d7a7b36c6c51ab0c0eb262ffd,PZU,2017-06,10,xgboost,7.0,depth_imbalance,0.20208828168379306
62e7e037b683f4bce71728e8ec5d1906c2df9b2d7a7b36c6c51ab0c0eb262ffd,PZU,2017-06,10,xgboost,7.0,microprice_minus_mid_bps,0.1927345982619901
62e7e037b683f4bce71728e8ec5d1906c2df9b2d7a7b36c6c51ab0c0eb262ffd,PZU,2017-06,10,xgboost,7.0,ofi_l1_norm,0.202303801663284
62e7e037b683f4bce71728e8ec5d1906c2df9b2d7a7b36c6c51ab0c0eb262ffd,PZU,2017-06,10,xgboost,7.0,spread_bps,0.20016536271089508
62e7e037b683f4bce71728e8ec5d1906c2df9b2d7a7b36c6c51ab0c0eb262ffd,PZU,2017-06,10,xgboost,7.0,top_imbalance,0.20270795568003777
7e39daf3cce77084aa8723031a76aa85ed5ca224dba7f53aed488892282affeb,PZU,2017-06,20,xgboost,,depth_imbalance,0.03271945902817161
7e39daf3cce77084aa8723031a76aa85ed5ca224dba7f53aed488892282affeb,PZU,2017-06,20,xgboost,,microprice_minus_mid_bps,0.3064389939704413
7e39daf3cce77084aa8723031a76aa85ed5ca224dba7f53aed488892282affeb,PZU,2017-06,20,xgboost,,ofi_l1_norm,0.11164545497225876
7e39daf3cce77084aa8723031a76aa85ed5ca224dba7f53aed488892282affeb,PZU,2017-06,20,xgboost,,spread_bps,0.06555147669817363
7e39daf3cce77084aa8723031a76aa85ed5ca224dba7f53aed488892282affeb,PZU,2017-06,20,xgboost,,top_imbalance,0.4836446153309547
ec04a1146dd1cb734340c3a1d1132b20738089388c1ca23b5283bf34cbc4b26e,PZU,2017-06,20,xgboost,7.0,depth_imbalance,0.20319820272207936
ec04a1146dd1cb734340c3a1d1132b20738089388c1ca23b5283bf34cbc4b26e,PZU,2017-06,20,xgboost,7.0,microprice_minus_mid_bps,0.19446886369601563
ec04a1146dd1cb734340c3a1d1132b20738089388c1ca23b5283bf34cbc4b26e,PZU,2017-06,20,xgboost,7.0,ofi_l1_norm,0.20079333076209613
ec04a1146dd1cb734340c3a1d1132b20738089388c1ca23b5283bf34cbc4b26e,PZU,2017-06,20,xgboost,7.0,spread_bps,0.20720295247796655
ec04a1146dd1cb734340c3a1d1132b20738089388c1ca23b5283bf34cbc4b26e,PZU,2017-06,20,xgboost,7.0,top_imbalance,0.19433665034184233
b0034a0587a9c1ecb30da822d2d095bc9ea410b5bc9d46f39169204ebdf1d66f,PZU,2017-06,50,xgboost,,depth_imbalance,0.04415181817512386
b0034a0587a9c1ecb30da822d2d095bc9ea410b5bc9d46f39169204ebdf1d66f,PZU,2017-06,50,xgboost,,microprice_minus_mid_bps,0.30135113323877966
b0034a0587a9c1ecb30da822d2d095bc9ea410b5bc9d46f39169204ebdf1d66f,PZU,2017-06,50,xgboost,,ofi_l1_norm,0.10758715032420547
b0034a0587a9c1ecb30da822d2d095bc9ea410b5bc9d46f39169204ebdf1d66f,PZU,2017-06,50,xgboost,,spread_bps,0.0603340249247701
b0034a0587a9c1ecb30da822d2d095bc9ea410b5bc9d46f39169204ebdf1d66f,PZU,2017-06,50,xgboost,,top_imbalance,0.48657587333712093
2a5d5918f0a22166bfe5649eb9c686282572af779cc331fb2939c57278b5422f,PZU,2017-06,50,xgboost,7.0,depth_imbalance,0.19972166115833764
2a5d5918f0a22166bfe5649eb9c686282572af779cc331fb2939c57278b5422f,PZU,2017-06,50,xgboost,7.0,microprice_minus_mid_bps,0.18821358789997214
2a5d5918f0a22166bfe5649eb9c686282572af779cc331fb2939c57278b5422f,PZU,2017-06,50,xgboost,7.0,ofi_l1_norm,0.18544447626888746
2a5d5918f0a22166bfe5649eb9c686282572af779cc331fb2939c57278b5422f,PZU,2017-06,50,xgboost,7.0,spread_bps,0.237672666025823
2a5d5918f0a22166bfe5649eb9c686282572af779cc331fb2939c57278b5422f,PZU,2017-06,50,xgboost,7.0,top_imbalance,0.18894760864697976
cf6a87e1efec4d490e4ad6ab9694badc1ab7d463a974d1bd684dbbb58e297534,PZU,2017-09,10,xgboost,,depth_imbalance,0.032843065229938975
cf6a87e1efec4d490e4ad6ab9694badc1ab7d463a974d1bd684dbbb58e297534,PZU,2017-09,10,xgboost,,microprice_minus_mid_bps,0.23096120942820125
cf6a87e1efec4d490e4ad6ab9694badc1ab7d463a974d1bd684dbbb58e297534,PZU,2017-09,10,xgboost,,ofi_l1_norm,0.13730261919727435
cf6a87e1efec4d490e4ad6ab9694badc1ab7d463a974d1bd684dbbb58e297534,PZU,2017-09,10,xgboost,,spread_bps,0.0687625997535017
cf6a87e1efec4d490e4ad6ab9694badc1ab7d463a974d1bd684dbbb58e297534,PZU,2017-09,10,xgboost,,top_imbalance,0.5301305063910837
0849182427b8330d35857e1eae87d0a3de6c049917990f4b9372d3706d904340,PZU,2017-09,20,xgboost,,depth_imbalance,0.027228771223889114
0849182427b8330d35857e1eae87d0a3de6c049917990f4b9372d3706d904340,PZU,2017-09,20,xgboost,,microprice_minus_mid_bps,0.24205387090719638
0849182427b8330d35857e1eae87d0a3de6c049917990f4b9372d3706d904340,PZU,2017-09,20,xgboost,,ofi_l1_norm,0.11832756540292459
0849182427b8330d35857e1eae87d0a3de6c049917990f4b9372d3706d904340,PZU,2017-09,20,xgboost,,spread_bps,0.06026872075341628
0849182427b8330d35857e1eae87d0a3de6c049917990f4b9372d3706d904340,PZU,2017-09,20,xgboost,,top_imbalance,0.5521210717125736
e6a7783c129ad78a6fbbf1acfd91ac91e224c0bc76375881c14683839ff02798,PZU,2017-09,50,xgboost,,depth_imbalance,0.03884158572535315
e6a7783c129ad78a6fbbf1acfd91ac91e224c0bc76375881c14683839ff02798,PZU,2017-09,50,xgboost,,microprice_minus_mid_bps,0.2725007830940753
e6a7783c129ad78a6fbbf1acfd91ac91e224c0bc76375881c14683839ff02798,PZU,2017-09,50,xgboost,,ofi_l1_norm,0.11907136819658573
e6a7783c129ad78a6fbbf1acfd91ac91e224c0bc76375881c14683839ff02798,PZU,2017-09,50,xgboost,,spread_bps,0.05423069043831159
e6a7783c129ad78a6fbbf1acfd91ac91e224c0bc76375881c14683839ff02798,PZU,2017-09,50,xgboost,,top_imbalance,0.5153555725456742
07840e9b3990c03c3342878f5c30fff96f2381c2bfd97c511c0b6715cb9a6a65,PZU,2017-11,10,xgboost,,depth_imbalance,0.027800255969213847
07840e9b3990c03c3342878f5c30fff96f2381c2bfd97c511c0b6715cb9a6a65,PZU,2017-11,10,xgboost,,microprice_minus_mid_bps,0.27832453597470014
07840e9b3990c03c3342878f5c30fff96f2381c2bfd97c511c0b6715cb9a6a65,PZU,2017-11,10,xgboost,,ofi_l1_norm,0.13452915692496478
07840e9b3990c03c3342878f5c30fff96f2381c2bfd97c511c0b6715cb9a6a65,PZU,2017-11,10,xgboost,,spread_bps,0.06375452016584823
07840e9b3990c03c3342878f5c30fff96f2381c2bfd97c511c0b6715cb9a6a65,PZU,2017-11,10,xgboost,,top_imbalance,0.495591530965273
491d373ab41d82703a40fe5fed24cda537558751e54f9d8021b14a3c7e1dde4b,PZU,2017-11,20,xgboost,,depth_imbalance,0.024191052746695887
491d373ab41d82703a40fe5fed24cda537558751e54f9d8021b14a3c7e1dde4b,PZU,2017-11,20,xgboost,,microprice_minus_mid_bps,0.24952182132779527
491d373ab41d82703a40fe5fed24cda537558751e54f9d8021b14a3c7e1dde4b,PZU,2017-11,20,xgboost,,ofi_l1_norm,0.12153898127434909
491d373ab41d82703a40fe5fed24cda537558751e54f9d8021b14a3c7e1dde4b,PZU,2017-11,20,xgboost,,spread_bps,0.0557954341202279
491d373ab41d82703a40fe5fed24cda537558751e54f9d8021b14a3c7e1dde4b,PZU,2017-11,20,xgboost,,top_imbalance,0.5489527105309319
33f36b3ecd6e0d041013f1a56a26e80ba4749f12e9d61efe2e55229cc90921b2,PZU,2017-11,50,xgboost,,depth_imbalance,0.0341699831310078
33f36b3ecd6e0d041013f1a56a26e80ba4749f12e9d61efe2e55229cc90921b2,PZU,2017-11,50,xgboost,,microprice_minus_mid_bps,0.2887582361113427
33f36b3ecd6e0d041013f1a56a26e80ba4749f12e9d61efe2e55229cc90921b2,PZU,2017-11,50,xgboost,,ofi_l1_norm,0.1295592616002129
33f36b3ecd6e0d041013f1a56a26e80ba4749f12e9d61efe2e55229cc90921b2,PZU,2017-11,50,xgboost,,spread_bps,0.049916097405144966
33f36b3ecd6e0d041013f1a56a26e80ba4749f12e9d61efe2e55229cc90921b2,PZU,2017-11,50,xgboost,,top_imbalance,0.49759642175229163
