symbol,month,horizon,model_linear,control_seed_linear,task_id_linear,latency,original_rows_linear,rows_linear,threshold_bps_linear,coverage_linear,selected_rows_linear,sign_selected_bps_linear,top_decile_long_bps_linear,bottom_decile_short_bps_linear,ordered_deciles_linear,decile_bins_linear,model_xgboost,control_seed_xgboost,task_id_xgboost,original_rows_xgboost,rows_xgboost,threshold_bps_xgboost,coverage_xgboost,selected_rows_xgboost,sign_selected_bps_xgboost,top_decile_long_bps_xgboost,bottom_decile_short_bps_xgboost,ordered_deciles_xgboost,decile_bins_xgboost,coverage_delta,sign_selected_bps_delta,top_decile_long_bps_delta,bottom_decile_short_bps_delta,ordered_deciles_delta,decile_bins_delta
KGHM,2017-04,10,linear,,a676ed0528733f33dc6e3eee4911056eb99a8ce35e019e79545e78ca41c295bc,0,1099156,1099066,1.0,0.0001028145716453789,113,-10.084728987162634,-6.366526091145539,-6.601185106233804,0.0,10,xgboost,,34c7df96585827be1f73a096e12a5c2260f9a902fdf9a06bf78d6b690ed47a6a,1099156,1099066,1.0,0.009128660153257402,10033,-5.540250462680755,-7.292233473518543,-7.02222072031404,0.0,10,0.009025845581612024,4.544478524481879,-0.9257073823730044,-0.42103561408023626,0.0,0
KGHM,2017-04,10,linear,,a676ed0528733f33dc6e3eee4911056eb99a8ce35e019e79545e78ca41c295bc,1,1099156,1099066,1.0,0.0001028145716453789,113,-10.5216369077868,-6.59848027929568,-6.782602643409671,0.0,10,xgboost,,34c7df96585827be1f73a096e12a5c2260f9a902fdf9a06bf78d6b690ed47a6a,1099156,1099066,1.0,0.009128660153257402,10033,-6.705454348826088,-7.500302473388661,-7.202426358359354,0.0,10,0.009025845581612024,3.816182558960712,-0.9018221940929809,-0.4198237149496826,0.0,0
KGHM,2017-04,10,linear,,a676ed0528733f33dc6e3eee4911056eb99a8ce35e019e79545e78ca41c295bc,5,1099156,1099066,1.0,0.0001028145716453789,113,-10.91285341288619,-6.978472956903622,-7.093405400445533,0.0,10,xgboost,,34c7df96585827be1f73a096e12a5c2260f9a902fdf9a06bf78d6b690ed47a6a,1099156,1099066,1.0,0.009128660153257402,10033,-7.240146429222945,-7.8646964704423645,-7.537603276004261,0.0,10,0.009025845581612024,3.672706983663244,-0.8862235135387424,-0.4441978755587277,0.0,0
KGHM,2017-04,20,linear,,dbb94b13eeb562c870be2b8722d3be01abbe7c6af2d8b11227b2289ca9197fe4,0,1098976,1098886,1.0,0.0008608718283789219,946,-6.16893699053125,-6.371250078854854,-6.7400177648130475,0.0,10,xgboost,,9860cae15aefbf8b195731e7ef014b24ae7d75bd889dc6b34d318c8540370477,1098976,1098886,1.0,0.04028898357063426,44273,-5.742713005580422,-7.1173130113932,-7.076804380917043,0.0,10,0.03942811174225534,0.4262239849508287,-0.7460629325383463,-0.3367866161039954,0.0,0
KGHM,2017-04,20,linear,,dbb94b13eeb562c870be2b8722d3be01abbe7c6af2d8b11227b2289ca9197fe4,1,1098976,1098886,1.0,0.0008608718283789219,946,-7.011505991419935,-6.605211197881491,-6.925768259819944,0.0,10,xgboost,,9860cae15aefbf8b195731e7ef014b24ae7d75bd889dc6b34d318c8540370477,1098976,1098886,1.0,0.04028898357063426,44273,-6.255645560002704,-7.33545827290228,-7.265562393661548,0.0,10,0.03942811174225534,0.755860431417231,-0.730247075020789,-0.33979413384160395,0.0,0
KGHM,2017-04,20,linear,,dbb94b13eeb562c870be2b8722d3be01abbe7c6af2d8b11227b2289ca9197fe4,5,1098976,1098886,1.0,0.0008608718283789219,946,-7.384535940778363,-6.99750535901361,-7.250719377270649,0.0,10,xgboost,,9860cae15aefbf8b195731e7ef014b24ae7d75bd889dc6b34d318c8540370477,1098976,1098886,1.0,0.04028898357063426,44273,-6.776469596091153,-7.729998815275472,-7.613274126524989,0.0,10,0.03942811174225534,0.6080663446872103,-0.7324934562618619,-0.3625547492543406,0.0,0
KGHM,2017-04,50,linear,,f2cb205aaf4cacc3a03fb01e7ac58af10aaff8ae531f1ea9d1095c57b2b9f709,0,1098436,1098346,1.0,0.21028346258829184,230964,-6.9788557093927,-6.609778273746843,-7.291956476973928,0.0,10,xgboost,,ddcc1d1f78046b61dca1a9e8414e41bd6a4da017f486e247e8b3be852364e9ad,1098436,1098346,1.0,0.2299921882539746,252611,-7.58610569240365,-7.472222071681695,-7.466836302613396,0.0,10,0.01970872566568277,-0.6072499830109495,-0.8624437979348514,-0.17487982563946858,0.0,0
KGHM,2017-04,50,linear,,f2cb205aaf4cacc3a03fb01e7ac58af10aaff8ae531f1ea9d1095c57b2b9f709,1,1098436,1098346,1.0,0.21028346258829184,230964,-7.170162174673442,-6.834395238544066,-7.462005022926253,0.0,10,xgboost,,ddcc1d1f78046b61dca1a9e8414e41bd6a4da017f486e247e8b3be852364e9ad,1098436,1098346,1.0,0.2299921882539746,252611,-7.7573237346653965,-7.674866796185553,-7.639864960069162,0.0,10,0.01970872566568277,-0.5871615599919542,-0.8404715576414867,-0.17785993714290882,0.0,0
KGHM,2017-04,50,linear,,f2cb205aaf4cacc3a03fb01e7ac58af10aaff8ae531f1ea9d1095c57b2b9f709,5,1098436,1098346,1.0,0.21028346258829184,230964,-7.512797538458568,-7.221808563603316,-7.774139167665341,0.0,10,xgboost,,ddcc1d1f78046b61dca1a9e8414e41bd6a4da017f486e247e8b3be852364e9ad,1098436,1098346,1.0,0.2299921882539746,252611,-8.079936609384008,-8.039737712954986,-7.960461670240035,0.0,10,0.01970872566568277,-0.5671390709254398,-0.81792914935167,-0.18632250257469352,0.0,0
KGHM,2017-06,10,linear,,83160cccd789a38e1916aef464a077422ae2f4ba8debd89783e562d5cb7a9a3a,0,1014775,1014670,1.0,0.00016557107236835623,168,-10.640486749765433,-7.355325768564229,-6.736734777324347,0.0,10,xgboost,,6a367d79f64f0156a192e769c2ad50c54012787a0043380bda69133233dd4be3,1014775,1014670,1.0,0.017589955354942986,17848,-5.522227165078375,-7.843895943528639,-7.807709729902021,0.0,10,0.017424384282574628,5.118259584687058,-0.48857017496441024,-1.0709749525776733,0.0,0
KGHM,2017-06,10,linear,,83160cccd789a38e1916aef464a077422ae2f4ba8debd89783e562d5cb7a9a3a,1,1014775,1014670,1.0,0.00016557107236835623,168,-10.539851125225278,-7.654224824916043,-7.055466044102642,0.0,10,xgboost,,6a367d79f64f0156a192e769c2ad50c54012787a0043380bda69133233dd4be3,1014775,1014670,1.0,0.017589955354942986,17848,-6.706904936110418,-8.129607146120822,-8.084403727043634,0.0,10,0.017424384282574628,3.8329461891148595,-0.47538232120477897,-1.0289376829409917,0.0,0
KGHM,2017-06,10,linear,,83160cccd789a38e1916aef464a077422ae2f4ba8debd89783e562d5cb7a9a3a,5,1014775,1014670,1.0,0.00016557107236835623,168,-11.316245881020322,-8.113381450291646,-7.574290591470475,0.0,10,xgboost,,6a367d79f64f0156a192e769c2ad50c54012787a0043380bda69133233dd4be3,1014775,1014670,1.0,0.017589955354942986,17848,-7.408002943466416,-8.64676486570511,-8.554607950167002,0.0,10,0.017424384282574628,3.908242937553906,-0.5333834154134642,-0.980317358696527,0.0,0
KGHM,2017-06,20,linear,,72b581a6456b8f1241618cbaec0b4ec58941001943c06d59df4907dfb8328c46,0,1014565,1014460,1.0,0.0050785639650651575,5152,-5.015452307369142,-7.1597650808908595,-6.782235488835472,0.0,10,xgboost,,34c763d45a0fb4d2cff1b0ec70532664ff7630b8e5956f49fc15e87ec3179089,1014565,1014460,1.0,0.06868383179228357,69677,-5.687268584569698,-7.245906703182542,-7.7049912154808835,0.0,10,0.06360526782721841,-0.6718162772005556,-0.08614162229168265,-0.9227557266454118,0.0,0
KGHM,2017-06,20,linear,,72b581a6456b8f1241618cbaec0b4ec58941001943c06d59df4907dfb8328c46,1,1014565,1014460,1.0,0.0050785639650651575,5152,-5.730449792775598,-7.466188633469135,-7.104072878851293,0.0,10,xgboost,,34c763d45a0fb4d2cff1b0ec70532664ff7630b8e5956f49fc15e87ec3179089,1014565,1014460,1.0,0.06868383179228357,69677,-6.241681087770861,-7.541948297027937,-7.987507875471034,0.0,10,0.06360526782721841,-0.5112312949952624,-0.07575966355880226,-0.8834349966197417,0.0,0
KGHM,2017-06,20,linear,,72b581a6456b8f1241618cbaec0b4ec58941001943c06d59df4907dfb8328c46,5,1014565,1014460,1.0,0.0050785639650651575,5152,-6.485639819041381,-7.954699639565217,-7.642395052779604,0.0,10,xgboost,,34c763d45a0fb4d2cff1b0ec70532664ff7630b8e5956f49fc15e87ec3179089,1014565,1014460,1.0,0.06868383179228357,69677,-6.989398410829525,-8.122638184801781,-8.484572978840824,0.0,10,0.06360526782721841,-0.5037585917881433,-0.16793854523656382,-0.8421779260612192,0.0,0
KGHM,2017-06,50,linear,,1192947f77115b11bec8b45e313e69da009686c301cab22a218ca26ac62c61ef,0,1013935,1013830,1.0,0.20512216052000828,207959,-7.338449039325775,-7.225674753094877,-7.293282855500733,0.0,10,xgboost,,459d8ee07a984d8b08dd16ca103dc0e386a56724a4bff76f660ae754b243c7e6,1013935,1013830,1.0,0.25223854097827053,255727,-8.058851886301579,-7.180189350721302,-8.240139196061047,0.0,10,0.04711638045826225,-0.7204028469758033,0.04548540237357468,-0.9468563405603145,0.0,0
KGHM,2017-06,50,linear,,1192947f77115b11bec8b45e313e69da009686c301cab22a218ca26ac62c61ef,1,1013935,1013830,1.0,0.20512216052000828,207959,-7.6290254611772355,-7.5279249659661005,-7.582222417730686,0.0,10,xgboost,,459d8ee07a984d8b08dd16ca103dc0e386a56724a4bff76f660ae754b243c7e6,1013935,1013830,1.0,0.25223854097827053,255727,-8.291715370778757,-7.479302686571151,-8.484619304938974,0.0,10,0.04711638045826225,-0.6626899096015215,0.048622279394949786,-0.9023968872082877,0.0,0
KGHM,2017-06,50,linear,,1192947f77115b11bec8b45e313e69da009686c301cab22a218ca26ac62c61ef,5,1013935,1013830,1.0,0.20512216052000828,207959,-8.12104485264745,-8.038344987059237,-8.069929011894612,0.0,10,xgboost,,459d8ee07a984d8b08dd16ca103dc0e386a56724a4bff76f660ae754b243c7e6,1013935,1013830,1.0,0.25223854097827053,255727,-8.74453318104883,-8.058232850063941,-8.905099943672207,0.0,10,0.04711638045826225,-0.623488328401379,-0.019887863004704798,-0.8351709317775953,0.0,0
KGHM,2017-09,10,linear,,2093d352f97a84a8dc49fbfb97038ae5f43c553a62fe5675e32fbf0679c10cf4,0,916750,916645,1.0,8.182011574819041e-05,75,-6.953277906851772,-5.39260623802654,-5.703301799780533,0.0,10,xgboost,,3f3f4532e584b61b53ed602e857dfbc9643cad361ccbf76b7baaa627e299ebfa,916750,916645,1.0,0.022548532965324636,20669,-4.939045982942899,-5.924527236860064,-5.996222709549901,0.0,10,0.022466712849576444,2.0142319239088735,-0.5319209988335247,-0.2929209097693679,0.0,0
KGHM,2017-09,10,linear,,2093d352f97a84a8dc49fbfb97038ae5f43c553a62fe5675e32fbf0679c10cf4,1,916750,916645,1.0,8.182011574819041e-05,75,-8.313337950299063,-5.636069683613639,-5.931721383362487,0.0,10,xgboost,,3f3f4532e584b61b53ed602e857dfbc9643cad361ccbf76b7baaa627e299ebfa,916750,916645,1.0,0.022548532965324636,20669,-5.818518179214429,-6.133744201328756,-6.2088300559853735,0.0,10,0.022466712849576444,2.494819771084634,-0.49767451771511784,-0.2771086726228864,0.0,0
KGHM,2017-09,10,linear,,2093d352f97a84a8dc49fbfb97038ae5f43c553a62fe5675e32fbf0679c10cf4,5,916750,916645,1.0,8.182011574819041e-05,75,-9.629676200558329,-6.06185123946168,-6.287321751021264,0.0,10,xgboost,,3f3f4532e584b61b53ed602e857dfbc9643cad361ccbf76b7baaa627e299ebfa,916750,916645,1.0,0.022548532965324636,20669,-6.344839475471608,-6.576199005299779,-6.592877387895966,0.0,10,0.022466712849576444,3.2848367250867208,-0.5143477658380995,-0.30555563687470144,0.0,0
KGHM,2017-09,20,linear,,c0ca667be1d9887ac6cc45a85208e17870efcfcbf0095b3ceac63bd72c3bc284,0,916540,916435,1.0,0.026125147991947057,23942,-4.064055188660306,-5.3540440052253615,-5.609842462728369,0.0,10,xgboost,,ce49496f44708e983430194a8367d06258db95a3302a0fdcf09653acb17f11aa,916540,916435,1.0,0.07259325538636129,66527,-5.03063482708366,-5.821453186106161,-5.889124515802679,0.0,10,0.04646810739441423,-0.9665796384233545,-0.4674091808807992,-0.27928205307430964,0.0,0
KGHM,2017-09,20,linear,,c0ca667be1d9887ac6cc45a85208e17870efcfcbf0095b3ceac63bd72c3bc284,1,916540,916435,1.0,0.026125147991947057,23942,-4.5086003048231476,-5.604656340689948,-5.838274645193325,0.0,10,xgboost,,ce49496f44708e983430194a8367d06258db95a3302a0fdcf09653acb17f11aa,916540,916435,1.0,0.07259325538636129,66527,-5.466948845591987,-6.0406211537552625,-6.1068113021280634,0.0,10,0.04646810739441423,-0.9583485407688395,-0.43596481306531487,-0.2685366569347387,0.0,0
KGHM,2017-09,20,linear,,c0ca667be1d9887ac6cc45a85208e17870efcfcbf0095b3ceac63bd72c3bc284,5,916540,916435,1.0,0.026125147991947057,23942,-5.203525640961659,-6.048018407109356,-6.217951225648374,0.0,10,xgboost,,ce49496f44708e983430194a8367d06258db95a3302a0fdcf09653acb17f11aa,916540,916435,1.0,0.07259325538636129,66527,-6.0345758923911665,-6.49132481943872,-6.51153075839772,0.0,10,0.04646810739441423,-0.8310502514295077,-0.4433064123293642,-0.29357953274934623,0.0,0
KGHM,2017-09,50,linear,,32544ca32f84fa80c3cc3dccc341b4893608788603de895927362e972e74563c,0,915910,915805,1.0,0.2708687984887613,248063,-5.993809376158004,-5.5587353147443705,-5.630012695514314,0.0,10,xgboost,,83322b676721b319536a0a0a2dfdfe6ec37f6e959fd7efde748447d6808267b3,915910,915805,1.0,0.2643466676858065,242090,-6.274332561128967,-5.986724196315855,-6.065286800910697,0.0,10,-0.006522130802954773,-0.2805231849709626,-0.4279888815714843,-0.4352741053963829,0.0,0
KGHM,2017-09,50,linear,,32544ca32f84fa80c3cc3dccc341b4893608788603de895927362e972e74563c,1,915910,915805,1.0,0.2708687984887613,248063,-6.181338848246132,-5.797797656489042,-5.850846419759537,0.0,10,xgboost,,83322b676721b319536a0a0a2dfdfe6ec37f6e959fd7efde748447d6808267b3,915910,915805,1.0,0.2643466676858065,242090,-6.44259842362416,-6.195538160014599,-6.272588516325334,0.0,10,-0.006522130802954773,-0.2612595753780278,-0.397740503525557,-0.4217420965657972,0.0,0
KGHM,2017-09,50,linear,,32544ca32f84fa80c3cc3dccc341b4893608788603de895927362e972e74563c,5,915910,915805,1.0,0.2708687984887613,248063,-6.544841587978538,-6.252054924378914,-6.249933221066853,0.0,10,xgboost,,83322b676721b319536a0a0a2dfdfe6ec37f6e959fd7efde748447d6808267b3,915910,915805,1.0,0.2643466676858065,242090,-6.81319386217273,-6.620673235626905,-6.66538593129115,0.0,10,-0.006522130802954773,-0.26835227419419194,-0.3686183112479906,-0.4154527102242964,0.0,0
KGHM,2017-11,10,linear,,b7acb68604d6c1fbeeb3a297b4bb5fb70b779bc658e000bef4ea06690f203a17,0,832503,832398,1.0,0.0001657860782942775,138,-7.13649750033432,-5.921379925994842,-6.070768985188942,0.0,10,xgboost,,13c22b20d1cae287deb4cf586669cf29497c3da9e0e4e29ba4a1f5ed563afe73,832503,832398,1.0,0.024696118923880163,20557,-5.043275908875823,-5.981940423006798,-6.544976140266933,0.0,10,0.024530332845585884,2.093221591458497,-0.06056049701195665,-0.47420715507799116,0.0,0
KGHM,2017-11,10,linear,,b7acb68604d6c1fbeeb3a297b4bb5fb70b779bc658e000bef4ea06690f203a17,1,832503,832398,1.0,0.0001657860782942775,138,-8.080299127375426,-6.177468907159015,-6.31917119382539,0.0,10,xgboost,,13c22b20d1cae287deb4cf586669cf29497c3da9e0e4e29ba4a1f5ed563afe73,832503,832398,1.0,0.024696118923880163,20557,-5.963453627402278,-6.249415413069093,-6.785938307902793,0.0,10,0.024530332845585884,2.116845499973148,-0.0719465059100779,-0.46676711407740257,0.0,0
KGHM,2017-11,10,linear,,b7acb68604d6c1fbeeb3a297b4bb5fb70b779bc658e000bef4ea06690f203a17,5,832503,832398,1.0,0.0001657860782942775,138,-7.9316151152490955,-6.588373124688073,-6.735642342682956,0.0,10,xgboost,,13c22b20d1cae287deb4cf586669cf29497c3da9e0e4e29ba4a1f5ed563afe73,832503,832398,1.0,0.024696118923880163,20557,-6.584023224006686,-6.6949073812492905,-7.221728775483977,0.0,10,0.024530332845585884,1.3475918912424092,-0.10653425656121751,-0.48608643280102104,0.0,0
KGHM,2017-11,20,linear,,dc0f76757a0405d8fed6ce9efdd95f978f9f24bb7c5863fff8cb884804db4b17,0,832293,832188,1.0,0.029666373463688493,24688,-4.2799296292217655,-5.834928096706989,-6.030063618224081,0.0,10,xgboost,,a41eb381001193e13dcc47d3676b6828b619768477e5039df789972bb1759ac1,832293,832188,1.0,0.08594932875744424,71526,-5.2765259021957585,-5.891250934501933,-6.490994671021277,0.0,10,0.056282955293755745,-0.996596272973993,-0.05632283779494429,-0.46093105279719637,0.0,0
KGHM,2017-11,20,linear,,dc0f76757a0405d8fed6ce9efdd95f978f9f24bb7c5863fff8cb884804db4b17,1,832293,832188,1.0,0.029666373463688493,24688,-4.786946997606162,-6.09505213884941,-6.2787421069145175,0.0,10,xgboost,,a41eb381001193e13dcc47d3676b6828b619768477e5039df789972bb1759ac1,832293,832188,1.0,0.08594932875744424,71526,-5.72656022337832,-6.160317677143427,-6.7312421383950545,0.0,10,0.056282955293755745,-0.9396132257721588,-0.0652655382940166,-0.45250003148053697,0.0,0
KGHM,2017-11,20,linear,,dc0f76757a0405d8fed6ce9efdd95f978f9f24bb7c5863fff8cb884804db4b17,5,832293,832188,1.0,0.029666373463688493,24688,-5.512835141638427,-6.5143088947769465,-6.718473302276516,0.0,10,xgboost,,a41eb381001193e13dcc47d3676b6828b619768477e5039df789972bb1759ac1,832293,832188,1.0,0.08594932875744424,71526,-6.330953323405844,-6.602811368448223,-7.183648013658012,0.0,10,0.056282955293755745,-0.8181181817674172,-0.0885024736712765,-0.46517471138149613,0.0,0
KGHM,2017-11,50,linear,,cc76ddb09f9c660d63c8c4d50d45b460ffaa407619dc5e4e9937f98b4edfe664,0,831663,831558,1.0,0.26010693180752276,216294,-6.446117067299685,-5.8902824905437425,-6.180189653458048,0.0,10,xgboost,,b04b45c6a7cb4aa95878a213dffdb6956f4e793993d989b5745548f96dc74c62,831663,831558,1.0,0.2763222769788758,229778,-6.97317779350571,-6.060449364720366,-6.884246910918141,0.0,10,0.016215345171353035,-0.5270607262060247,-0.17016687417662357,-0.704057257460093,0.0,0
KGHM,2017-11,50,linear,,cc76ddb09f9c660d63c8c4d50d45b460ffaa407619dc5e4e9937f98b4edfe664,1,831663,831558,1.0,0.26010693180752276,216294,-6.658902128477639,-6.1491576095989355,-6.420342675782281,0.0,10,xgboost,,b04b45c6a7cb4aa95878a213dffdb6956f4e793993d989b5745548f96dc74c62,831663,831558,1.0,0.2763222769788758,229778,-7.159615753003618,-6.316628676789889,-7.1019582587108525,0.0,10,0.016215345171353035,-0.5007136245259796,-0.16747106719095317,-0.6816155829285719,0.0,0
KGHM,2017-11,50,linear,,cc76ddb09f9c660d63c8c4d50d45b460ffaa407619dc5e4e9937f98b4edfe664,5,831663,831558,1.0,0.26010693180752276,216294,-7.050555821641117,-6.599002418863515,-6.856726636702785,0.0,10,xgboost,,b04b45c6a7cb4aa95878a213dffdb6956f4e793993d989b5745548f96dc74c62,831663,831558,1.0,0.2763222769788758,229778,-7.520814784870379,-6.755849553288578,-7.525480061191864,0.0,10,0.016215345171353035,-0.470258963229262,-0.15684713442506304,-0.6687534244890792,0.0,0
PKNORLEN,2017-04,10,linear,,1199d794b8da3956327c1fb252180801afe346209319f6c7828a9dfe3d2a7be1,0,676108,676018,1.0,1.4792505525000814e-06,1,-4.671805652884574,-5.301856469720517,-5.5101161840164785,0.0,10,xgboost,,c58973ca3a744cfec7104ef45d8b482c87db2de3ec247001cc86456876f89128,676108,676018,1.0,0.007735001139022925,5229,-5.353445724907887,-6.182684005784769,-6.955893737269619,0.0,10,0.007733521888470425,-0.6816400720233133,-0.8808275360642526,-1.4457775532531407,0.0,0
PKNORLEN,2017-04,10,linear,,1199d794b8da3956327c1fb252180801afe346209319f6c7828a9dfe3d2a7be1,1,676108,676018,1.0,1.4792505525000814e-06,1,-4.671805652884574,-5.511457525055854,-5.685813049092412,0.0,10,xgboost,,c58973ca3a744cfec7104ef45d8b482c87db2de3ec247001cc86456876f89128,676108,676018,1.0,0.007735001139022925,5229,-6.446673005485152,-6.386684245098202,-7.1049314611768635,0.0,10,0.007733521888470425,-1.7748673526005785,-0.875226720042348,-1.419118412084451,0.0,0
PKNORLEN,2017-04,10,linear,,1199d794b8da3956327c1fb252180801afe346209319f6c7828a9dfe3d2a7be1,5,676108,676018,1.0,1.4792505525000814e-06,1,-4.671805652884574,-5.905977731611639,-6.039653607703272,0.0,10,xgboost,,c58973ca3a744cfec7104ef45d8b482c87db2de3ec247001cc86456876f89128,676108,676018,1.0,0.007735001139022925,5229,-7.046470224164592,-6.780264154682799,-7.412776040005108,0.0,10,0.007733521888470425,-2.374664571280018,-0.87428642307116,-1.3731224323018356,0.0,0
PKNORLEN,2017-04,20,linear,,2397099eee9643d89c8c38a0b53a3e96c3e6601e1a1d72e7702a9c378f1515a7,0,675928,675838,1.0,1.9235378892574848e-05,13,-7.21717166823784,-5.536886259975966,-5.716673887283445,0.0,10,xgboost,,703c02f4714f4979b408a5cf60807075f7fe52028c74534e9d2fa17526572ad5,675928,675838,1.0,0.03543304756465307,23947,-5.72890297896448,-6.363167446951758,-6.96842485064995,0.0,10,0.03541381218576049,1.4882686892733599,-0.826281186975792,-1.2517509633665052,0.0,0
PKNORLEN,2017-04,20,linear,,2397099eee9643d89c8c38a0b53a3e96c3e6601e1a1d72e7702a9c378f1515a7,1,675928,675838,1.0,1.9235378892574848e-05,13,-7.851194175203284,-5.747027804949678,-5.8910136164439555,0.0,10,xgboost,,703c02f4714f4979b408a5cf60807075f7fe52028c74534e9d2fa17526572ad5,675928,675838,1.0,0.03543304756465307,23947,-6.311745831740613,-6.5621604888917835,-7.117591693604508,0.0,10,0.03541381218576049,1.539448343462671,-0.8151326839421058,-1.2265780771605526,0.0,0
PKNORLEN,2017-04,20,linear,,2397099eee9643d89c8c38a0b53a3e96c3e6601e1a1d72e7702a9c378f1515a7,5,675928,675838,1.0,1.9235378892574848e-05,13,-5.3933749439222005,-6.136730721909497,-6.236869630611845,0.0,10,xgboost,,703c02f4714f4979b408a5cf60807075f7fe52028c74534e9d2fa17526572ad5,675928,675838,1.0,0.03543304756465307,23947,-6.887722004786427,-6.959542290472949,-7.430793329650817,0.0,10,0.03541381218576049,-1.4943470608642269,-0.8228115685634521,-1.1939236990389723,0.0,0
PKNORLEN,2017-04,50,linear,,7cb1d2b4747a0c8dbc636774d885e99cad7ef2c4f168026e2cfbb49dfcceb45a,0,675388,675298,1.0,0.05405761604506455,36505,-5.495142269263078,-6.375256242036347,-6.604075446608891,0.0,10,xgboost,,f4ed735c8c497d942aa1d39e07a92594f84b353d48b02bae1bd2c90ee2188164,675388,675298,1.0,0.16316648353763819,110186,-7.045037278813784,-7.100763268798118,-6.9024608780120555,0.0,10,0.10910886749257363,-1.5498950095507062,-0.7255070267617709,-0.2983854314031644,0.0,0
PKNORLEN,2017-04,50,linear,,7cb1d2b4747a0c8dbc636774d885e99cad7ef2c4f168026e2cfbb49dfcceb45a,1,675388,675298,1.0,0.05405761604506455,36505,-5.711424187982674,-6.569618208706279,-6.755059857595203,0.0,10,xgboost,,f4ed735c8c497d942aa1d39e07a92594f84b353d48b02bae1bd2c90ee2188164,675388,675298,1.0,0.16316648353763819,110186,-7.228786955782717,-7.272811908396975,-7.050417080936339,0.0,10,0.10910886749257363,-1.5173627678000434,-0.7031936996906962,-0.2953572233411359,0.0,0
PKNORLEN,2017-04,50,linear,,7cb1d2b4747a0c8dbc636774d885e99cad7ef2c4f168026e2cfbb49dfcceb45a,5,675388,675298,1.0,0.05405761604506455,36505,-6.112421830415555,-6.929061680373805,-7.052578793794929,0.0,10,xgboost,,f4ed735c8c497d942aa1d39e07a92594f84b353d48b02bae1bd2c90ee2188164,675388,675298,1.0,0.16316648353763819,110186,-7.587521077149835,-7.623837392220788,-7.376144897563161,0.0,10,0.10910886749257363,-1.4750992467342794,-0.6947757118469831,-0.3235661037682318,0.0,0
PKNORLEN,2017-06,10,linear,,86c9d9867523ef6652e925a20f4bde25e5a88bf75110b2829c415ad3d72b0cae,0,863190,863085,1.0,9.269075467653823e-06,8,-4.2983951806077725,-5.770457578479425,-6.189631862919642,0.0,10,xgboost,,2f356fd1f444ef2e9b21a76d4ada94d2bdeb776af95a89854166db8a2a32fb17,863190,863085,1.0,0.018718897906926896,16156,-5.518218768541812,-5.843227981330521,-6.621344440086752,0.0,10,0.018709628831459244,-1.219823587934039,-0.07277040285109582,-0.43171257716710976,0.0,0
PKNORLEN,2017-06,10,linear,,86c9d9867523ef6652e925a20f4bde25e5a88bf75110b2829c415ad3d72b0cae,1,863190,863085,1.0,9.269075467653823e-06,8,-5.941596342076211,-6.088675669876499,-6.495652847255945,0.0,10,xgboost,,2f356fd1f444ef2e9b21a76d4ada94d2bdeb776af95a89854166db8a2a32fb17,863190,863085,1.0,0.018718897906926896,16156,-6.550880435605917,-6.164581563331643,-6.901514352681433,0.0,10,0.018709628831459244,-0.6092840935297064,-0.07590589345514331,-0.40586150542548793,0.0,0
PKNORLEN,2017-06,10,linear,,86c9d9867523ef6652e925a20f4bde25e5a88bf75110b2829c415ad3d72b0cae,5,863190,863085,1.0,9.269075467653823e-06,8,-12.347503525121192,-6.61666217284352,-6.986149379722626,0.0,10,xgboost,,2f356fd1f444ef2e9b21a76d4ada94d2bdeb776af95a89854166db8a2a32fb17,863190,863085,1.0,0.018718897906926896,16156,-7.222814506180466,-6.751471254179518,-7.418526282450432,0.0,10,0.018709628831459244,5.124689018940726,-0.13480908133599812,-0.43237690272780593,0.0,0
PKNORLEN,2017-06,20,linear,,52e0cbbdee226a6278e0e4849deda2384c8d739db34bf973934f47b59240a01c,0,862980,862875,1.0,5.215123859191656e-05,45,-8.079157292115834,-6.074937695926363,-6.24782988782525,0.0,10,xgboost,,04109cd49f10e86230fd510cd6bf1f8cac6576d537e78152ce817020ad779a6a,862980,862875,1.0,0.06699579892800232,57809,-5.48411441287827,-5.77901667291964,-6.2786709323680965,0.0,10,0.06694364768941041,2.595042879237564,0.2959210230067226,-0.03084104454284642,0.0,0
PKNORLEN,2017-06,20,linear,,52e0cbbdee226a6278e0e4849deda2384c8d739db34bf973934f47b59240a01c,1,862980,862875,1.0,5.215123859191656e-05,45,-9.818892002484965,-6.386755095929081,-6.551573745191013,0.0,10,xgboost,,04109cd49f10e86230fd510cd6bf1f8cac6576d537e78152ce817020ad779a6a,862980,862875,1.0,0.06699579892800232,57809,-6.008963435000354,-6.09569525610889,-6.575537280263522,0.0,10,0.06694364768941041,3.8099285674846115,0.2910598398201909,-0.023963535072509146,0.0,0
PKNORLEN,2017-06,20,linear,,52e0cbbdee226a6278e0e4849deda2384c8d739db34bf973934f47b59240a01c,5,862980,862875,1.0,5.215123859191656e-05,45,-9.538915614705617,-6.913182070087546,-7.067179620401279,0.0,10,xgboost,,04109cd49f10e86230fd510cd6bf1f8cac6576d537e78152ce817020ad779a6a,862980,862875,1.0,0.06699579892800232,57809,-6.705839923828278,-6.708355023931887,-7.144340610237586,0.0,10,0.06694364768941041,2.8330756908773393,0.2048270461556596,-0.07716098983630726,0.0,0
PKNORLEN,2017-06,50,linear,,551e31596361ae6cfd818a61f5dc26674bfd948d650a8bde15872e0725121718,0,862350,862245,1.0,0.20730302872153505,178746,-6.903200160241244,-7.021147572561929,-6.656874336091774,0.0,10,xgboost,,ebc4ecc2b7e331e0937261280a2636d37efa2c79a1e396334dfd1d81fb6e1b43,862350,862245,1.0,0.32106999750650916,276841,-6.906558958591597,-6.300343107433845,-6.413547959964328,0.0,10,0.11376696878497411,-0.0033587983503524654,0.7208044651280838,0.24332637612744623,0.0,0
PKNORLEN,2017-06,50,linear,,551e31596361ae6cfd818a61f5dc26674bfd948d650a8bde15872e0725121718,1,862350,862245,1.0,0.20730302872153505,178746,-7.174605163932147,-7.287996749244654,-6.940048047421709,0.0,10,xgboost,,ebc4ecc2b7e331e0937261280a2636d37efa2c79a1e396334dfd1d81fb6e1b43,862350,862245,1.0,0.32106999750650916,276841,-7.116394560520291,-6.596529842869419,-6.672819895495741,0.0,10,0.11376696878497411,0.058210603411855466,0.6914669063752346,0.26722815192596805,0.0,0
PKNORLEN,2017-06,50,linear,,551e31596361ae6cfd818a61f5dc26674bfd948d650a8bde15872e0725121718,5,862350,862245,1.0,0.20730302872153505,178746,-7.648673349619921,-7.734967753106959,-7.441184555164444,0.0,10,xgboost,,ebc4ecc2b7e331e0937261280a2636d37efa2c79a1e396334dfd1d81fb6e1b43,862350,862245,1.0,0.32106999750650916,276841,-7.5841262346407845,-7.173647460389383,-7.201521844685554,0.0,10,0.11376696878497411,0.06454711497913657,0.5613202927175758,0.23966271047888998,0.0,0
PKNORLEN,2017-09,10,linear,,e4e594c9019224bd93fa6052fbcd053e680306e809659ef285da0f6ee15a2679,0,1014105,1014000,1.0,1.282051282051282e-05,13,-4.111672156208917,-5.4487119183829,-5.335123857247052,0.0,10,xgboost,,1dc4f8a93083e499a31085a51cdb43f6494a049389303257a880766bee164e0a,1014105,1014000,1.0,0.025724852071005916,26085,-4.7054603210809445,-5.871709213175193,-6.412299637603896,0.0,10,0.025712031558185404,-0.5937881648720271,-0.4229972947922933,-1.0771757803568436,0.0,0
PKNORLEN,2017-09,10,linear,,e4e594c9019224bd93fa6052fbcd053e680306e809659ef285da0f6ee15a2679,1,1014105,1014000,1.0,1.282051282051282e-05,13,-4.4246220216405465,-5.716846714437494,-5.553376210910218,0.0,10,xgboost,,1dc4f8a93083e499a31085a51cdb43f6494a049389303257a880766bee164e0a,1014105,1014000,1.0,0.025724852071005916,26085,-5.439040182134114,-6.137559511465523,-6.622282139153065,0.0,10,0.025712031558185404,-1.0144181604935678,-0.42071279702802844,-1.068905928242847,0.0,0
PKNORLEN,2017-09,10,linear,,e4e594c9019224bd93fa6052fbcd053e680306e809659ef285da0f6ee15a2679,5,1014105,1014000,1.0,1.282051282051282e-05,13,-4.090708984110285,-6.228338007783124,-5.99659563356542,0.0,10,xgboost,,1dc4f8a93083e499a31085a51cdb43f6494a049389303257a880766bee164e0a,1014105,1014000,1.0,0.025724852071005916,26085,-6.121632616609077,-6.634568287169494,-7.0231040342021585,0.0,10,0.025712031558185404,-2.0309236324987916,-0.4062302793863699,-1.0265084006367386,0.0,0
PKNORLEN,2017-09,20,linear,,e8639fee1e895e0dbf037cfc02cbf2e0f44020893d5965fab7c53b5e8aff2aa8,0,1013895,1013790,1.0,0.010929285157675652,11080,-3.9510568106980712,-5.524374327818968,-5.392242009264508,0.0,10,xgboost,,71de7ddea0ae0ec801a47ca5cea41c63afef90ae67de31f34645e206e117c90f,1013895,1013790,1.0,0.07732567888813265,78392,-4.8428420530533325,-5.805368880251821,-5.954151613918567,0.0,10,0.066396393730457,-0.8917852423552612,-0.280994552432853,-0.5619096046540593,0.0,0
PKNORLEN,2017-09,20,linear,,e8639fee1e895e0dbf037cfc02cbf2e0f44020893d5965fab7c53b5e8aff2aa8,1,1013895,1013790,1.0,0.010929285157675652,11080,-4.462190902039577,-5.800290532298578,-5.621272380935718,0.0,10,xgboost,,71de7ddea0ae0ec801a47ca5cea41c63afef90ae67de31f34645e206e117c90f,1013895,1013790,1.0,0.07732567888813265,78392,-5.270062283179468,-6.070645531389901,-6.1876293245292615,0.0,10,0.066396393730457,-0.8078713811398908,-0.27035499909132277,-0.5663569435935436,0.0,0
PKNORLEN,2017-09,20,linear,,e8639fee1e895e0dbf037cfc02cbf2e0f44020893d5965fab7c53b5e8aff2aa8,5,1013895,1013790,1.0,0.010929285157675652,11080,-5.272831978942766,-6.343066028147501,-6.099934218590409,0.0,10,xgboost,,71de7ddea0ae0ec801a47ca5cea41c63afef90ae67de31f34645e206e117c90f,1013895,1013790,1.0,0.07732567888813265,78392,-5.950498572114533,-6.608287724716331,-6.6712288735977,0.0,10,0.066396393730457,-0.6776665931717671,-0.26522169656883055,-0.571294655007291,0.0,0
PKNORLEN,2017-09,50,linear,,7ce4a788085c5b2d8d79653f32f2f9f2661e86deb618c473add64fc6416549f3,0,1013265,1013160,1.0,0.2631065182202219,266569,-6.486071943462656,-6.245721163172651,-6.197393918016135,0.0,10,xgboost,,4193a43ff8338dd70d6addb0d14a1ade58d8cc11a21cdc5897b7ff0be2a798b2,1013265,1013160,1.0,0.23760314264282048,240730,-6.442226520469867,-6.509511792812014,-6.192524823540162,0.0,10,-0.025503375577401427,0.043845422992789373,-0.26379062963936306,0.004869094475973057,0.0,0
PKNORLEN,2017-09,50,linear,,7ce4a788085c5b2d8d79653f32f2f9f2661e86deb618c473add64fc6416549f3,1,1013265,1013160,1.0,0.2631065182202219,266569,-6.699105702797576,-6.505633994898237,-6.419788713925811,0.0,10,xgboost,,4193a43ff8338dd70d6addb0d14a1ade58d8cc11a21cdc5897b7ff0be2a798b2,1013265,1013160,1.0,0.23760314264282048,240730,-6.65874589406103,-6.761157081115835,-6.423829798810845,0.0,10,-0.025503375577401427,0.040359808736545766,-0.2555230862175977,-0.004041084885033186,0.0,0
PKNORLEN,2017-09,50,linear,,7ce4a788085c5b2d8d79653f32f2f9f2661e86deb618c473add64fc6416549f3,5,1013265,1013160,1.0,0.2631065182202219,266569,-7.145949397570797,-7.010438216970826,-6.885279798236008,0.0,10,xgboost,,4193a43ff8338dd70d6addb0d14a1ade58d8cc11a21cdc5897b7ff0be2a798b2,1013265,1013160,1.0,0.23760314264282048,240730,-7.14066823441424,-7.281711973484863,-6.924327369210569,0.0,10,-0.025503375577401427,0.005281163156556801,-0.27127375651403707,-0.03904757097456102,0.0,0
PKNORLEN,2017-11,10,linear,,ae03cb726cdfdc6cdb9b3afea9b7f791e2a8d18dd4f859f185981c455147d5aa,0,1041523,1041418,1.0,4.801146129604059e-05,50,-9.082464356567554,-6.272795266881231,-6.664514188505693,0.0,10,xgboost,,59130cbb870013e01fd27b2c6af19fad187129d427638077230a87f6bd681676,1041523,1041418,1.0,0.029738299126767544,30970,-5.8760847917630565,-6.377966647846068,-7.463378894684273,0.0,10,0.029690287665471504,3.2063795648044975,-0.10517138096483691,-0.7988647061785796,0.0,0
PKNORLEN,2017-11,10,linear,,ae03cb726cdfdc6cdb9b3afea9b7f791e2a8d18dd4f859f185981c455147d5aa,1,1041523,1041418,1.0,4.801146129604059e-05,50,-11.035877827225686,-6.57170742724971,-6.92452942487075,0.0,10,xgboost,,59130cbb870013e01fd27b2c6af19fad187129d427638077230a87f6bd681676,1041523,1041418,1.0,0.029738299126767544,30970,-6.634560369216406,-6.698686575185828,-7.706898150357073,0.0,10,0.029690287665471504,4.40131745800928,-0.12697914793611798,-0.7823687254863234,0.0,0
PKNORLEN,2017-11,10,linear,,ae03cb726cdfdc6cdb9b3afea9b7f791e2a8d18dd4f859f185981c455147d5aa,5,1041523,1041418,1.0,4.801146129604059e-05,50,-11.28832601310413,-7.13426894097198,-7.427687418185304,0.0,10,xgboost,,59130cbb870013e01fd27b2c6af19fad187129d427638077230a87f6bd681676,1041523,1041418,1.0,0.029738299126767544,30970,-7.422702490544922,-7.290566193914819,-8.204905582430492,0.0,10,0.029690287665471504,3.8656235225592086,-0.15629725294283947,-0.7772181642451876,0.0,0
PKNORLEN,2017-11,20,linear,,07b0e79837f9cbfe5b4da319d6fe4250b84ff385ce368c9c0b5186bd4b678d39,0,1041313,1041208,1.0,0.01812510084440381,18872,-4.518096077894499,-6.454533999458622,-6.693932625465671,0.0,10,xgboost,,3fabdfcf353a56fa70b7797f2012fada9319205bfd5eb0f0a0e3549862e2fe3b,1041313,1041208,1.0,0.08590406527802322,89444,-5.472355091032046,-6.431260684281182,-6.884945601419269,0.0,10,0.06777896443361942,-0.9542590131375475,0.023273315177440246,-0.19101297595359856,0.0,0
PKNORLEN,2017-11,20,linear,,07b0e79837f9cbfe5b4da319d6fe4250b84ff385ce368c9c0b5186bd4b678d39,1,1041313,1041208,1.0,0.01812510084440381,18872,-5.071743910900682,-6.758299935343149,-6.9604118139403885,0.0,10,xgboost,,3fabdfcf353a56fa70b7797f2012fada9319205bfd5eb0f0a0e3549862e2fe3b,1041313,1041208,1.0,0.08590406527802322,89444,-5.954962408551273,-6.750476763638834,-7.155062792152392,0.0,10,0.06777896443361942,-0.8832184976505912,0.007823171704314902,-0.19465097821200317,0.0,0
PKNORLEN,2017-11,20,linear,,07b0e79837f9cbfe5b4da319d6fe4250b84ff385ce368c9c0b5186bd4b678d39,5,1041313,1041208,1.0,0.01812510084440381,18872,-6.006957638199485,-7.333833148194912,-7.494465078850654,0.0,10,xgboost,,3fabdfcf353a56fa70b7797f2012fada9319205bfd5eb0f0a0e3549862e2fe3b,1041313,1041208,1.0,0.08590406527802322,89444,-6.731301843972171,-7.386680753545173,-7.722051667112697,0.0,10,0.06777896443361942,-0.7243442057726854,-0.05284760535026134,-0.22758658826204314,0.0,0
PKNORLEN,2017-11,50,linear,,38d1afb766f98ab413469ed31fc37211560f886d5da8d8c73927b5e0627f95e5,0,1040683,1040578,1.0,0.2524404705846174,262684,-7.7984468274462175,-7.534072857824298,-7.369325914966369,0.0,10,xgboost,,cd257c2fbf94f10a6852cbae09fce8e06ccee3957a7bf660f154e83aea663a5c,1040683,1040578,1.0,0.24640055815133513,256399,-7.672678287548587,-7.8446257136798305,-6.90596155627862,0.0,10,-0.006039912433282252,0.12576853989763048,-0.3105528558555326,0.46336435868774917,0.0,0
PKNORLEN,2017-11,50,linear,,38d1afb766f98ab413469ed31fc37211560f886d5da8d8c73927b5e0627f95e5,1,1040683,1040578,1.0,0.2524404705846174,262684,-8.02782350281121,-7.805713744419302,-7.617138815102404,0.0,10,xgboost,,cd257c2fbf94f10a6852cbae09fce8e06ccee3957a7bf660f154e83aea663a5c,1040683,1040578,1.0,0.24640055815133513,256399,-7.913478965855793,-8.138770106268293,-7.168848806952882,0.0,10,-0.006039912433282252,0.11434453695541613,-0.3330563618489908,0.448290008149522,0.0,0
PKNORLEN,2017-11,50,linear,,38d1afb766f98ab413469ed31fc37211560f886d5da8d8c73927b5e0627f95e5,5,1040683,1040578,1.0,0.2524404705846174,262684,-8.483565132707652,-8.303984669173635,-8.119427011589858,0.0,10,xgboost,,cd257c2fbf94f10a6852cbae09fce8e06ccee3957a7bf660f154e83aea663a5c,1040683,1040578,1.0,0.24640055815133513,256399,-8.413720281494061,-8.67262653719267,-7.7384744204438425,0.0,10,-0.006039912433282252,0.06984485121359008,-0.36864186801903465,0.38095259114601543,0.0,0
PKOBP,2017-04,10,linear,,5a418a31520360397201f19473c671e74bbb1e773e2655e646f0ec8b3c7b1e5f,0,953529,949905,1.0,1.263284223159158e-05,12,-9.665932096746674,-6.5407539912004795,-6.25323713239535,0.0,10,xgboost,,1de5de580d2b30d96c88795351b49492a739c9b167e50b2cdde88e70c909a995,953529,949905,1.0,0.01030839926097873,9792,-4.86389811371364,-7.739084618343117,-6.818935274689444,0.0,10,0.010295766418747137,4.802033983033034,-1.1983306271426377,-0.5656981422940941,0.0,0
PKOBP,2017-04,10,linear,,5a418a31520360397201f19473c671e74bbb1e773e2655e646f0ec8b3c7b1e5f,1,953529,949905,1.0,1.263284223159158e-05,12,-9.213372449024986,-6.6765207584983415,-6.414672706544711,0.0,10,xgboost,,1de5de580d2b30d96c88795351b49492a739c9b167e50b2cdde88e70c909a995,953529,949905,1.0,0.01030839926097873,9792,-5.596540752180362,-7.869601940865459,-6.970543186094831,0.0,10,0.010295766418747137,3.616831696844624,-1.1930811823671172,-0.5558704795501201,0.0,0
PKOBP,2017-04,10,linear,,5a418a31520360397201f19473c671e74bbb1e773e2655e646f0ec8b3c7b1e5f,5,953529,949905,1.0,1.263284223159158e-05,12,-9.688714527237645,-6.934110818891503,-6.713393717153858,0.0,10,xgboost,,1de5de580d2b30d96c88795351b49492a739c9b167e50b2cdde88e70c909a995,953529,949905,1.0,0.01030839926097873,9792,-6.146962408536605,-8.133122825459473,-7.276835815885673,0.0,10,0.010295766418747137,3.54175211870104,-1.1990120065679708,-0.5634420987318149,0.0,0
PKOBP,2017-04,20,linear,,b30bfa0f2cbdfdfdcca4ba031265f1c6642346e4298d61f95beda9f56fa86425,0,946426,943074,1.0,9.75533203120858e-05,92,-5.640202154557339,-6.751702092557524,-6.3381757493043915,0.0,10,xgboost,,d154af0db722fe82f1d0452b12b697179c8a30fc15e1cc3878af8355d741323a,946426,943074,1.0,0.03564513495229431,33616,-6.5159719408740395,-7.93258007042489,-6.835706973168493,0.0,10,0.035547581631982225,-0.8757697863167007,-1.1808779778673655,-0.49753122386410187,0.0,0
PKOBP,2017-04,20,linear,,b30bfa0f2cbdfdfdcca4ba031265f1c6642346e4298d61f95beda9f56fa86425,1,946426,943074,1.0,9.75533203120858e-05,92,-6.759617513858173,-6.88433362388272,-6.497371499913248,0.0,10,xgboost,,d154af0db722fe82f1d0452b12b697179c8a30fc15e1cc3878af8355d741323a,946426,943074,1.0,0.03564513495229431,33616,-6.915289500633865,-8.057550699916645,-6.984204859343415,0.0,10,0.035547581631982225,-0.15567198677569127,-1.1732170760339242,-0.48683335943016726,0.0,0
PKOBP,2017-04,20,linear,,b30bfa0f2cbdfdfdcca4ba031265f1c6642346e4298d61f95beda9f56fa86425,5,946426,943074,1.0,9.75533203120858e-05,92,-7.0750206531127615,-7.1475181824471266,-6.799113271714823,0.0,10,xgboost,,d154af0db722fe82f1d0452b12b697179c8a30fc15e1cc3878af8355d741323a,946426,943074,1.0,0.03564513495229431,33616,-7.31765924726303,-8.320680503766086,-7.277305817376151,0.0,10,0.035547581631982225,-0.2426385941502689,-1.1731623213189595,-0.47819254566132763,0.0,0
PKOBP,2017-04,50,linear,,ec9bca18c5d19a5810229f8b225f3179c9033d0f6d08f25c063039a0e5103ed0,0,927506,924613,1.0,0.23774487271972167,219822,-7.5724584541971245,-7.339424658753449,-7.133078505397971,0.0,10,xgboost,,5104153618a9faaff4aa7cfee5205cf8689df433038a2a31052f73bb8b2819e5,927506,924613,1.0,0.24170977479226444,223488,-8.026020537090986,-8.49009304055265,-7.242954657931839,0.0,10,0.00396490207254277,-0.45356208289386135,-1.1506683817991998,-0.10987615253386807,0.0,0
PKOBP,2017-04,50,linear,,ec9bca18c5d19a5810229f8b225f3179c9033d0f6d08f25c063039a0e5103ed0,1,927506,924613,1.0,0.23774487271972167,219822,-7.697839734133918,-7.472053305832766,-7.2826942261029926,0.0,10,xgboost,,5104153618a9faaff4aa7cfee5205cf8689df433038a2a31052f73bb8b2819e5,927506,924613,1.0,0.24170977479226444,223488,-8.14222819119807,-8.608397722866348,-7.392337390416704,0.0,10,0.00396490207254277,-0.44438845706415186,-1.1363444170335821,-0.10964316431371124,0.0,0
PKOBP,2017-04,50,linear,,ec9bca18c5d19a5810229f8b225f3179c9033d0f6d08f25c063039a0e5103ed0,5,927506,924613,1.0,0.23774487271972167,219822,-7.953110731925076,-7.740420199576636,-7.578521418390316,0.0,10,xgboost,,5104153618a9faaff4aa7cfee5205cf8689df433038a2a31052f73bb8b2819e5,927506,924613,1.0,0.24170977479226444,223488,-8.382633028655464,-8.83810960549936,-7.689451631227529,0.0,10,0.00396490207254277,-0.4295222967303882,-1.0976894059227238,-0.11093021283721338,0.0,0
PKOBP,2017-06,10,linear,,0af22dbfdfd7980eb5f6a92ed2eecd9136539a90e22a17a653faf5782279b13a,0,1064414,1060420,1.0,1.9803474095169837e-05,21,-8.810758448851841,-7.6486752268267475,-7.547680425621558,0.0,10,xgboost,,3990960a5476f9f8a91d0bd97899e56d7d47cc4f3500c69fc59bf84922e1b0ff,1064414,1060420,1.0,0.013252296259972464,14053,-6.65832833845939,-9.131593229511632,-8.61673794315023,0.0,10,0.013232492785877294,2.1524301103924506,-1.482918002684884,-1.0690575175286723,0.0,0
PKOBP,2017-06,10,linear,,0af22dbfdfd7980eb5f6a92ed2eecd9136539a90e22a17a653faf5782279b13a,1,1064414,1060420,1.0,1.9803474095169837e-05,21,-10.390797888580117,-7.904201158949931,-7.804832975571396,0.0,10,xgboost,,3990960a5476f9f8a91d0bd97899e56d7d47cc4f3500c69fc59bf84922e1b0ff,1064414,1060420,1.0,0.013252296259972464,14053,-7.817760042929165,-9.337783022772166,-8.82310646986815,0.0,10,0.013232492785877294,2.573037845650952,-1.4335818638222353,-1.0182734942967544,0.0,0
PKOBP,2017-06,10,linear,,0af22dbfdfd7980eb5f6a92ed2eecd9136539a90e22a17a653faf5782279b13a,5,1064414,1060420,1.0,1.9803474095169837e-05,21,-12.112314340117376,-8.32649177888113,-8.249089570921443,0.0,10,xgboost,,3990960a5476f9f8a91d0bd97899e56d7d47cc4f3500c69fc59bf84922e1b0ff,1064414,1060420,1.0,0.013252296259972464,14053,-8.724850162939578,-9.745855307408258,-9.283154165392368,0.0,10,0.013232492785877294,3.3874641771777974,-1.4193635285271284,-1.0340645944709248,0.0,0
PKOBP,2017-06,20,linear,,14852fc95eea0d6b068da81f7ee308258bc079dedd2fa31cb4a5d5cc6a920425,0,1056564,1052806,1.0,0.0002469590788806295,260,-7.20998264403799,-7.963940073722396,-7.6083892484190425,0.0,10,xgboost,,be21d8340d12563c86c0ee94500f051adfb4855812ee0c64435be76306665e39,1056564,1052806,1.0,0.041967845927929744,44184,-7.699819641966364,-9.26498268913094,-8.256404076099063,0.0,10,0.041720886849049114,-0.4898369979283741,-1.3010426154085444,-0.6480148276800204,0.0,0
PKOBP,2017-06,20,linear,,14852fc95eea0d6b068da81f7ee308258bc079dedd2fa31cb4a5d5cc6a920425,1,1056564,1052806,1.0,0.0002469590788806295,260,-8.490573916641509,-8.216971949969073,-7.870715244814447,0.0,10,xgboost,,be21d8340d12563c86c0ee94500f051adfb4855812ee0c64435be76306665e39,1056564,1052806,1.0,0.041967845927929744,44184,-8.221217801138653,-9.448280097380174,-8.471257384181252,0.0,10,0.041720886849049114,0.26935611550285543,-1.2313081474111005,-0.6005421393668051,0.0,0
PKOBP,2017-06,20,linear,,14852fc95eea0d6b068da81f7ee308258bc079dedd2fa31cb4a5d5cc6a920425,5,1056564,1052806,1.0,0.0002469590788806295,260,-8.68935975015855,-8.633695074214225,-8.33139862075968,0.0,10,xgboost,,be21d8340d12563c86c0ee94500f051adfb4855812ee0c64435be76306665e39,1056564,1052806,1.0,0.041967845927929744,44184,-8.901859409378403,-9.829869802336818,-8.948991891866848,0.0,10,0.041720886849049114,-0.21249965921985314,-1.1961747281225925,-0.6175932711071681,0.0,0
PKOBP,2017-06,50,linear,,2adb8ddaf3dcdaadf3dd84c8cbc6e8d5bcbda810a54660b64f309dcef20f428e,0,1034912,1031484,1.0,0.19705007542530956,203254,-8.43994445694505,-8.561790946923114,-8.357824269262004,0.0,10,xgboost,,b81d88796318cb57570f92379a1b76a6cb00db78cf082cb032060333112386cd,1034912,1031484,1.0,0.21311140066157108,219821,-9.095202178607872,-9.525518405402586,-8.585539154827055,0.0,10,0.016061325236261526,-0.6552577216628226,-0.9637274584794717,-0.22771488556505126,0.0,0
PKOBP,2017-06,50,linear,,2adb8ddaf3dcdaadf3dd84c8cbc6e8d5bcbda810a54660b64f309dcef20f428e,1,1034912,1031484,1.0,0.19705007542530956,203254,-8.681262707389507,-8.802557672718882,-8.594833139488047,0.0,10,xgboost,,b81d88796318cb57570f92379a1b76a6cb00db78cf082cb032060333112386cd,1034912,1031484,1.0,0.21311140066157108,219821,-9.274748942114194,-9.703975679444842,-8.778854854279146,0.0,10,0.016061325236261526,-0.5934862347246863,-0.9014180067259598,-0.18402171479109874,0.0,0
PKOBP,2017-06,50,linear,,2adb8ddaf3dcdaadf3dd84c8cbc6e8d5bcbda810a54660b64f309dcef20f428e,5,1034912,1031484,1.0,0.19705007542530956,203254,-9.101210695858926,-9.208414846492248,-9.02348189101871,0.0,10,xgboost,,b81d88796318cb57570f92379a1b76a6cb00db78cf082cb032060333112386cd,1034912,1031484,1.0,0.21311140066157108,219821,-9.661560348756925,-10.057942913787905,-9.207789548173038,0.0,10,0.016061325236261526,-0.5603496528979992,-0.8495280672956564,-0.18430765715432784,0.0,0
PKOBP,2017-09,10,linear,,b038832cf7b8187fa5575cba5a32c39c7ddf966f2b092bb1e1c0f3221bb4200d,0,773577,769006,1.0,1.4304179681302877e-05,11,-6.390191524588122,-6.3495044196751,-5.87711337725119,0.0,10,xgboost,,581b563a1c98ee467489b6900bb85b23a83695053eb6486ab734af6583c9ba29,773577,769006,1.0,0.015460217475546354,11889,-4.3123705114719435,-6.399215938283057,-5.752369450410604,0.0,10,0.015445913295865052,2.0778210131161785,-0.04971151860795775,0.1247439268405861,0.0,0
PKOBP,2017-09,10,linear,,b038832cf7b8187fa5575cba5a32c39c7ddf966f2b092bb1e1c0f3221bb4200d,1,773577,769006,1.0,1.4304179681302877e-05,11,-7.407424054374777,-6.530899582313987,-6.050516724263764,0.0,10,xgboost,,581b563a1c98ee467489b6900bb85b23a83695053eb6486ab734af6583c9ba29,773577,769006,1.0,0.015460217475546354,11889,-5.195432609985539,-6.582902178693831,-5.924031785566726,0.0,10,0.015445913295865052,2.2119914443892386,-0.05200259637984406,0.12648493869703792,0.0,0
PKOBP,2017-09,10,linear,,b038832cf7b8187fa5575cba5a32c39c7ddf966f2b092bb1e1c0f3221bb4200d,5,773577,769006,1.0,1.4304179681302877e-05,11,-8.926810089214705,-6.8278699757283325,-6.321136421573671,0.0,10,xgboost,,581b563a1c98ee467489b6900bb85b23a83695053eb6486ab734af6583c9ba29,773577,769006,1.0,0.015460217475546354,11889,-5.783177453486065,-6.91262894835742,-6.276530925408941,0.0,10,0.015445913295865052,3.1436326357286397,-0.08475897262908738,0.04460549616473042,0.0,0
PKOBP,2017-09,20,linear,,1be2c2e5ed48000a834f651977ac3b40f66494de5201e3ecfa68ea318ea293a2,0,764588,760308,1.0,0.00024858346880474755,189,-5.609962062203332,-6.430042666555193,-5.9546670874790015,0.0,10,xgboost,,07787f330ed06e0845dfdabd65e128be64cc96db0168a769d9c5e08f05064529,764588,760308,1.0,0.05344413053657202,40634,-4.837471383303819,-6.639921441990396,-5.889346488800867,0.0,10,0.053195547067767274,0.772490678899513,-0.20987877543520295,0.06532059867813444,0.0,0
PKOBP,2017-09,20,linear,,1be2c2e5ed48000a834f651977ac3b40f66494de5201e3ecfa68ea318ea293a2,1,764588,760308,1.0,0.00024858346880474755,189,-6.542018076999329,-6.611988737010519,-6.130256292029914,0.0,10,xgboost,,07787f330ed06e0845dfdabd65e128be64cc96db0168a769d9c5e08f05064529,764588,760308,1.0,0.05344413053657202,40634,-5.26076796406164,-6.819558106969877,-6.073007736477872,0.0,10,0.053195547067767274,1.2812501129376894,-0.2075693699593586,0.05724855555204211,0.0,0
PKOBP,2017-09,20,linear,,1be2c2e5ed48000a834f651977ac3b40f66494de5201e3ecfa68ea318ea293a2,5,764588,760308,1.0,0.00024858346880474755,189,-7.195463115762965,-6.92388424853249,-6.415863612877293,0.0,10,xgboost,,07787f330ed06e0845dfdabd65e128be64cc96db0168a769d9c5e08f05064529,764588,760308,1.0,0.05344413053657202,40634,-5.790587140976144,-7.148321485017085,-6.413518269279612,0.0,10,0.053195547067767274,1.4048759747868207,-0.22443723648459546,0.0023453435976810155,0.0,0
PKOBP,2017-09,50,linear,,35263fb5d172f23038792ff3ababa63dbe8f213a445898af76203e89039915a5,0,740815,737220,1.0,0.22181167087165296,163524,-6.640609846534753,-6.6391006225294475,-6.34339472006922,0.0,10,xgboost,,2202a2f989f50bfc613b59456ba9e84355ab0c20856371c4e29add4a09c62a54,740815,737220,1.0,0.21818995686497925,160854,-6.860694412975562,-7.174564951303868,-6.385915282661562,0.0,10,-0.0036217140066737152,-0.22008456644080887,-0.5354643287744203,-0.04252056259234216,0.0,0
PKOBP,2017-09,50,linear,,35263fb5d172f23038792ff3ababa63dbe8f213a445898af76203e89039915a5,1,740815,737220,1.0,0.22181167087165296,163524,-6.803423343889386,-6.819351310474592,-6.516704866528095,0.0,10,xgboost,,2202a2f989f50bfc613b59456ba9e84355ab0c20856371c4e29add4a09c62a54,740815,737220,1.0,0.21818995686497925,160854,-7.017342450994251,-7.334023097812974,-6.563670066522178,0.0,10,-0.0036217140066737152,-0.21391910710486517,-0.5146717873383819,-0.046965199994082774,0.0,0
PKOBP,2017-09,50,linear,,35263fb5d172f23038792ff3ababa63dbe8f213a445898af76203e89039915a5,5,740815,737220,1.0,0.22181167087165296,163524,-7.092470802274215,-7.137664755323158,-6.811763091919327,0.0,10,xgboost,,2202a2f989f50bfc613b59456ba9e84355ab0c20856371c4e29add4a09c62a54,740815,737220,1.0,0.21818995686497925,160854,-7.321279270302058,-7.637873147578221,-6.901439513238922,0.0,10,-0.0036217140066737152,-0.22880846802784305,-0.5002083922550629,-0.08967642131959508,0.0,0
PKOBP,2017-11,10,linear,,7d200fa76e6793130f86c5f86bebca9924b2bf3830e2107edd59854376d40bbe,0,912408,908843,1.0,1.2103300570065457e-05,11,-14.01955374111791,-5.6537521583401915,-5.237198632266943,0.0,10,xgboost,,a15a25c516958db3af6931dd899f0a4e966baae2aa4ba40554f8736939fc95d8,912408,908843,1.0,0.010812648609275749,9827,-6.348214658920044,-6.260441488146148,-6.783773222236997,0.0,10,0.010800545308705684,7.671339082197866,-0.6066893298059561,-1.5465745899700538,0.0,0
PKOBP,2017-11,10,linear,,7d200fa76e6793130f86c5f86bebca9924b2bf3830e2107edd59854376d40bbe,1,912408,908843,1.0,1.2103300570065457e-05,11,-14.485465882143961,-5.81854028677058,-5.419210216297718,0.0,10,xgboost,,a15a25c516958db3af6931dd899f0a4e966baae2aa4ba40554f8736939fc95d8,912408,908843,1.0,0.010812648609275749,9827,-7.081591642467051,-6.417776655729098,-6.921956221161768,0.0,10,0.010800545308705684,7.40387423967691,-0.5992363689585174,-1.5027460048640497,0.0,0
PKOBP,2017-11,10,linear,,7d200fa76e6793130f86c5f86bebca9924b2bf3830e2107edd59854376d40bbe,5,912408,908843,1.0,1.2103300570065457e-05,11,-14.949092655417974,-6.079663089791803,-5.723566022339745,0.0,10,xgboost,,a15a25c516958db3af6931dd899f0a4e966baae2aa4ba40554f8736939fc95d8,912408,908843,1.0,0.010812648609275749,9827,-7.381809988453126,-6.660688896933566,-7.148850708430743,0.0,10,0.010800545308705684,7.567282666964848,-0.5810258071417627,-1.4252846860909978,0.0,0
PKOBP,2017-11,20,linear,,57166641049818cd24767cb3be1f2ad45c2b55ffdc1a8b53268a7294845e2afd,0,905401,902061,1.0,0.0004656004416552761,420,-3.01525425899925,-5.761826991061765,-5.33612569463741,0.0,10,xgboost,,ba76209b694c2c924d02d222172ab35c64f134041a4fb9246820a697df445fb6,905401,902061,1.0,0.03949400317716873,35626,-5.819119009854831,-6.211170070370134,-6.572177786868095,0.0,10,0.03902840273551345,-2.803864750855581,-0.4493430793083686,-1.2360520922306852,0.0,0
PKOBP,2017-11,20,linear,,57166641049818cd24767cb3be1f2ad45c2b55ffdc1a8b53268a7294845e2afd,1,905401,902061,1.0,0.0004656004416552761,420,-3.4753562729966543,-5.924556883239787,-5.515454354284467,0.0,10,xgboost,,ba76209b694c2c924d02d222172ab35c64f134041a4fb9246820a697df445fb6,905401,902061,1.0,0.03949400317716873,35626,-6.22421989015925,-6.36943977326427,-6.7123104035001475,0.0,10,0.03902840273551345,-2.7488636171625958,-0.4448828900244832,-1.1968560492156808,0.0,0
PKOBP,2017-11,20,linear,,57166641049818cd24767cb3be1f2ad45c2b55ffdc1a8b53268a7294845e2afd,5,905401,902061,1.0,0.0004656004416552761,420,-4.192947998898595,-6.185468566721405,-5.8320919351557015,0.0,10,xgboost,,ba76209b694c2c924d02d222172ab35c64f134041a4fb9246820a697df445fb6,905401,902061,1.0,0.03949400317716873,35626,-6.579305470590348,-6.614899008427965,-6.963214422368543,0.0,10,0.03902840273551345,-2.3863574716917526,-0.4294304417065602,-1.1311224872128411,0.0,0
PKOBP,2017-11,50,linear,,02bed851f99142db93a6fbd9a8cce7f12d54ad8c371f7fe0ddb877ce0994b260,0,886640,883768,1.0,0.22791275538376587,201422,-6.047739698920996,-5.925837496999409,-5.877733170930654,0.0,10,xgboost,,2f524ef7aab8c3e6f568bb7212014890787ceffc1ccf255a5f22bd2c2975de7d,886640,883768,1.0,0.19898661187098876,175858,-6.709666892392951,-6.628180076082618,-6.714985304594136,0.0,10,-0.028926143512777114,-0.6619271934719553,-0.7023425790832087,-0.8372521336634824,0.0,0
PKOBP,2017-11,50,linear,,02bed851f99142db93a6fbd9a8cce7f12d54ad8c371f7fe0ddb877ce0994b260,1,886640,883768,1.0,0.22791275538376587,201422,-6.2027256675823,-6.091174971086815,-6.038979171550641,0.0,10,xgboost,,2f524ef7aab8c3e6f568bb7212014890787ceffc1ccf255a5f22bd2c2975de7d,886640,883768,1.0,0.19898661187098876,175858,-6.851180650757497,-6.7684454885305785,-6.859637506457143,0.0,10,-0.028926143512777114,-0.6484549831751973,-0.6772705174437634,-0.8206583349065024,0.0,0
PKOBP,2017-11,50,linear,,02bed851f99142db93a6fbd9a8cce7f12d54ad8c371f7fe0ddb877ce0994b260,5,886640,883768,1.0,0.22791275538376587,201422,-6.467634854535214,-6.368773583446059,-6.312259946353809,0.0,10,xgboost,,2f524ef7aab8c3e6f568bb7212014890787ceffc1ccf255a5f22bd2c2975de7d,886640,883768,1.0,0.19898661187098876,175858,-7.09246463814276,-7.0212836955774245,-7.103899146068282,0.0,10,-0.028926143512777114,-0.624829783607546,-0.6525101121313659,-0.7916391997144734,0.0,0
PZU,2017-04,10,linear,,f8a2bb520230cfa8f6278ddc1a2d4823d0962d241a31c8accc10d62d4137f355,0,956762,952639,1.0,3.359089854603895e-05,32,-7.952518562758011,-4.9349011378069125,-4.693827951930328,0.0,10,xgboost,,ad4e7c97fcea943418442ad03ac89a2af84c2bdcefc02de954543e22639b0d46,956762,952639,1.0,0.014460881824069769,13776,-4.752655456695903,-6.1943505017822025,-5.634163622929073,0.0,10,0.01442729092552373,3.199863106062108,-1.25944936397529,-0.9403356709987447,0.0,0
PZU,2017-04,10,linear,,f8a2bb520230cfa8f6278ddc1a2d4823d0962d241a31c8accc10d62d4137f355,1,956762,952639,1.0,3.359089854603895e-05,32,-9.436831337266863,-5.120847878726574,-4.874115975146768,0.0,10,xgboost,,ad4e7c97fcea943418442ad03ac89a2af84c2bdcefc02de954543e22639b0d46,956762,952639,1.0,0.014460881824069769,13776,-5.510374554929718,-6.367768896383359,-5.8042408313094125,0.0,10,0.01442729092552373,3.9264567823371452,-1.2469210176567858,-0.9301248561626441,0.0,0
PZU,2017-04,10,linear,,f8a2bb520230cfa8f6278ddc1a2d4823d0962d241a31c8accc10d62d4137f355,5,956762,952639,1.0,3.359089854603895e-05,32,-9.23418989111131,-5.403076423825792,-5.206316534141369,0.0,10,xgboost,,ad4e7c97fcea943418442ad03ac89a2af84c2bdcefc02de954543e22639b0d46,956762,952639,1.0,0.014460881824069769,13776,-5.990251923804094,-6.615470705151986,-6.148340739849147,0.0,10,0.01442729092552373,3.2439379673072155,-1.212394281326194,-0.9420242057077788,0.0,0
PZU,2017-04,20,linear,,d2393706411c899913cc72ff7fa9aba60d3fd30d4326ee061dbc8a307544a948,0,948659,944822,1.0,0.014465158516630645,13667,-2.6833476013233133,-5.020409891086563,-4.625360808256381,0.0,10,xgboost,,9a90d1facea1e0561e590f1562cb98c6223eee9ba726475b6f3b6f2b6b36e4d3,948659,944822,1.0,0.06870288795138133,64912,-5.058348168712128,-6.491417613769427,-5.3655986580083175,0.0,10,0.05423772943475068,-2.375000567388815,-1.471007722682864,-0.7402378497519368,0.0,0
PZU,2017-04,20,linear,,d2393706411c899913cc72ff7fa9aba60d3fd30d4326ee061dbc8a307544a948,1,948659,944822,1.0,0.014465158516630645,13667,-2.9610515879920256,-5.205589350544497,-4.810800840312056,0.0,10,xgboost,,9a90d1facea1e0561e590f1562cb98c6223eee9ba726475b6f3b6f2b6b36e4d3,948659,944822,1.0,0.06870288795138133,64912,-5.369819520553489,-6.637857811129947,-5.546215676080229,0.0,10,0.05423772943475068,-2.4087679325614633,-1.4322684605854494,-0.7354148357681733,0.0,0
PZU,2017-04,20,linear,,d2393706411c899913cc72ff7fa9aba60d3fd30d4326ee061dbc8a307544a948,5,948659,944822,1.0,0.014465158516630645,13667,-3.450231249185932,-5.491673931931821,-5.161632060925374,0.0,10,xgboost,,9a90d1facea1e0561e590f1562cb98c6223eee9ba726475b6f3b6f2b6b36e4d3,948659,944822,1.0,0.06870288795138133,64912,-5.74630997902085,-6.860211474834248,-5.892714423728695,0.0,10,0.05423772943475068,-2.2960787298349183,-1.368537542902427,-0.7310823628033205,0.0,0
PZU,2017-04,50,linear,,412f972a9e4129bd08d5979cc6c4f46d47a3339d54e082255f4820b61181bbd6,0,927045,923719,1.0,0.31947486194394614,295105,-5.874801248258493,-5.359598422500586,-4.68244497362326,0.0,10,xgboost,,f4848c8f1b124de083453dcaf15218b041df020d81ac2420b8c62bd6d051b1b9,927045,923719,1.0,0.27036468882852904,249741,-6.881347333237302,-6.921144741555165,-5.925216660302491,0.0,10,-0.0491101731154171,-1.006546084978809,-1.561546319054579,-1.242771686679231,0.0,0
PZU,2017-04,50,linear,,412f972a9e4129bd08d5979cc6c4f46d47a3339d54e082255f4820b61181bbd6,1,927045,923719,1.0,0.31947486194394614,295105,-6.010212221634441,-5.530634480777819,-4.871145451800203,0.0,10,xgboost,,f4848c8f1b124de083453dcaf15218b041df020d81ac2420b8c62bd6d051b1b9,927045,923719,1.0,0.27036468882852904,249741,-6.997696218939684,-7.043490808030846,-6.088230205346606,0.0,10,-0.0491101731154171,-0.9874839973052429,-1.5128563272530267,-1.2170847535464029,0.0,0
PZU,2017-04,50,linear,,412f972a9e4129bd08d5979cc6c4f46d47a3339d54e082255f4820b61181bbd6,5,927045,923719,1.0,0.31947486194394614,295105,-6.265348728869217,-5.790035738209529,-5.236087244393821,0.0,10,xgboost,,f4848c8f1b124de083453dcaf15218b041df020d81ac2420b8c62bd6d051b1b9,927045,923719,1.0,0.27036468882852904,249741,-7.202039438078068,-7.211908670808582,-6.399581777026502,0.0,10,-0.0491101731154171,-0.9366907092088512,-1.4218729325990536,-1.163494532632681,0.0,0
PZU,2017-06,10,linear,,3e81f65f1a24259ed9f38a5fc277d068dc37b00e37ba3990d1adec159337dab8,0,970463,970358,1.0,2.6794234705129448e-05,26,-13.26096056617008,-6.117984649578165,-5.958577518655927,0.0,10,xgboost,,f5cd5e99c454c916783a95072699b2251206a0a15d81d53e34df3addaf0e5576,970463,970358,1.0,0.013275512748902983,12882,-3.5367401189526615,-7.036016696156909,-7.1093566961666665,0.0,10,0.013248718514197854,9.72422044721742,-0.9180320465787437,-1.1507791775107394,0.0,0
PZU,2017-06,10,linear,,3e81f65f1a24259ed9f38a5fc277d068dc37b00e37ba3990d1adec159337dab8,1,970463,970358,1.0,2.6794234705129448e-05,26,-12.484304049489612,-6.37524020690038,-6.193012498334267,0.0,10,xgboost,,f5cd5e99c454c916783a95072699b2251206a0a15d81d53e34df3addaf0e5576,970463,970358,1.0,0.013275512748902983,12882,-4.690864861291327,-7.300454158613056,-7.324295377765029,0.0,10,0.013248718514197854,7.793439188198286,-0.9252139517126761,-1.1312828794307626,0.0,0
PZU,2017-06,10,linear,,3e81f65f1a24259ed9f38a5fc277d068dc37b00e37ba3990d1adec159337dab8,5,970463,970358,1.0,2.6794234705129448e-05,26,-13.169595247365951,-6.714046051092606,-6.610087765180388,0.0,10,xgboost,,f5cd5e99c454c916783a95072699b2251206a0a15d81d53e34df3addaf0e5576,970463,970358,1.0,0.013275512748902983,12882,-5.46126325603253,-7.685470144345408,-7.767851184937956,0.0,10,0.013248718514197854,7.708331991333421,-0.9714240932528018,-1.1577634197575675,0.0,0
PZU,2017-06,20,linear,,ba2aec8520f327c57ad3ee398dc8ac76c05d61c1394eb5618b2113d5955397cd,0,970253,970148,1.0,0.0005586776450603413,542,-4.757038487597504,-6.31082999958853,-5.993389789715188,0.0,10,xgboost,,935727d4b49dc2444a5d9fce28a02e721cd586de66c8af16a4b6b1af5fe96600,970253,970148,1.0,0.039510466444295095,38331,-4.812660395537908,-7.399992196471376,-7.039464643059415,0.0,10,0.038951788799234756,-0.055621907940404114,-1.089162196882846,-1.0460748533442272,0.0,0
PZU,2017-06,20,linear,,ba2aec8520f327c57ad3ee398dc8ac76c05d61c1394eb5618b2113d5955397cd,1,970253,970148,1.0,0.0005586776450603413,542,-5.486617585858911,-6.56502831648068,-6.230181961162735,0.0,10,xgboost,,935727d4b49dc2444a5d9fce28a02e721cd586de66c8af16a4b6b1af5fe96600,970253,970148,1.0,0.039510466444295095,38331,-5.4141870790196736,-7.629655934115101,-7.237502582621332,0.0,10,0.038951788799234756,0.07243050683923702,-1.0646276176344216,-1.0073206214585966,0.0,0
PZU,2017-06,20,linear,,ba2aec8520f327c57ad3ee398dc8ac76c05d61c1394eb5618b2113d5955397cd,5,970253,970148,1.0,0.0005586776450603413,542,-5.968496133405412,-6.911788882810708,-6.6658667314191575,0.0,10,xgboost,,935727d4b49dc2444a5d9fce28a02e721cd586de66c8af16a4b6b1af5fe96600,970253,970148,1.0,0.039510466444295095,38331,-5.980724030787537,-7.979187941618344,-7.653721096722874,0.0,10,0.038951788799234756,-0.012227897382125263,-1.067399058807636,-0.9878543653037166,0.0,0
PZU,2017-06,50,linear,,9cf7adec707c3062f549b57be61014b20055d38611c75debf1f4f234bbe15663,0,969623,969518,1.0,0.1652119919382621,160176,-6.338142897329678,-6.9556851757836045,-6.228947456082404,0.0,10,xgboost,,a7454416a3f33d7cfc653d89bea3fcd09ecffc0af1fc90ed5c11812f67b9280e,969623,969518,1.0,0.1455465499351224,141110,-7.744453135775248,-8.246432609186423,-7.7230075942008245,0.0,10,-0.019665442003139716,-1.4063102384455703,-1.2907474334028182,-1.4940601381184209,0.0,0
PZU,2017-06,50,linear,,9cf7adec707c3062f549b57be61014b20055d38611c75debf1f4f234bbe15663,1,969623,969518,1.0,0.1652119919382621,160176,-6.599169853020651,-7.197897165704413,-6.46320667510149,0.0,10,xgboost,,a7454416a3f33d7cfc653d89bea3fcd09ecffc0af1fc90ed5c11812f67b9280e,969623,969518,1.0,0.1455465499351224,141110,-7.942506814500515,-8.401044406622956,-7.888544514248226,0.0,10,-0.019665442003139716,-1.3433369614798636,-1.2031472409185433,-1.425337839146736,0.0,0
PZU,2017-06,50,linear,,9cf7adec707c3062f549b57be61014b20055d38611c75debf1f4f234bbe15663,5,969623,969518,1.0,0.1652119919382621,160176,-6.987858414358685,-7.514188462169671,-6.907154719773435,0.0,10,xgboost,,a7454416a3f33d7cfc653d89bea3fcd09ecffc0af1fc90ed5c11812f67b9280e,969623,969518,1.0,0.1455465499351224,141110,-8.256322092323707,-8.644325839545282,-8.246090022131272,0.0,10,-0.019665442003139716,-1.2684636779650216,-1.1301373773756103,-1.3389353023578368,0.0,0
PZU,2017-09,10,linear,,63af3a44280acabc6261ec165558f82f4565866f39d5c178036f5e2a981a9fd3,0,771171,771066,1.0,2.593811684084112e-06,2,-6.333122372682203,-4.3148801665861996,-4.212843414282039,0.0,10,xgboost,,6578a7da8ce2fa5fe5136693937187b6b78487f4f2056a43e0da2423a7ab2487,771171,771066,1.0,0.008754114433783879,6750,-2.5332904392372013,-4.317368562759991,-4.274599336401264,0.0,10,0.008751520622099794,3.7998319334450015,-0.002488396173791152,-0.061755922119225204,0.0,0
PZU,2017-09,10,linear,,63af3a44280acabc6261ec165558f82f4565866f39d5c178036f5e2a981a9fd3,1,771171,771066,1.0,2.593811684084112e-06,2,-6.333122372682203,-4.470779338997001,-4.328301877862822,0.0,10,xgboost,,6578a7da8ce2fa5fe5136693937187b6b78487f4f2056a43e0da2423a7ab2487,771171,771066,1.0,0.008754114433783879,6750,-3.242904839007325,-4.472660087491611,-4.398234888155002,0.0,10,0.008751520622099794,3.0902175336748776,-0.0018807484946092856,-0.06993301029218024,0.0,0
PZU,2017-09,10,linear,,63af3a44280acabc6261ec165558f82f4565866f39d5c178036f5e2a981a9fd3,5,771171,771066,1.0,2.593811684084112e-06,2,-6.386462068150787,-4.741432574927422,-4.526166499935424,0.0,10,xgboost,,6578a7da8ce2fa5fe5136693937187b6b78487f4f2056a43e0da2423a7ab2487,771171,771066,1.0,0.008754114433783879,6750,-3.567939432468082,-4.746659330284596,-4.642480442722454,0.0,10,0.008751520622099794,2.818522635682705,-0.0052267553571745395,-0.11631394278703056,0.0,0
PZU,2017-09,20,linear,,8c5e1b360dca1b585c45ba73daea40618e3cb8f440c9b8db4d700df96334cd4d,0,770961,770856,1.0,2.9836960469919154e-05,23,-3.8447688276158867,-4.343133521266899,-4.183328511606541,0.0,10,xgboost,,ea2e5dbba7772f7b903c64596d517d1a5059f1af2cab44a0873a1e6c68d3930d,770961,770856,1.0,0.03733641562107579,28781,-3.295184304679003,-4.681282094958249,-4.2403194245582885,0.0,10,0.037306578660605876,0.5495845229368839,-0.3381485736913499,-0.05699091295174785,0.0,0
PZU,2017-09,20,linear,,8c5e1b360dca1b585c45ba73daea40618e3cb8f440c9b8db4d700df96334cd4d,1,770961,770856,1.0,2.9836960469919154e-05,23,-5.4997439991708905,-4.498238133621149,-4.302870955469586,0.0,10,xgboost,,ea2e5dbba7772f7b903c64596d517d1a5059f1af2cab44a0873a1e6c68d3930d,770961,770856,1.0,0.03733641562107579,28781,-3.6545276512302136,-4.829815408262891,-4.36457548678423,0.0,10,0.037306578660605876,1.845216347940677,-0.3315772746417416,-0.061704531314644484,0.0,0
PZU,2017-09,20,linear,,8c5e1b360dca1b585c45ba73daea40618e3cb8f440c9b8db4d700df96334cd4d,5,770961,770856,1.0,2.9836960469919154e-05,23,-5.948730582893322,-4.776214826248451,-4.518211809560043,0.0,10,xgboost,,ea2e5dbba7772f7b903c64596d517d1a5059f1af2cab44a0873a1e6c68d3930d,770961,770856,1.0,0.03733641562107579,28781,-3.9842442317095603,-5.090144380828068,-4.611052733210044,0.0,10,0.037306578660605876,1.964486351183762,-0.3139295545796168,-0.09284092365000074,0.0,0
PZU,2017-09,50,linear,,593bf7bbf2073eacc0635ac21a1503bec4f0f37c466ad25ade50ac455e38e4c6,0,770331,770226,1.0,0.14957687743597334,115208,-4.154265669280663,-4.570112303385602,-4.35982059544379,0.0,10,xgboost,,7c5c8972766dd7affefa4d3449a55aedc8983a295d7e8af67c701d2e341378b8,770331,770226,1.0,0.1540171326337984,118628,-4.8385670218343835,-5.166210840996453,-5.148963328064539,0.0,10,0.004440255197825066,-0.68430135255372,-0.5960985376108514,-0.789142732620749,0.0,0
PZU,2017-09,50,linear,,593bf7bbf2073eacc0635ac21a1503bec4f0f37c466ad25ade50ac455e38e4c6,1,770331,770226,1.0,0.14957687743597334,115208,-4.316924117343072,-4.72678194294385,-4.484161197498195,0.0,10,xgboost,,7c5c8972766dd7affefa4d3449a55aedc8983a295d7e8af67c701d2e341378b8,770331,770226,1.0,0.1540171326337984,118628,-4.9750083170994746,-5.295297743066957,-5.248020836958465,0.0,10,0.004440255197825066,-0.6580841997564022,-0.568515800123107,-0.7638596394602697,0.0,0
PZU,2017-09,50,linear,,593bf7bbf2073eacc0635ac21a1503bec4f0f37c466ad25ade50ac455e38e4c6,5,770331,770226,1.0,0.14957687743597334,115208,-4.606677411758585,-5.017107712606978,-4.711264456304434,0.0,10,xgboost,,7c5c8972766dd7affefa4d3449a55aedc8983a295d7e8af67c701d2e341378b8,770331,770226,1.0,0.1540171326337984,118628,-5.2266941934781075,-5.542522994712788,-5.452939570401933,0.0,10,0.004440255197825066,-0.6200167817195226,-0.5254152821058096,-0.7416751140974984,0.0,0
PZU,2017-11,10,linear,,a7b3a423d95cf147a0486ab0bb3739f9f2473dcfe6a8c8def02532b0fcc77279,0,883585,883480,1.0,9.055100285235659e-06,8,-5.926504059639939,-5.427019371695294,-4.794154826234693,0.0,10,xgboost,,4e29a608b47baf27a9abc50175e9b95ac33e060299fff3a10fc8ecb9a1df2a61,883585,883480,1.0,0.0026339022954679223,2327,-4.237049030569197,-6.181004247500722,-5.332974990772481,0.0,10,0.0026248471951826865,1.689455029070742,-0.7539848758054282,-0.5388201645377881,0.0,0
PZU,2017-11,10,linear,,a7b3a423d95cf147a0486ab0bb3739f9f2473dcfe6a8c8def02532b0fcc77279,1,883585,883480,1.0,9.055100285235659e-06,8,-8.560956895257275,-5.5445944466031625,-4.965503712974142,0.0,10,xgboost,,4e29a608b47baf27a9abc50175e9b95ac33e060299fff3a10fc8ecb9a1df2a61,883585,883480,1.0,0.0026339022954679223,2327,-5.456975710383028,-6.3020517311840205,-5.503716354656941,0.0,10,0.0026248471951826865,3.1039811848742476,-0.757457284580858,-0.538212641682799,0.0,0
PZU,2017-11,10,linear,,a7b3a423d95cf147a0486ab0bb3739f9f2473dcfe6a8c8def02532b0fcc77279,5,883585,883480,1.0,9.055100285235659e-06,8,-8.833317485696455,-5.730156885425931,-5.2575150113247675,0.0,10,xgboost,,4e29a608b47baf27a9abc50175e9b95ac33e060299fff3a10fc8ecb9a1df2a61,883585,883480,1.0,0.0026339022954679223,2327,-6.092841152778779,-6.495981057605696,-5.83473084956574,0.0,10,0.0026248471951826865,2.740476332917676,-0.765824172179765,-0.5772158382409724,0.0,0
PZU,2017-11,20,linear,,5eec291305e40a9d0b4f0ef8bfc845da814fb0ac564e55d60a380d5679af464d,0,883375,883270,1.0,6.0004302195251736e-05,53,-7.427478266656872,-5.5780100244139215,-4.863124747654842,0.0,10,xgboost,,a81c71838975d4ca2167110092b61d1f080fa57be7c96989adf1cd732a1552ee,883375,883270,1.0,0.014363671357569033,12687,-3.952896259355807,-6.459778888260759,-5.387991582510955,0.0,10,0.014303667055373781,3.4745820073010654,-0.8817688638468377,-0.5248668348561125,0.0,0
PZU,2017-11,20,linear,,5eec291305e40a9d0b4f0ef8bfc845da814fb0ac564e55d60a380d5679af464d,1,883375,883270,1.0,6.0004302195251736e-05,53,-7.86550146012982,-5.696993815851456,-5.03557328556891,0.0,10,xgboost,,a81c71838975d4ca2167110092b61d1f080fa57be7c96989adf1cd732a1552ee,883375,883270,1.0,0.014363671357569033,12687,-4.5667102808340045,-6.573194823753605,-5.550661387872062,0.0,10,0.014303667055373781,3.298791179295815,-0.8762010079021492,-0.5150881023031522,0.0,0
PZU,2017-11,20,linear,,5eec291305e40a9d0b4f0ef8bfc845da814fb0ac564e55d60a380d5679af464d,5,883375,883270,1.0,6.0004302195251736e-05,53,-8.034222513047443,-5.889618037975146,-5.340590278780957,0.0,10,xgboost,,a81c71838975d4ca2167110092b61d1f080fa57be7c96989adf1cd732a1552ee,883375,883270,1.0,0.014363671357569033,12687,-5.069556362156066,-6.755944782235914,-5.8723914899804495,0.0,10,0.014303667055373781,2.964666150891376,-0.8663267442607676,-0.5318012111994923,0.0,0
PZU,2017-11,50,linear,,bba9f8eea049bcaa043be831544df3bfe1cde7929c8174968fd893fec015f456,0,882745,882640,1.0,0.08581641439318409,75745,-4.5217305152114315,-5.967630569546878,-5.168096457506131,0.0,10,xgboost,,d0930d9f3edc08196314733e30605a7253d50f94f433473c794c78bb8666289f,882745,882640,1.0,0.08560001812743587,75554,-5.836524259927982,-7.062502504661022,-6.382586653352493,0.0,10,-0.00021639626574822268,-1.3147937447165505,-1.0948719351141438,-1.2144901958463619,0.0,0
PZU,2017-11,50,linear,,bba9f8eea049bcaa043be831544df3bfe1cde7929c8174968fd893fec015f456,1,882745,882640,1.0,0.08581641439318409,75745,-4.725898292522029,-6.080196869627788,-5.333633624450014,0.0,10,xgboost,,d0930d9f3edc08196314733e30605a7253d50f94f433473c794c78bb8666289f,882745,882640,1.0,0.08560001812743587,75554,-6.0240912155517865,-7.156316968658315,-6.511101890925281,0.0,10,-0.00021639626574822268,-1.2981929230297578,-1.0761200990305264,-1.177468266475267,0.0,0
PZU,2017-11,50,linear,,bba9f8eea049bcaa043be831544df3bfe1cde7929c8174968fd893fec015f456,5,882745,882640,1.0,0.08581641439318409,75745,-5.058025253821368,-6.2733495106880675,-5.624360160471902,0.0,10,xgboost,,d0930d9f3edc08196314733e30605a7253d50f94f433473c794c78bb8666289f,882745,882640,1.0,0.08560001812743587,75554,-6.305128883037994,-7.3224613589706316,-6.754066063344586,0.0,10,-0.00021639626574822268,-1.2471036292166255,-1.049111848282564,-1.1297059028726846,0.0,0
PEKAO,2017-04,10,linear,,ca88699c64743c9402c5dbfb2ad37df6ffd0196fa958bbeba30735232cac7d5f,0,579536,579446,1.0,9.31924631458324e-05,54,-9.417031580341325,-5.886448186903087,-5.961197548556305,0.0,10,xgboost,,5a78fc65c4a25c1c0e9512d15a26a8c67d70c728f42bb8c84966ce44ca488d9e,579536,579446,1.0,0.037546207929643145,21756,-5.590751262552469,-6.322427824870287,-6.466340200981677,0.0,10,0.03745301546649731,3.8262803177888562,-0.43597963796719963,-0.5051426524253726,0.0,0
PEKAO,2017-04,10,linear,,ca88699c64743c9402c5dbfb2ad37df6ffd0196fa958bbeba30735232cac7d5f,1,579536,579446,1.0,9.31924631458324e-05,54,-10.661762320311235,-6.217428784729185,-6.2073547587472016,0.0,10,xgboost,,5a78fc65c4a25c1c0e9512d15a26a8c67d70c728f42bb8c84966ce44ca488d9e,579536,579446,1.0,0.037546207929643145,21756,-6.486228008432864,-6.659740917537272,-6.754086263167539,0.0,10,0.03745301546649731,4.175534311878371,-0.44231213280808745,-0.5467315044203378,0.0,0
PEKAO,2017-04,10,linear,,ca88699c64743c9402c5dbfb2ad37df6ffd0196fa958bbeba30735232cac7d5f,5,579536,579446,1.0,9.31924631458324e-05,54,-10.238559825781644,-6.619680376204176,-6.631246412092557,0.0,10,xgboost,,5a78fc65c4a25c1c0e9512d15a26a8c67d70c728f42bb8c84966ce44ca488d9e,579536,579446,1.0,0.037546207929643145,21756,-7.102105466797495,-7.14724045320029,-7.196912485021568,0.0,10,0.03745301546649731,3.1364543589841496,-0.5275600769961137,-0.5656660729290106,0.0,0
PEKAO,2017-04,20,linear,,05831c03be1c5fa861e971049d21af675e813f651763de9910471c580ccfd44d,0,579356,579266,1.0,0.08812359088915973,51047,-4.809030781221839,-5.839205962341141,-5.892528387018218,0.0,10,xgboost,,b5c2eea7589da8eb34ba86498b25753e91416d4c167d191957cbc9688556fad6,579356,579266,1.0,0.12818463365707636,74253,-5.918306225021612,-6.2306255232701515,-6.4773612871483515,0.0,10,0.040061042767916624,-1.1092754437997732,-0.39141956092901076,-0.5848329001301336,0.0,0
PEKAO,2017-04,20,linear,,05831c03be1c5fa861e971049d21af675e813f651763de9910471c580ccfd44d,1,579356,579266,1.0,0.08812359088915973,51047,-5.255782004023483,-6.1767664052859175,-6.137088843442312,0.0,10,xgboost,,b5c2eea7589da8eb34ba86498b25753e91416d4c167d191957cbc9688556fad6,579356,579266,1.0,0.12818463365707636,74253,-6.305924749802226,-6.561718888111099,-6.717013295230351,0.0,10,0.040061042767916624,-1.050142745778743,-0.3849524828251818,-0.5799244517880391,0.0,0
PEKAO,2017-04,20,linear,,05831c03be1c5fa861e971049d21af675e813f651763de9910471c580ccfd44d,5,579356,579266,1.0,0.08812359088915973,51047,-5.8354044324679,-6.596699105926309,-6.5709544649846565,0.0,10,xgboost,,b5c2eea7589da8eb34ba86498b25753e91416d4c167d191957cbc9688556fad6,579356,579266,1.0,0.12818463365707636,74253,-6.821687802488599,-7.045045098579921,-7.1305642777688965,0.0,10,0.040061042767916624,-0.9862833700206988,-0.4483459926536124,-0.5596098127842399,0.0,0
PEKAO,2017-04,50,linear,,9e0562c9afc4d23cb255f06fb73979e127ebf03d397608409a569cf5013c65d2,0,578816,578726,1.0,0.36182580357543986,209398,-7.185345024037769,-6.097785157256082,-6.283521937381207,0.0,10,xgboost,,4189eff69e9cfbd4322ff87756e26c1d70dc898985ae5ca87a86693279599173,578816,578726,1.0,0.3490822945573553,202023,-7.724480598975509,-6.835412430909388,-7.246970199139669,0.0,10,-0.012743509018084576,-0.53913557493774,-0.737627273653306,-0.9634482617584625,0.0,0
PEKAO,2017-04,50,linear,,9e0562c9afc4d23cb255f06fb73979e127ebf03d397608409a569cf5013c65d2,1,578816,578726,1.0,0.36182580357543986,209398,-7.369388988613643,-6.42292982480625,-6.513423869367631,0.0,10,xgboost,,4189eff69e9cfbd4322ff87756e26c1d70dc898985ae5ca87a86693279599173,578816,578726,1.0,0.3490822945573553,202023,-7.88980060713021,-7.125643822149605,-7.470608021512267,0.0,10,-0.012743509018084576,-0.520411618516567,-0.7027139973433547,-0.9571841521446363,0.0,0
PEKAO,2017-04,50,linear,,9e0562c9afc4d23cb255f06fb73979e127ebf03d397608409a569cf5013c65d2,5,578816,578726,1.0,0.36182580357543986,209398,-7.692682036917571,-6.84009588477629,-6.936228847348322,0.0,10,xgboost,,4189eff69e9cfbd4322ff87756e26c1d70dc898985ae5ca87a86693279599173,578816,578726,1.0,0.3490822945573553,202023,-8.170878989642818,-7.537550448082199,-7.788890395286999,0.0,10,-0.012743509018084576,-0.47819695272524676,-0.697454563305909,-0.852661547938677,0.0,0
PEKAO,2017-06,10,linear,,261fa99a420879abe2bc89a2e6ab89c945fba0591bb18b8a55036b523b8eaea8,0,657688,657583,1.0,0.00025700177772235595,169,-6.870304492949648,-5.543520169289654,-5.021507547077835,0.0,10,xgboost,,641c70da3d3f66eb90e9bb352a0c25266d42f487a25ee9fdc231327b85c3b598,657688,657583,1.0,0.046769761383734065,30755,-4.688964677816175,-5.767584474050204,-5.416376971177709,0.0,10,0.04651275960601171,2.181339815133473,-0.2240643047605495,-0.39486942409987424,0.0,0
PEKAO,2017-06,10,linear,,261fa99a420879abe2bc89a2e6ab89c945fba0591bb18b8a55036b523b8eaea8,1,657688,657583,1.0,0.00025700177772235595,169,-7.608720200472358,-5.8623840281111335,-5.3601719456027075,0.0,10,xgboost,,641c70da3d3f66eb90e9bb352a0c25266d42f487a25ee9fdc231327b85c3b598,657688,657583,1.0,0.046769761383734065,30755,-5.462732828581702,-6.0869306342035125,-5.713765343445615,0.0,10,0.04651275960601171,2.145987371890656,-0.2245466060923791,-0.3535933978429071,0.0,0
PEKAO,2017-06,10,linear,,261fa99a420879abe2bc89a2e6ab89c945fba0591bb18b8a55036b523b8eaea8,5,657688,657583,1.0,0.00025700177772235595,169,-8.29958962611771,-6.288572445543862,-5.851548569086582,0.0,10,xgboost,,641c70da3d3f66eb90e9bb352a0c25266d42f487a25ee9fdc231327b85c3b598,657688,657583,1.0,0.046769761383734065,30755,-6.00673073996853,-6.541434624289712,-6.197261427957298,0.0,10,0.04651275960601171,2.2928588861491797,-0.2528621787458505,-0.34571285887071657,0.0,0
PEKAO,2017-06,20,linear,,1557be495a9976bdd7708986de6de12e3f04d6dc3c04eab8e89c23e2caad1ee2,0,657478,657373,1.0,0.11302867626142236,74302,-4.482687193971548,-5.400652683836107,-4.88597270229627,0.0,10,xgboost,,39c6c301e6e4db43d5e33c41fcff1a61b51eab6550c0316d8deaca62c6a7f42d,657478,657373,1.0,0.14984643421619082,98505,-5.291241004498025,-5.655970812837356,-5.336081718061795,0.0,10,0.03681775795476845,-0.8085538105264778,-0.25531812900124873,-0.4501090157655252,0.0,0
PEKAO,2017-06,20,linear,,1557be495a9976bdd7708986de6de12e3f04d6dc3c04eab8e89c23e2caad1ee2,1,657478,657373,1.0,0.11302867626142236,74302,-4.9268418063260135,-5.723457936476703,-5.233544008099602,0.0,10,xgboost,,39c6c301e6e4db43d5e33c41fcff1a61b51eab6550c0316d8deaca62c6a7f42d,657478,657373,1.0,0.14984643421619082,98505,-5.666571209155427,-5.976149978834752,-5.628303454427624,0.0,10,0.03681775795476845,-0.739729402829413,-0.2526920423580492,-0.3947594463280222,0.0,0
PEKAO,2017-06,20,linear,,1557be495a9976bdd7708986de6de12e3f04d6dc3c04eab8e89c23e2caad1ee2,5,657478,657373,1.0,0.11302867626142236,74302,-5.5260578062511305,-6.190643236576058,-5.764419059621471,0.0,10,xgboost,,39c6c301e6e4db43d5e33c41fcff1a61b51eab6550c0316d8deaca62c6a7f42d,657478,657373,1.0,0.14984643421619082,98505,-6.187798637577914,-6.441996530202766,-6.134410054907961,0.0,10,0.03681775795476845,-0.6617408313267834,-0.2513532936267078,-0.36999099528649015,0.0,0
PEKAO,2017-06,50,linear,,fcef3773407588ebdea96f3bb99d07f61ba8d915a814889e8bda625f4b5e2493,0,656848,656743,1.0,0.37364692124621046,245390,-6.333463557288076,-5.668939159402808,-5.133409837339413,0.0,10,xgboost,,44adbb1c5d53c761ff42f583ff980c2742fbeb9b165f1d16c7cbcdffa632b09e,656848,656743,1.0,0.3560951544211358,233863,-6.539645714426226,-5.895671628263829,-5.995349259156567,0.0,10,-0.017551766825074644,-0.2061821571381497,-0.2267324688610204,-0.8619394218171541,0.0,0
PEKAO,2017-06,50,linear,,fcef3773407588ebdea96f3bb99d07f61ba8d915a814889e8bda625f4b5e2493,1,656848,656743,1.0,0.37364692124621046,245390,-6.550131428401178,-5.9894683397288535,-5.474660054111477,0.0,10,xgboost,,44adbb1c5d53c761ff42f583ff980c2742fbeb9b165f1d16c7cbcdffa632b09e,656848,656743,1.0,0.3560951544211358,233863,-6.7233003967675335,-6.205841850759779,-6.24541654970787,0.0,10,-0.017551766825074644,-0.17316896836635554,-0.21637351103092506,-0.7707564955963928,0.0,0
PEKAO,2017-06,50,linear,,fcef3773407588ebdea96f3bb99d07f61ba8d915a814889e8bda625f4b5e2493,5,656848,656743,1.0,0.37364692124621046,245390,-6.928892325536593,-6.446298622403601,-5.985572960599729,0.0,10,xgboost,,44adbb1c5d53c761ff42f583ff980c2742fbeb9b165f1d16c7cbcdffa632b09e,656848,656743,1.0,0.3560951544211358,233863,-7.075243152736781,-6.660310089841673,-6.668321879915816,0.0,10,-0.017551766825074644,-0.14635082720018833,-0.21401146743807153,-0.6827489193160874,0.0,0
PEKAO,2017-09,10,linear,,1af5cb47f899a70ab4ad5657b5b15d843dcd73040ebce7fdd34b922d659965fb,0,404111,404006,1.0,0.00011881011668143542,48,-6.198838317152474,-5.587740713731402,-5.700097049353067,0.0,10,xgboost,,618796c3b55218da3c34063f50ad1d8ae6af2ad4a3dc4cc6dd70d7e31430351e,404111,404006,1.0,0.0339301891556066,13708,-4.8651420783096535,-5.961057878603143,-6.207365020414646,0.0,10,0.033811379038925164,1.3336962388428208,-0.37331716487174127,-0.5072679710615793,0.0,0
PEKAO,2017-09,10,linear,,1af5cb47f899a70ab4ad5657b5b15d843dcd73040ebce7fdd34b922d659965fb,1,404111,404006,1.0,0.00011881011668143542,48,-7.905757294063306,-5.832732875888959,-5.994518902901567,0.0,10,xgboost,,618796c3b55218da3c34063f50ad1d8ae6af2ad4a3dc4cc6dd70d7e31430351e,404111,404006,1.0,0.0339301891556066,13708,-5.610822746072662,-6.227381107596268,-6.427731378824728,0.0,10,0.033811379038925164,2.2949345479906436,-0.39464823170730945,-0.4332124759231606,0.0,0
PEKAO,2017-09,10,linear,,1af5cb47f899a70ab4ad5657b5b15d843dcd73040ebce7fdd34b922d659965fb,5,404111,404006,1.0,0.00011881011668143542,48,-7.986704194012451,-6.26495557469252,-6.479363807520799,0.0,10,xgboost,,618796c3b55218da3c34063f50ad1d8ae6af2ad4a3dc4cc6dd70d7e31430351e,404111,404006,1.0,0.0339301891556066,13708,-6.234351683137486,-6.7067944088268,-6.869305030366851,0.0,10,0.033811379038925164,1.7523525108749647,-0.4418388341342805,-0.38994122284605215,0.0,0
PEKAO,2017-09,20,linear,,efffabd657b6e63917b37e611f24af766138d129bb45c79ad531845537331bd0,0,403901,403796,1.0,0.08785129124607476,35474,-4.5648202246838006,-5.53967154890088,-5.552901737663406,0.0,10,xgboost,,74c6210538a197873cd2fa7f0a0833fe78faea5e58f89fd783a9b1277fcda201,403901,403796,1.0,0.11303727624840267,45644,-5.27601251528572,-5.833380474130027,-6.07433573799609,0.0,10,0.02518598500232791,-0.711192290601919,-0.29370892522914716,-0.5214340003326834,0.0,0
PEKAO,2017-09,20,linear,,efffabd657b6e63917b37e611f24af766138d129bb45c79ad531845537331bd0,1,403901,403796,1.0,0.08785129124607476,35474,-4.97821853881366,-5.793267621440231,-5.854192551213906,0.0,10,xgboost,,74c6210538a197873cd2fa7f0a0833fe78faea5e58f89fd783a9b1277fcda201,403901,403796,1.0,0.11303727624840267,45644,-5.651999598893754,-6.090418784570546,-6.332624671905892,0.0,10,0.02518598500232791,-0.6737810600800938,-0.297151163130315,-0.47843212069198593,0.0,0
PEKAO,2017-09,20,linear,,efffabd657b6e63917b37e611f24af766138d129bb45c79ad531845537331bd0,5,403901,403796,1.0,0.08785129124607476,35474,-5.606041848668482,-6.245609718849751,-6.369093256084713,0.0,10,xgboost,,74c6210538a197873cd2fa7f0a0833fe78faea5e58f89fd783a9b1277fcda201,403901,403796,1.0,0.11303727624840267,45644,-6.200703703670839,-6.567009401119643,-6.812920953581604,0.0,10,0.02518598500232791,-0.5946618550023564,-0.3213996822698917,-0.4438276974968911,0.0,0
PEKAO,2017-09,50,linear,,ba93e33fa10188eafb6b7ba205305381513999142ee1379f7f731f801d6f63b4,0,403271,403166,1.0,0.3279840065878571,132232,-6.702134890164332,-5.973039135824166,-5.949428378739472,0.0,10,xgboost,,930e2dab9dde09b6c046aaac9085df36c8d94ae09fba74f2659ac538e2d52dec,403271,403166,1.0,0.31472644022561425,126887,-7.144813088345044,-6.435019559084507,-6.899093111099114,0.0,10,-0.013257566362242845,-0.44267819818071263,-0.46198042326034106,-0.9496647323596417,0.0,0
PEKAO,2017-09,50,linear,,ba93e33fa10188eafb6b7ba205305381513999142ee1379f7f731f801d6f63b4,1,403271,403166,1.0,0.3279840065878571,132232,-6.89188710724605,-6.208103368087309,-6.2440944817542245,0.0,10,xgboost,,930e2dab9dde09b6c046aaac9085df36c8d94ae09fba74f2659ac538e2d52dec,403271,403166,1.0,0.31472644022561425,126887,-7.305475166893702,-6.665667274052807,-7.114254822011384,0.0,10,-0.013257566362242845,-0.413588059647652,-0.45756390596549856,-0.8701603402571596,0.0,0
PEKAO,2017-09,50,linear,,ba93e33fa10188eafb6b7ba205305381513999142ee1379f7f731f801d6f63b4,5,403271,403166,1.0,0.3279840065878571,132232,-7.2651239625796,-6.627395915231397,-6.756578794459832,0.0,10,xgboost,,930e2dab9dde09b6c046aaac9085df36c8d94ae09fba74f2659ac538e2d52dec,403271,403166,1.0,0.31472644022561425,126887,-7.642305758546011,-7.059595126067866,-7.522069019547645,0.0,10,-0.013257566362242845,-0.3771817959664112,-0.43219921083646895,-0.7654902250878131,0.0,0
PEKAO,2017-11,10,linear,,c4570afe43759b3b7cd9ae7c621e534f6e7c6a87f59b0c57e711917a36776d8b,0,481740,481635,1.0,0.0002636851557714867,127,-6.374047160520474,-5.986580531048871,-5.642853357326477,0.0,10,xgboost,,f5892ec54d17f43d11d16c2eaea5982b93241313e7f471963f4bd8218208f4b5,481740,481635,1.0,0.035149023638232274,16929,-5.118074963035909,-6.045580772267512,-5.881141088638067,0.0,10,0.03488533848246079,1.2559721974845655,-0.05900024121864167,-0.23828773131158965,0.0,0
PEKAO,2017-11,10,linear,,c4570afe43759b3b7cd9ae7c621e534f6e7c6a87f59b0c57e711917a36776d8b,1,481740,481635,1.0,0.0002636851557714867,127,-7.200313178309658,-6.2511874297755465,-5.907794951960956,0.0,10,xgboost,,f5892ec54d17f43d11d16c2eaea5982b93241313e7f471963f4bd8218208f4b5,481740,481635,1.0,0.035149023638232274,16929,-5.864007400795292,-6.332125592080688,-6.139181927411455,0.0,10,0.03488533848246079,1.336305777514366,-0.0809381623051415,-0.2313869754504987,0.0,0
PEKAO,2017-11,10,linear,,c4570afe43759b3b7cd9ae7c621e534f6e7c6a87f59b0c57e711917a36776d8b,5,481740,481635,1.0,0.0002636851557714867,127,-7.9892566547186,-6.674424161169663,-6.329693536659974,0.0,10,xgboost,,f5892ec54d17f43d11d16c2eaea5982b93241313e7f471963f4bd8218208f4b5,481740,481635,1.0,0.035149023638232274,16929,-6.506815079979898,-6.808831972519634,-6.653988713249889,0.0,10,0.03488533848246079,1.4824415747387025,-0.1344078113499716,-0.32429517658991536,0.0,0
PEKAO,2017-11,20,linear,,672ab5f5d628bb669dc7700197dda1143a2958c9cad52ce2b3429f8eb12409fb,0,481530,481425,1.0,0.08964428519499403,43157,-4.923866921742844,-6.039431566363009,-5.676550110933235,0.0,10,xgboost,,8d77f4b9e75e93c06a9253c0898eaa086a2a4df01bac046f774414cf5d4a7da5,481530,481425,1.0,0.1201994080074778,57867,-5.533138289498793,-5.9207474642612405,-6.119925699066854,0.0,10,0.03055512281248378,-0.6092713677559489,0.11868410210176883,-0.44337558813361877,0.0,0
PEKAO,2017-11,20,linear,,672ab5f5d628bb669dc7700197dda1143a2958c9cad52ce2b3429f8eb12409fb,1,481530,481425,1.0,0.08964428519499403,43157,-5.305910096319048,-6.297964948077783,-5.943637217271718,0.0,10,xgboost,,8d77f4b9e75e93c06a9253c0898eaa086a2a4df01bac046f774414cf5d4a7da5,481530,481425,1.0,0.1201994080074778,57867,-5.890735880248216,-6.195668792264005,-6.372871314553439,0.0,10,0.03055512281248378,-0.5848257839291682,0.10229615581377782,-0.42923409728172146,0.0,0
PEKAO,2017-11,20,linear,,672ab5f5d628bb669dc7700197dda1143a2958c9cad52ce2b3429f8eb12409fb,5,481530,481425,1.0,0.08964428519499403,43157,-5.872872966425785,-6.727652973140365,-6.3694038542440214,0.0,10,xgboost,,8d77f4b9e75e93c06a9253c0898eaa086a2a4df01bac046f774414cf5d4a7da5,481530,481425,1.0,0.1201994080074778,57867,-6.438103662023289,-6.682075707218052,-6.8314258793277896,0.0,10,0.03055512281248378,-0.5652306955975046,0.04557726592231237,-0.4620220250837681,0.0,0
PEKAO,2017-11,50,linear,,dea0e481c943c4b4cdbd0e39e063cda5d8dc7116df3d275df75ca60c4f7e14fe,0,480900,480795,1.0,0.33686082425981967,161961,-7.100258344673422,-6.635474588892779,-6.076035987946715,0.0,10,xgboost,,63a51780d1c9f0adbe76309261ad6fc307dd906641d898091f4662b863a09f11,480900,480795,1.0,0.3158539502282678,151861,-7.083950719598566,-6.862265229942974,-6.599367158318487,0.0,10,-0.02100687403155188,0.01630762507485617,-0.22679064105019453,-0.5233311703717725,0.0,0
PEKAO,2017-11,50,linear,,dea0e481c943c4b4cdbd0e39e063cda5d8dc7116df3d275df75ca60c4f7e14fe,1,480900,480795,1.0,0.33686082425981967,161961,-7.286663584483516,-6.8784298720075565,-6.328892266323037,0.0,10,xgboost,,63a51780d1c9f0adbe76309261ad6fc307dd906641d898091f4662b863a09f11,480900,480795,1.0,0.3158539502282678,151861,-7.254451940015876,-7.095100044755787,-6.817072288996367,0.0,10,-0.02100687403155188,0.032211644467639466,-0.21667017274823053,-0.4881800226733297,0.0,0
PEKAO,2017-11,50,linear,,dea0e481c943c4b4cdbd0e39e063cda5d8dc7116df3d275df75ca60c4f7e14fe,5,480900,480795,1.0,0.33686082425981967,161961,-7.624574392140037,-7.289730541268221,-6.763031546080604,0.0,10,xgboost,,63a51780d1c9f0adbe76309261ad6fc307dd906641d898091f4662b863a09f11,480900,480795,1.0,0.3158539502282678,151861,-7.602416037743727,-7.4830596432768735,-7.227972166812308,0.0,10,-0.02100687403155188,0.022158354396309754,-0.1933291020086525,-0.4649406207317046,0.0,0
