symbol,month,horizon,model,control_seed,task_id,train_rows,train_stocks,last_training_day,first_test_day,n_test,ic,direction_accuracy,cost_coverage,mean_abs_markout_bps,mean_signed_markout_after_cost_bps,within_stock_ic,within_stock_task_id,transfer_minus_within_ic
KGHM,2017-04,20,xgboost_transfer,,ae9435295ff5deee565708d0df21b8a9844b5109f7319c99b5c690b90ad6d749,12698748,4,2017-03-31,2017-04-03,1098976,0.27161560548637265,0.67426275569313,0.02909253705267449,1.150482187679375,0.4527644107264434,0.2690508633761888,4dd3f35a489b476aeea5939fd686072c11a48ae35770f7ef190a68025fc34401,0.0025647421101838708
KGHM,2017-06,20,xgboost_transfer,,29273d072dabd6dec62c1b8f071f3da2f6b36d0f794dd0a3e4ef732650d52dc9,20548118,4,2017-05-31,2017-06-01,1014565,0.27237673590155875,0.6645520116257883,0.0466732047724887,1.4906606253715589,0.6722882707126414,0.2716398454731455,a1a136175396c1f631365261e50911ef172ed4b111f1efcdfcb9a507a1a5aad5,0.0007368904284132394
KGHM,2017-09,20,xgboost_transfer,,f0331bf712bb775be4a2cd2db3363c8c53a1923bbe72f5966c6836cf9f97d97e,29739608,4,2017-08-31,2017-09-01,916540,0.2905898740996216,0.6753110546052681,0.07777074650315316,1.249306043929305,0.36457640244326317,0.2880151106683309,26ab8ef846e82f08249f07a88433855af3d3a732662186f100b295d87e0adf69,0.0025747634312907053
KGHM,2017-11,20,xgboost_transfer,,8b363bf596fc4b52050b8296414016b65adef5f11db299f12aef0c6320d02170,36364266,4,2017-10-31,2017-11-02,832293,0.2710489054244532,0.6617038212307216,0.06691033085704193,1.3827533147687867,0.4891849952663558,0.2736705898960226,f5cbb6c611ccad586c05fc76c96332e8ddd00f1581e69566fcf4d942faf22836,-0.0026216844715694076
PKNORLEN,2017-04,20,xgboost_transfer,,b2dc4434a6fa94fccaaf7a8fdfe2a09514b72f317aaab7e75fe3d060855a35e2,12441582,4,2017-03-31,2017-04-03,675928,0.28650060254893345,0.69248204869412,0.08071717697742956,1.1173150773591238,0.31670043792046987,0.2866742826331577,7becbbe0eb0cc0109844fbb39b09605a90dbfb48f27be5a0671241436fb03477,-0.00017368008422424808
PKNORLEN,2017-06,20,xgboost_transfer,,d1ac8d911f363aeec8ca311d8d6f13b430a4589ef6b02bb2b73f1d9993ceb205,21074001,4,2017-05-31,2017-06-01,862980,0.3099997484153959,0.6804243371019588,0.07345940809752254,1.5682910826409981,0.8070814210077394,0.3094683549051213,c581cfc4822c5fcac232a6f55575581efe788dfc0634cad01c6f45edaea2dc98,0.0005313935102745915
PKNORLEN,2017-09,20,xgboost_transfer,,dd484f278b3764e15b2f2aa8f71ca8cc4785a27b2d328019edd2abc077b2dc47,30766858,4,2017-08-31,2017-09-01,1013895,0.31520692974394987,0.6815766035116476,0.07931294660689717,1.4593123101290277,0.7444699731390735,0.3171231242109265,c818ea3fed36a91f27de4899a0276cc25f4a7a5a4f6be43bc0b0a65b9e548c79,-0.0019161944669766062
PKNORLEN,2017-11,20,xgboost_transfer,,44bd8be1babf580c71e8692a2f4243ae6e76e88542400277b582c4f0ff32cb11,37206379,4,2017-10-31,2017-11-02,1041313,0.2617919433188144,0.6454564680468591,0.05493833266270564,1.6225853467111253,0.8311304171463342,0.2598579375073603,fccbabc64719f34025a7893890b217abbfb996fecfc7041f1350987e2104b425,0.001934005811454087
PKOBP,2017-04,20,xgboost_transfer,,da7716f13d7a9cd2512781bb10b13a056191b5d6b822a60f5e2f16bafa51406f,14004828,4,2017-03-31,2017-04-03,946426,0.248287886672337,0.6691544068199183,0.026294712951672926,1.006205443890218,0.17370121018453466,0.2443190143886802,882e142e70eb3848f47935d6259862aab6e6af6e8c619b32fb593c13e922e889,0.003968872283656805
PKOBP,2017-06,20,xgboost_transfer,,01960720987d85d0b4b238089b230cd0d9f39758193454d9aa141a061dffbda9,21946033,4,2017-05-31,2017-06-01,1056564,0.26719198565798974,0.6693004079787291,0.03465951896903548,1.246533918118815,0.45183745721707036,0.2649535861432602,69fba85caf6f2fa345001e90c734ee0a476bc37e54b87f6cf93caedb9ae8a29d,0.002238399514729539
PKOBP,2017-09,20,xgboost_transfer,,4929a56874f8f66b10647d8dce68ecae9fbecd6a1939ff3e0117ace6056155e7,31570953,4,2017-08-31,2017-09-01,764588,0.26179943097768504,0.6641701187164443,0.04002024619795236,1.04870036669905,0.3385758466074584,0.2617168466642863,e11e787cb345ff767de9c6d9be6e491ae1bde12dd611ea9d7872e24d4786d695,8.258431339874805e-05
PKOBP,2017-11,20,xgboost_transfer,,4c156d636b6a4c92ae8eeb3916f331d570a56a729d56a6f59eaf58b8e7c6405b,38530529,4,2017-10-31,2017-11-02,905401,0.24052408222173718,0.6447367771552681,0.047078587277902276,1.0280363231464162,0.04045859040132314,0.2400488230637824,441ed0168cb36f044aefddd5a888823459d34d642a1731ae8e67ff4972e006c1,0.0004752591579547938
PZU,2017-04,20,xgboost_transfer,,3196789aadd580c0ff905c7fd278d71de5d41845e5fed25b3e27027a99cf5841,14897561,4,2017-03-31,2017-04-03,948659,0.25055245979349416,0.6557178762535268,0.039770876574195785,1.1271854467786189,0.04359553927919246,0.2396916186046733,5e7c4371d944a47c8ba20ddd3b747be1936b5841847fa427e9f9e2d10c29082b,0.010860841188820858
PZU,2017-06,20,xgboost_transfer,,90b7cdba923f317c6384357f4a0c60acd31b58d3b730fd95b077163122af41e5,22870636,4,2017-05-31,2017-06-01,970253,0.219538445480078,0.6286242972605535,0.0434958716953207,1.2674487102588186,0.044126768846116146,0.2219506402338974,7e39daf3cce77084aa8723031a76aa85ed5ca224dba7f53aed488892282affeb,-0.002412194753819402
PZU,2017-09,20,xgboost_transfer,,7ecfc98a39b322fbf71f5ce09f6b0d6d8979cb0b8a52b4e5b89212a8e535747c,32216737,4,2017-08-31,2017-09-01,770961,0.24969784410685106,0.6508235735671697,0.0642782190019988,0.8747884345662179,-0.19382811604035238,0.2482621161966821,0849182427b8330d35857e1eae87d0a3de6c049917990f4b9372d3706d904340,0.0014357279101689657
PZU,2017-11,20,xgboost_transfer,,0493580ab4d504b897b6dbe30f10918f2c75a69a759697b0d8adbe197c4cab5d,39051486,4,2017-10-31,2017-11-02,883375,0.18535754391314674,0.6076975948125003,0.05087760011320221,1.0634751399854412,-0.21650842961547392,0.1864366579969021,491d373ab41d82703a40fe5fed24cda537558751e54f9d8021b14a3c7e1dde4b,-0.0010791140837553559
PEKAO,2017-04,20,xgboost_transfer,,abb7b7a02da183f91970338ea0cf59977761ac341a02bed5f4b28631d9d28c1d,15461349,4,2017-03-31,2017-04-03,579356,0.2550853909337691,0.647542877812051,0.032328999785969245,1.603231438241798,0.5406925107090025,0.2595034764737581,33f2bbb741b39f3b7c1beaf5bfcf5ceeba9222730f72de9c87564c2b7e799d19,-0.004418085539989014
PEKAO,2017-06,20,xgboost_transfer,,345fca72fe74845156a17530a8e63f653948ea573eb329691db9f3b594166e65,24573108,4,2017-05-31,2017-06-01,657478,0.27314369771616026,0.6566099285610147,0.06907607554929594,1.5556662259484149,0.4381387987846527,0.2741207864834555,7321a4467d3c62cb9c23afccca7da107bd51b5c31c27ca2c1f582631ff52d518,-0.0009770887672952422
PEKAO,2017-09,20,xgboost_transfer,,987357777c09580d56efe6b60bb4bb6d5268837ff9e2279c328123c735a2aaa7,35207836,4,2017-08-31,2017-09-01,403901,0.2816715417234468,0.6619220499817515,0.05836826351011758,1.5587433476393395,0.47962648775384753,0.2814141616703818,7fe8ad67d2e0c914326f4d8a3e916862bf34c27e862a0efe9e24fe4123b210a5,0.0002573800530650261
PEKAO,2017-11,20,xgboost_transfer,,77aab5f2f8895480761818099914b672f37ebcd462d823aa037ab706d7f420bf,42875300,4,2017-10-31,2017-11-02,481530,0.2372780077462803,0.6298724543395874,0.06570099474591407,1.711357479146485,0.44011293414750774,0.2348675546237937,75f9142bdf4cf26d6783cada30d1f30dc5054ab49d14e75351b024224f1d3184,0.002410453122486611
KGHM,2017-06,20,xgboost_transfer,7.0,79e20ed3c9d99c3e96609fbede45fb92d11c67c7d561788a746071be7d514c07,20548118,4,2017-05-31,2017-06-01,1014565,0.07283093154175928,0.5359261744668181,0.0,1.4906606253715589,,0.2716398454731455,a1a136175396c1f631365261e50911ef172ed4b111f1efcdfcb9a507a1a5aad5,-0.19880891393138622
PKNORLEN,2017-06,20,xgboost_transfer,7.0,9684f7d32c975bcce58ecd803ddf6063f4864c2823f71c7bd0181e4ff0ee5d8f,21074001,4,2017-05-31,2017-06-01,862980,0.060391058184864635,0.5407235452016296,0.0,1.5682910826409981,,0.3094683549051213,c581cfc4822c5fcac232a6f55575581efe788dfc0634cad01c6f45edaea2dc98,-0.2490772967202567
PKOBP,2017-06,20,xgboost_transfer,7.0,36c4520ca07c7af5830fad345e490568e78fd4f2896f53004a093398c67ed605,21946033,4,2017-05-31,2017-06-01,1056564,0.06362221918280042,0.5374985198660882,0.0,1.246533918118815,,0.2649535861432602,69fba85caf6f2fa345001e90c734ee0a476bc37e54b87f6cf93caedb9ae8a29d,-0.20133136696045978
PZU,2017-06,20,xgboost_transfer,7.0,37ed68f80fcde8b809c220a9c93deb03a6848119ef9b63f96d186a7ce3763cef,22870636,4,2017-05-31,2017-06-01,970253,0.05181313080410016,0.5244562417807513,0.0,1.2674487102588186,,0.2219506402338974,7e39daf3cce77084aa8723031a76aa85ed5ca224dba7f53aed488892282affeb,-0.17013750942979725
PEKAO,2017-06,20,xgboost_transfer,7.0,8048a33102be637fc15ac65d611e24b660f325da13399baab8c5d2fb6ad9c72e,24573108,4,2017-05-31,2017-06-01,657478,0.0839335724229443,0.5473830004373815,0.0,1.5556662259484149,,0.2741207864834555,7321a4467d3c62cb9c23afccca7da107bd51b5c31c27ca2c1f582631ff52d518,-0.1901872140605112
