day,horizon,model,control_seed,latency,blocks,bottom_decile_short_bps,bottom_decile_short_bps_defined_blocks,coverage,coverage_defined_blocks,decile_bins,decile_bins_defined_blocks,excluded_crossing_common,excluded_crossing_common_defined_blocks,excluded_crossing_common_total,ordered_deciles,ordered_deciles_defined_blocks,prediction_rows,prediction_rows_defined_blocks,prediction_rows_total,rows,rows_defined_blocks,rows_total,selected_rows,selected_rows_defined_blocks,selected_rows_total,sign_selected_bps,sign_selected_bps_defined_blocks,threshold_bps,threshold_bps_defined_blocks,top_decile_long_bps,top_decile_long_bps_defined_blocks
2017-12-27,10,linear,,0,5,-4.955744453401346,5,0.00011591957685112252,5,10.0,5,143.0,5,715,0.0,5,33817.8,5,169089,33674.8,5,168374,2.4,5,12,,4,1.0,5,-5.0256368959839985,5
2017-12-27,10,linear,,1,5,-5.099479299573197,5,0.00011591957685112252,5,10.0,5,143.0,5,715,0.0,5,33817.8,5,169089,33674.8,5,168374,2.4,5,12,,4,1.0,5,-5.202444287688285,5
2017-12-27,10,linear,,5,5,-5.33947785965996,5,0.00011591957685112252,5,10.0,5,143.0,5,715,0.0,5,33817.8,5,169089,33674.8,5,168374,2.4,5,12,,4,1.0,5,-5.567621084883771,5
2017-12-27,10,xgboost,,0,5,-4.940486719508299,5,0.026336083954553603,5,10.0,5,143.0,5,715,0.0,5,33817.8,5,169089,33674.8,5,168374,609.2,5,3046,-4.065229455138173,5,1.0,5,-5.170544186542762,5
2017-12-27,10,xgboost,,1,5,-5.103023244263019,5,0.026336083954553603,5,10.0,5,143.0,5,715,0.0,5,33817.8,5,169089,33674.8,5,168374,609.2,5,3046,-4.84790279930638,5,1.0,5,-5.352040466845464,5
2017-12-27,10,xgboost,,5,5,-5.391214957713312,5,0.026336083954553603,5,10.0,5,143.0,5,715,0.0,5,33817.8,5,169089,33674.8,5,168374,609.2,5,3046,-5.290713313600656,5,1.0,5,-5.7601310676355935,5
2017-12-27,20,linear,,0,5,-4.795456971853271,5,0.04908143918400884,5,10.0,5,127.4,5,637,0.0,5,33539.6,5,167698,33412.2,5,167061,914.2,5,4571,-2.7285171925634364,5,1.0,5,-4.937657919155933,5
2017-12-27,20,linear,,1,5,-4.943200034945935,5,0.04908143918400884,5,10.0,5,127.4,5,637,0.0,5,33539.6,5,167698,33412.2,5,167061,914.2,5,4571,-4.093475410333093,5,1.0,5,-5.121045857204399,5
2017-12-27,20,linear,,5,5,-5.19955324660606,5,0.04908143918400884,5,10.0,5,127.4,5,637,0.0,5,33539.6,5,167698,33412.2,5,167061,914.2,5,4571,-4.3690219947108515,5,1.0,5,-5.497544786675187,5
2017-12-27,20,xgboost,7.0,0,5,-9.518918903833729,5,0.0,5,10.0,5,127.4,5,637,0.0,5,33539.6,5,167698,33412.2,5,167061,0.0,5,0,,0,1.0,5,-7.222063943429991,5
2017-12-27,20,xgboost,7.0,1,5,-9.516296331160056,5,0.0,5,10.0,5,127.4,5,637,0.0,5,33539.6,5,167698,33412.2,5,167061,0.0,5,0,,0,1.0,5,-7.278037796738711,5
2017-12-27,20,xgboost,7.0,5,5,-9.408029822588825,5,0.0,5,10.0,5,127.4,5,637,0.0,5,33539.6,5,167698,33412.2,5,167061,0.0,5,0,,0,1.0,5,-7.455605743524677,5
2017-12-27,20,xgboost,,0,5,-4.731165295062477,5,0.10292586467335743,5,10.0,5,127.4,5,637,0.0,5,33539.6,5,167698,33412.2,5,167061,2446.6,5,12233,-4.190078145871229,5,1.0,5,-5.183831148179609,5
2017-12-27,20,xgboost,,1,5,-4.90303019696219,5,0.10292586467335743,5,10.0,5,127.4,5,637,0.0,5,33539.6,5,167698,33412.2,5,167061,2446.6,5,12233,-4.5863665131772775,5,1.0,5,-5.375777874513257,5
2017-12-27,20,xgboost,,5,5,-5.215362668060392,5,0.10292586467335743,5,10.0,5,127.4,5,637,0.0,5,33539.6,5,167698,33412.2,5,167061,2446.6,5,12233,-5.055499689950002,5,1.0,5,-5.77717196548109,5
2017-12-27,50,linear,,0,5,-4.548830787176931,5,0.2613138772327345,5,10.0,5,96.4,5,482,0.0,5,32854.6,5,164273,32758.2,5,163791,6380.0,5,31900,-4.925716958223444,5,1.0,5,-4.908469865447221,5
2017-12-27,50,linear,,1,5,-4.709707205319596,5,0.2613138772327345,5,10.0,5,96.4,5,482,0.0,5,32854.6,5,164273,32758.2,5,163791,6380.0,5,31900,-5.091059884442415,5,1.0,5,-5.101709656802784,5
2017-12-27,50,linear,,5,5,-5.008098548064345,5,0.2613138772327345,5,10.0,5,96.4,5,482,0.0,5,32854.6,5,164273,32758.2,5,163791,6380.0,5,31900,-5.413220653649004,5,1.0,5,-5.508935179250215,5
2017-12-27,50,xgboost,,0,5,-4.856762167707062,5,0.267716819914559,5,10.0,5,96.4,5,482,0.0,5,32854.6,5,164273,32758.2,5,163791,7137.2,5,35686,-5.324312725320357,5,1.0,5,-5.28251030215412,5
2017-12-27,50,xgboost,,1,5,-5.0254203414784095,5,0.267716819914559,5,10.0,5,96.4,5,482,0.0,5,32854.6,5,164273,32758.2,5,163791,7137.2,5,35686,-5.481364784643357,5,1.0,5,-5.480988758688937,5
2017-12-27,50,xgboost,,5,5,-5.337923019204067,5,0.267716819914559,5,10.0,5,96.4,5,482,0.0,5,32854.6,5,164273,32758.2,5,163791,7137.2,5,35686,-5.788815114076343,5,1.0,5,-5.8663331098684965,5
2017-12-28,10,linear,,0,5,-5.73598912227977,5,0.0003459294674050465,5,10.0,5,5.0,5,25,0.0,5,30332.8,5,151664,30327.8,5,151639,6.8,5,34,,3,1.0,5,-5.55051416726864,5
2017-12-28,10,linear,,1,5,-5.9363608994411035,5,0.0003459294674050465,5,10.0,5,5.0,5,25,0.0,5,30332.8,5,151664,30327.8,5,151639,6.8,5,34,,3,1.0,5,-5.739855383374073,5
2017-12-28,10,linear,,5,5,-6.226587823544726,5,0.0003459294674050465,5,10.0,5,5.0,5,25,0.0,5,30332.8,5,151664,30327.8,5,151639,6.8,5,34,,3,1.0,5,-6.0813702183778044,5
2017-12-28,10,xgboost,,0,5,-5.833297865558864,5,0.024320506524231636,5,10.0,5,5.0,5,25,0.0,5,30332.8,5,151664,30327.8,5,151639,611.8,5,3059,-4.623554939262146,5,1.0,5,-5.867777129761498,5
2017-12-28,10,xgboost,,1,5,-6.0461272999265745,5,0.024320506524231636,5,10.0,5,5.0,5,25,0.0,5,30332.8,5,151664,30327.8,5,151639,611.8,5,3059,-5.335593985744445,5,1.0,5,-6.082371348314152,5
2017-12-28,10,xgboost,,5,5,-6.40420046097168,5,0.024320506524231636,5,10.0,5,5.0,5,25,0.0,5,30332.8,5,151664,30327.8,5,151639,611.8,5,3059,-5.964629502565435,5,1.0,5,-6.493444223771489,5
2017-12-28,20,linear,,0,5,-5.7414439482501525,5,0.04454492166486378,5,10.0,5,5.0,5,25,0.0,5,30322.8,5,151614,30317.8,5,151589,1055.0,5,5275,-5.21990016412799,5,1.0,5,-5.5765971690783855,5
2017-12-28,20,linear,,1,5,-5.936486805603939,5,0.04454492166486378,5,10.0,5,5.0,5,25,0.0,5,30322.8,5,151614,30317.8,5,151589,1055.0,5,5275,-7.890379906923971,5,1.0,5,-5.770589813334374,5
2017-12-28,20,linear,,5,5,-6.239542026206481,5,0.04454492166486378,5,10.0,5,5.0,5,25,0.0,5,30322.8,5,151614,30317.8,5,151589,1055.0,5,5275,-8.117474537268144,5,1.0,5,-6.130500488334478,5
2017-12-28,20,xgboost,7.0,0,5,-10.751555692810191,5,0.0,5,10.0,5,5.0,5,25,0.0,5,30322.8,5,151614,30317.8,5,151589,0.0,5,0,,0,1.0,5,-7.40423947669227,5
2017-12-28,20,xgboost,7.0,1,5,-10.758689113223749,5,0.0,5,10.0,5,5.0,5,25,0.0,5,30322.8,5,151614,30317.8,5,151589,0.0,5,0,,0,1.0,5,-7.467132882695805,5
2017-12-28,20,xgboost,7.0,5,5,-10.680881089786144,5,0.0,5,10.0,5,5.0,5,25,0.0,5,30322.8,5,151614,30317.8,5,151589,0.0,5,0,,0,1.0,5,-7.572412593386758,5
2017-12-28,20,xgboost,,0,5,-5.809527283264797,5,0.08867740095629825,5,10.0,5,5.0,5,25,0.0,5,30322.8,5,151614,30317.8,5,151589,2363.0,5,11815,-4.741884878573133,5,1.0,5,-5.932932930868077,5
2017-12-28,20,xgboost,,1,5,-6.009438681289447,5,0.08867740095629825,5,10.0,5,5.0,5,25,0.0,5,30322.8,5,151614,30317.8,5,151589,2363.0,5,11815,-5.149753844967014,5,1.0,5,-6.143341847484862,5
2017-12-28,20,xgboost,,5,5,-6.345404355082485,5,0.08867740095629825,5,10.0,5,5.0,5,25,0.0,5,30322.8,5,151614,30317.8,5,151589,2363.0,5,11815,-5.71010272860587,5,1.0,5,-6.549475544132656,5
2017-12-28,50,linear,,0,5,-5.788574911200672,5,0.24637860508365717,5,10.0,5,5.0,5,25,0.0,5,30292.8,5,151464,30287.8,5,151439,7152.2,5,35761,-5.982349055249222,5,1.0,5,-5.802105298965111,5
2017-12-28,50,linear,,1,5,-5.967431032698191,5,0.24637860508365717,5,10.0,5,5.0,5,25,0.0,5,30292.8,5,151464,30287.8,5,151439,7152.2,5,35761,-6.161326932356534,5,1.0,5,-5.983695541479826,5
2017-12-28,50,linear,,5,5,-6.2606425628026035,5,0.24637860508365717,5,10.0,5,5.0,5,25,0.0,5,30292.8,5,151464,30287.8,5,151439,7152.2,5,35761,-6.4937806488529315,5,1.0,5,-6.344428188000907,5
2017-12-28,50,xgboost,,0,5,-5.9327450645701845,5,0.25351237784596303,5,10.0,5,5.0,5,25,0.0,5,30292.8,5,151464,30287.8,5,151439,7318.4,5,36592,-6.437262161520789,5,1.0,5,-6.383734439379355,5
2017-12-28,50,xgboost,,1,5,-6.14304797131758,5,0.25351237784596303,5,10.0,5,5.0,5,25,0.0,5,30292.8,5,151464,30287.8,5,151439,7318.4,5,36592,-6.611810888749806,5,1.0,5,-6.5575948339904695,5
2017-12-28,50,xgboost,,5,5,-6.468717027068243,5,0.25351237784596303,5,10.0,5,5.0,5,25,0.0,5,30292.8,5,151464,30287.8,5,151439,7318.4,5,36592,-6.939320761982752,5,1.0,5,-6.909321597815165,5
2017-12-29,10,linear,,0,5,-5.608054373817241,5,0.00010477094690353895,5,10.0,5,5.0,5,25,0.0,5,32809.0,5,164045,32804.0,5,164020,2.6,5,13,,2,1.0,5,-5.476162427416689,5
2017-12-29,10,linear,,1,5,-5.795904908584231,5,0.00010477094690353895,5,10.0,5,5.0,5,25,0.0,5,32809.0,5,164045,32804.0,5,164020,2.6,5,13,,2,1.0,5,-5.709211234579313,5
2017-12-29,10,linear,,5,5,-6.130474428447367,5,0.00010477094690353895,5,10.0,5,5.0,5,25,0.0,5,32809.0,5,164045,32804.0,5,164020,2.6,5,13,,2,1.0,5,-6.108330203198921,5
2017-12-29,10,xgboost,,0,5,-5.904624634693556,5,0.01707193064081687,5,10.0,5,5.0,5,25,0.0,5,32809.0,5,164045,32804.0,5,164020,517.4,5,2587,-4.39518314641424,5,1.0,5,-5.98227578587129,5
2017-12-29,10,xgboost,,1,5,-6.127106897654504,5,0.01707193064081687,5,10.0,5,5.0,5,25,0.0,5,32809.0,5,164045,32804.0,5,164020,517.4,5,2587,-5.248995757237547,5,1.0,5,-6.226522897152688,5
2017-12-29,10,xgboost,,5,5,-6.509353641353267,5,0.01707193064081687,5,10.0,5,5.0,5,25,0.0,5,32809.0,5,164045,32804.0,5,164020,517.4,5,2587,-5.801645967585556,5,1.0,5,-6.664478745097284,5
2017-12-29,20,linear,,0,5,-5.607015435338903,5,0.023468795903333464,5,10.0,5,5.0,5,25,0.0,5,32799.0,5,163995,32794.0,5,163970,575.0,5,2875,,4,1.0,5,-5.5552728164079195,5
2017-12-29,20,linear,,1,5,-5.785420133131433,5,0.023468795903333464,5,10.0,5,5.0,5,25,0.0,5,32799.0,5,163995,32794.0,5,163970,575.0,5,2875,,4,1.0,5,-5.794061235789905,5
2017-12-29,20,linear,,5,5,-6.115171667963239,5,0.023468795903333464,5,10.0,5,5.0,5,25,0.0,5,32799.0,5,163995,32794.0,5,163970,575.0,5,2875,,4,1.0,5,-6.1974880679493785,5
2017-12-29,20,xgboost,7.0,0,5,-11.916500304537319,5,0.0,5,10.0,5,5.0,5,25,0.0,5,32799.0,5,163995,32794.0,5,163970,0.0,5,0,,0,1.0,5,-10.043542783100971,5
2017-12-29,20,xgboost,7.0,1,5,-11.91492806867327,5,0.0,5,10.0,5,5.0,5,25,0.0,5,32799.0,5,163995,32794.0,5,163970,0.0,5,0,,0,1.0,5,-10.048469633546102,5
2017-12-29,20,xgboost,7.0,5,5,-11.898970236565958,5,0.0,5,10.0,5,5.0,5,25,0.0,5,32799.0,5,163995,32794.0,5,163970,0.0,5,0,,0,1.0,5,-10.031696486337001,5
2017-12-29,20,xgboost,,0,5,-5.858338115779094,5,0.06159667469825014,5,10.0,5,5.0,5,25,0.0,5,32799.0,5,163995,32794.0,5,163970,1925.8,5,9629,-4.6764972384563865,5,1.0,5,-5.887934646994829,5
2017-12-29,20,xgboost,,1,5,-6.0668001043479425,5,0.06159667469825014,5,10.0,5,5.0,5,25,0.0,5,32799.0,5,163995,32794.0,5,163970,1925.8,5,9629,-5.12217067186007,5,1.0,5,-6.134767566787185,5
2017-12-29,20,xgboost,,5,5,-6.429601860155223,5,0.06159667469825014,5,10.0,5,5.0,5,25,0.0,5,32799.0,5,163995,32794.0,5,163970,1925.8,5,9629,-5.635576207950927,5,1.0,5,-6.559329162559999,5
2017-12-29,50,linear,,0,5,-5.722146811973007,5,0.2318241439164325,5,10.0,5,5.0,5,25,0.0,5,32769.0,5,163845,32764.0,5,163820,7492.2,5,37461,-6.276622618037154,5,1.0,5,-6.2393887999088715,5
2017-12-29,50,linear,,1,5,-5.873653464468104,5,0.2318241439164325,5,10.0,5,5.0,5,25,0.0,5,32769.0,5,163845,32764.0,5,163820,7492.2,5,37461,-6.457299209616866,5,1.0,5,-6.458539169592347,5
2017-12-29,50,linear,,5,5,-6.159457276255576,5,0.2318241439164325,5,10.0,5,5.0,5,25,0.0,5,32769.0,5,163845,32764.0,5,163820,7492.2,5,37461,-6.783858161855228,5,1.0,5,-6.857194871043143,5
2017-12-29,50,xgboost,,0,5,-6.149144799522137,5,0.24697106069799143,5,10.0,5,5.0,5,25,0.0,5,32769.0,5,163845,32764.0,5,163820,8077.4,5,40387,-6.950023869260809,5,1.0,5,-6.638678731598359,5
2017-12-29,50,xgboost,,1,5,-6.320142132529228,5,0.24697106069799143,5,10.0,5,5.0,5,25,0.0,5,32769.0,5,163845,32764.0,5,163820,8077.4,5,40387,-7.113764405232823,5,1.0,5,-6.837857820013267,5
2017-12-29,50,xgboost,,5,5,-6.6345217418248925,5,0.24697106069799143,5,10.0,5,5.0,5,25,0.0,5,32769.0,5,163845,32764.0,5,163820,8077.4,5,40387,-7.42824689828902,5,1.0,5,-7.215683709859727,5
all,10,linear,,0,5,-5.444192739546405,5,0.00019996345619402445,5,10.0,5,153.0,5,765,0.0,5,96959.6,5,484798,96806.6,5,484033,11.8,5,59,,4,1.0,5,-5.353028076666985,5
all,10,linear,,1,5,-5.627251960755884,5,0.00019996345619402445,5,10.0,5,153.0,5,765,0.0,5,96959.6,5,484798,96806.6,5,484033,11.8,5,59,,4,1.0,5,-5.561417200274633,5
all,10,linear,,5,5,-5.911142840537227,5,0.00019996345619402445,5,10.0,5,153.0,5,765,0.0,5,96959.6,5,484798,96806.6,5,484033,11.8,5,59,,4,1.0,5,-5.9348176353706865,5
all,10,xgboost,,0,5,-5.623874128592279,5,0.022500477968246637,5,10.0,5,153.0,5,765,0.0,5,96959.6,5,484798,96806.6,5,484033,1738.4,5,8692,-4.3826194241213505,5,1.0,5,-5.676888384763718,5
all,10,xgboost,,1,5,-5.816746889096789,5,0.022500477968246637,5,10.0,5,153.0,5,765,0.0,5,96959.6,5,484798,96806.6,5,484033,1738.4,5,8692,-5.17689768402626,5,1.0,5,-5.890043896515123,5
all,10,xgboost,,5,5,-6.146206930867386,5,0.022500477968246637,5,10.0,5,153.0,5,765,0.0,5,96959.6,5,484798,96806.6,5,484033,1738.4,5,8692,-5.666953779995426,5,1.0,5,-6.315554499026504,5
all,20,linear,,0,5,-5.403407565265859,5,0.039096892562295454,5,10.0,5,137.4,5,687,0.0,5,96661.4,5,483307,96524.0,5,482620,2544.2,5,12721,-4.293353208588194,5,1.0,5,-5.361908048520635,5
all,20,linear,,1,5,-5.58342852282949,5,0.039096892562295454,5,10.0,5,137.4,5,687,0.0,5,96661.4,5,483307,96524.0,5,482620,2544.2,5,12721,-6.184914249827239,5,1.0,5,-5.574955838888412,5
all,20,linear,,5,5,-5.881590449734083,5,0.039096892562295454,5,10.0,5,137.4,5,687,0.0,5,96661.4,5,483307,96524.0,5,482620,2544.2,5,12721,-6.43777180505154,5,1.0,5,-5.964396774957647,5
all,20,xgboost,7.0,0,5,-10.868897346102296,5,0.0,5,10.0,5,137.4,5,687,0.0,5,96661.4,5,483307,96524.0,5,482620,0.0,5,0,,0,1.0,5,-8.111935766604338,5
all,20,xgboost,7.0,1,5,-10.868441364186348,5,0.0,5,10.0,5,137.4,5,687,0.0,5,96661.4,5,483307,96524.0,5,482620,0.0,5,0,,0,1.0,5,-8.165612176543311,5
all,20,xgboost,7.0,5,5,-10.811801795031464,5,0.0,5,10.0,5,137.4,5,687,0.0,5,96661.4,5,483307,96524.0,5,482620,0.0,5,0,,0,1.0,5,-8.273167158582922,5
all,20,xgboost,,0,5,-5.511703069134368,5,0.08430725482139417,5,10.0,5,137.4,5,687,0.0,5,96661.4,5,483307,96524.0,5,482620,6735.4,5,33677,-4.519463311640908,5,1.0,5,-5.655822573825979,5
all,20,xgboost,,1,5,-5.701655855307252,5,0.08430725482139417,5,10.0,5,137.4,5,687,0.0,5,96661.4,5,483307,96524.0,5,482620,6735.4,5,33677,-4.926715813837055,5,1.0,5,-5.870529697053949,5
all,20,xgboost,,5,5,-6.03087351828185,5,0.08430725482139417,5,10.0,5,137.4,5,687,0.0,5,96661.4,5,483307,96524.0,5,482620,6735.4,5,33677,-5.427258942907019,5,1.0,5,-6.290972861659266,5
all,50,linear,,0,5,-5.432225247044341,5,0.24786152410651469,5,10.0,5,106.4,5,532,0.0,5,95916.4,5,479582,95810.0,5,479050,21024.4,5,105122,-5.7416963472601905,5,1.0,5,-5.6406056964338775,5
all,50,linear,,1,5,-5.599314959827334,5,0.24786152410651469,5,10.0,5,106.4,5,532,0.0,5,95916.4,5,479582,95810.0,5,479050,21024.4,5,105122,-5.921289405247618,5,1.0,5,-5.844541898537147,5
all,50,linear,,5,5,-5.891526133263959,5,0.24786152410651469,5,10.0,5,106.4,5,532,0.0,5,95916.4,5,479582,95810.0,5,479050,21024.4,5,105122,-6.2514751544635665,5,1.0,5,-6.239454282589634,5
all,50,xgboost,,0,5,-5.754429462987757,5,0.25828502430531647,5,10.0,5,106.4,5,532,0.0,5,95916.4,5,479582,95810.0,5,479050,22533.0,5,112665,-6.259268145071926,5,1.0,5,-6.115007701291716,5
all,50,xgboost,,1,5,-5.93053258890148,5,0.25828502430531647,5,10.0,5,106.4,5,532,0.0,5,95916.4,5,479582,95810.0,5,479050,22533.0,5,112665,-6.426427271723173,5,1.0,5,-6.303471390494629,5
all,50,xgboost,,5,5,-6.243179979035617,5,0.25828502430531647,5,10.0,5,106.4,5,532,0.0,5,95916.4,5,479582,95810.0,5,479050,22533.0,5,112665,-6.743721911061587,5,1.0,5,-6.681072779340132,5
