symbol,horizon,model,control_seed,bottom_decile_short_bps,coverage,day,decile_bins,excluded_crossing_common,latency,ordered_deciles,prediction_rows,rows,selected_rows,sign_selected_bps,threshold_bps,top_decile_long_bps
KGHM,10,linear,,-5.500256455156896,0.0003212187958883994,all,10,15,0,0.0,87183,87168,28,-8.10817405728515,1.0,-5.408439631699691
KGHM,10,linear,,-5.162435303298808,0.0003126535352181875,2017-12-27,10,5,0,0.0,22394,22389,7,-6.375978836031927,1.0,-5.128528661093952
KGHM,10,linear,,-5.643056111799414,0.0002850220892119139,2017-12-28,10,5,0,0.0,35090,35085,10,-8.443686584186727,1.0,-5.65947167757814
KGHM,10,linear,,-5.790305839397663,0.00037044520778608473,2017-12-29,10,5,0,0.0,29699,29694,11,-8.905468719081222,1.0,-5.231925516746406
KGHM,10,linear,,-5.720574345869948,0.0003212187958883994,all,10,15,1,0.0,87183,87168,28,-7.632512048372106,1.0,-5.610128224256235
KGHM,10,linear,,-5.318543091021339,0.0003126535352181875,2017-12-27,10,5,1,0.0,22394,22389,7,-5.108115318760016,1.0,-5.274379545360734
KGHM,10,linear,,-5.892739835666077,0.0002850220892119139,2017-12-28,10,5,1,0.0,35090,35085,10,-7.99953815102319,1.0,-5.880747574624115
KGHM,10,linear,,-6.0633792985104025,0.00037044520778608473,2017-12-29,10,5,1,0.0,29699,29694,11,-8.905286237533359,1.0,-5.496385060053111
KGHM,10,linear,,-6.133046890829387,0.0003212187958883994,all,10,15,5,0.0,87183,87168,28,-8.266342730752383,1.0,-6.090695091585911
KGHM,10,linear,,-5.626712938182285,0.0003126535352181875,2017-12-27,10,5,5,0.0,22394,22389,7,-4.4679310099846345,1.0,-5.59860899180606
KGHM,10,linear,,-6.377639462069583,0.0002850220892119139,2017-12-28,10,5,5,0.0,35090,35085,10,-9.329717560139875,1.0,-6.423716185932742
KGHM,10,linear,,-6.535146064623217,0.00037044520778608473,2017-12-29,10,5,5,0.0,29699,29694,11,-9.716809435434136,1.0,-6.128405723723426
KGHM,10,xgboost,,-5.839260591017532,0.03207599118942731,all,10,15,0,0.0,87183,87168,2796,-5.358424602727865,1.0,-5.7122538892382755
KGHM,10,xgboost,,-5.164718494439846,0.051811157264728215,2017-12-27,10,5,0,0.0,22394,22389,1160,-4.796717320846999,1.0,-4.945884286124177
KGHM,10,xgboost,,-6.399966584538927,0.029157759726378796,2017-12-28,10,5,0,0.0,35090,35085,1023,-6.209681875605849,1.0,-6.06757279448385
KGHM,10,xgboost,,-6.103907089291836,0.02064390112480636,2017-12-29,10,5,0,0.0,29699,29694,613,-5.000748023327585,1.0,-6.289057397447221
KGHM,10,xgboost,,-6.080132539417816,0.03207599118942731,all,10,15,1,0.0,87183,87168,2796,-5.979872657313863,1.0,-5.9359643429051046
KGHM,10,xgboost,,-5.332054719722905,0.051811157264728215,2017-12-27,10,5,1,0.0,22394,22389,1160,-5.305683749411575,1.0,-5.123092870936345
KGHM,10,xgboost,,-6.6336030964150545,0.029157759726378796,2017-12-28,10,5,1,0.0,35090,35085,1023,-6.769008890755624,1.0,-6.28866445996449
KGHM,10,xgboost,,-6.448632322860601,0.02064390112480636,2017-12-29,10,5,1,0.0,29699,29694,613,-5.938718931956168,1.0,-6.602429429352805
KGHM,10,xgboost,,-6.575969350525697,0.03207599118942731,all,10,15,5,0.0,87183,87168,2796,-6.645876562979983,1.0,-6.493863343038028
KGHM,10,xgboost,,-5.69063778938878,0.051811157264728215,2017-12-27,10,5,5,0.0,22394,22389,1160,-5.849460916520704,1.0,-5.554410861324196
KGHM,10,xgboost,,-7.181387903958371,0.029157759726378796,2017-12-28,10,5,5,0.0,35090,35085,1023,-7.56677118353459,1.0,-6.916685617322381
KGHM,10,xgboost,,-7.066498588382909,0.02064390112480636,2017-12-29,10,5,5,0.0,29699,29694,613,-6.616132603869701,1.0,-7.229748959766023
KGHM,20,linear,,-5.455749694191654,0.06839725492896326,all,10,15,0,0.0,87153,87138,5960,-4.618933267953027,1.0,-5.416161506685736
KGHM,20,linear,,-4.990116929074927,0.10295366191518834,2017-12-27,10,5,0,0.0,22384,22379,2304,-4.19514658441985,1.0,-5.056089245161891
KGHM,20,linear,,-5.719885516912134,0.07475409836065573,2017-12-28,10,5,0,0.0,35080,35075,2622,-4.940008612980584,1.0,-5.678973921497208
KGHM,20,linear,,-5.777947474237518,0.03483358038000269,2017-12-29,10,5,0,0.0,29689,29684,1034,-4.749054123076999,1.0,-5.332372825317101
KGHM,20,linear,,-5.666892302424626,0.06839725492896326,all,10,15,1,0.0,87153,87138,5960,-4.912454216664714,1.0,-5.633225079042483
KGHM,20,linear,,-5.1522699873573075,0.10295366191518834,2017-12-27,10,5,1,0.0,22384,22379,2304,-4.397086521160421,1.0,-5.211759543006865
KGHM,20,linear,,-5.963131002229056,0.07475409836065573,2017-12-28,10,5,1,0.0,35080,35075,2622,-5.288640036048195,1.0,-5.909549440796734
KGHM,20,linear,,-6.018536594540526,0.03483358038000269,2017-12-29,10,5,1,0.0,29689,29684,1034,-5.106891307591602,1.0,-5.6435650681011795
KGHM,20,linear,,-6.068711074794252,0.06839725492896326,all,10,15,5,0.0,87153,87138,5960,-5.52189348245628,1.0,-6.137907858100602
KGHM,20,linear,,-5.473771272829888,0.10295366191518834,2017-12-27,10,5,5,0.0,22384,22379,2304,-4.764049072661084,1.0,-5.533736578526526
KGHM,20,linear,,-6.399049835051419,0.07475409836065573,2017-12-28,10,5,5,0.0,35080,35075,2622,-6.046768274418005,1.0,-6.461198374667949
KGHM,20,linear,,-6.487762458420239,0.03483358038000269,2017-12-29,10,5,5,0.0,29689,29684,1034,-5.879583826406469,1.0,-6.404975864141328
KGHM,20,xgboost,,-5.868977711053291,0.13712731529298355,all,10,15,0,0.0,87153,87138,11949,-5.319907443100616,1.0,-5.645736782251385
KGHM,20,xgboost,,-5.098759938745567,0.2051029983466643,2017-12-27,10,5,0,0.0,22384,22379,4590,-4.7451503224410585,1.0,-5.163503874337092
KGHM,20,xgboost,,-6.618198122836065,0.13699215965787598,2017-12-28,10,5,0,0.0,35080,35075,4805,-5.814840377735834,1.0,-5.826642422117836
KGHM,20,xgboost,,-6.143958640254404,0.08603961730225038,2017-12-29,10,5,0,0.0,29689,29684,2554,-5.42170166115275,1.0,-6.137440746293217
KGHM,20,xgboost,,-6.086291025369357,0.13712731529298355,all,10,15,1,0.0,87153,87138,11949,-5.593192271829656,1.0,-5.875297090009388
KGHM,20,xgboost,,-5.280659961752253,0.2051029983466643,2017-12-27,10,5,1,0.0,22384,22379,4590,-4.964369352565805,1.0,-5.340171521480494
KGHM,20,xgboost,,-6.796008097898098,0.13699215965787598,2017-12-28,10,5,1,0.0,35080,35075,4805,-6.065990578466501,1.0,-6.05266355162244
KGHM,20,xgboost,,-6.4532852791885595,0.08603961730225038,2017-12-29,10,5,1,0.0,29689,29684,2554,-5.833795770667181,1.0,-6.48417178511935
KGHM,20,xgboost,,-6.518147115054574,0.13712731529298355,all,10,15,5,0.0,87153,87138,11949,-6.136776861855831,1.0,-6.381374278455091
KGHM,20,xgboost,,-5.634112661749488,0.2051029983466643,2017-12-27,10,5,5,0.0,22384,22379,4590,-5.379515675078437,1.0,-5.6603366441818865
KGHM,20,xgboost,,-7.204374706373553,0.13699215965787598,2017-12-28,10,5,5,0.0,35080,35075,4805,-6.654254942939335,1.0,-6.645288797379367
KGHM,20,xgboost,,-7.020198030276653,0.08603961730225038,2017-12-29,10,5,5,0.0,29689,29684,2554,-6.524148305748546,1.0,-7.13436100767118
KGHM,50,linear,,-5.4800070205865605,0.36135235732009924,all,10,15,0,0.0,87063,87048,31455,-6.3673515157296565,1.0,-5.733926011243275
KGHM,50,linear,,-4.739651293869941,0.4429280952167882,2017-12-27,10,5,0,0.0,22354,22349,9899,-5.25135535314922,1.0,-4.846389731838525
KGHM,50,linear,,-5.711424000710661,0.3819660436581538,2017-12-28,10,5,0,0.0,35050,35045,13386,-6.748889458611932,1.0,-6.1295447338509454
KGHM,50,linear,,-6.089010131212016,0.2755108922910906,2017-12-29,10,5,0,0.0,29659,29654,8170,-7.094399142407945,1.0,-6.189154760279838
KGHM,50,linear,,-5.68379854133985,0.36135235732009924,all,10,15,1,0.0,87063,87048,31455,-6.51589177797159,1.0,-5.940481432153385
KGHM,50,linear,,-4.922591306440776,0.4429280952167882,2017-12-27,10,5,1,0.0,22354,22349,9899,-5.359286121647538,1.0,-5.021212843297891
KGHM,50,linear,,-5.916360654642283,0.3819660436581538,2017-12-28,10,5,1,0.0,35050,35045,13386,-6.891135670639944,1.0,-6.327311186323288
KGHM,50,linear,,-6.315027783046539,0.2755108922910906,2017-12-29,10,5,1,0.0,29659,29654,8170,-7.302455381973204,1.0,-6.50879688607089
KGHM,50,linear,,-6.1009987877068825,0.36135235732009924,all,10,15,5,0.0,87063,87048,31455,-6.87548549426461,1.0,-6.418402142210808
KGHM,50,linear,,-5.28277531585529,0.4429280952167882,2017-12-27,10,5,5,0.0,22354,22349,9899,-5.596728710340998,1.0,-5.3625540640779
KGHM,50,linear,,-6.370791371397339,0.3819660436581538,2017-12-28,10,5,5,0.0,35050,35045,13386,-7.271115454812361,1.0,-6.8387457382138646
KGHM,50,linear,,-6.760798203045716,0.2755108922910906,2017-12-29,10,5,5,0.0,29659,29654,8170,-7.776649601017074,1.0,-7.172293952477669
KGHM,50,xgboost,,-5.8806650818265656,0.36390267438654533,all,10,15,0,0.0,87063,87048,31677,-6.794478550056812,1.0,-6.243654497974921
KGHM,50,xgboost,,-4.96710934908772,0.4477605261980402,2017-12-27,10,5,0,0.0,22354,22349,10007,-5.320241769285006,1.0,-5.247597559024089
KGHM,50,xgboost,,-6.016651531675533,0.3693251533742331,2017-12-28,10,5,0,0.0,35050,35045,12943,-7.083909140474545,1.0,-6.691767143278156
KGHM,50,xgboost,,-6.898010042787299,0.29429419302623594,2017-12-29,10,5,0,0.0,29659,29654,8727,-8.055689428182943,1.0,-6.900808949616835
KGHM,50,xgboost,,-6.114778194661903,0.36390267438654533,all,10,15,1,0.0,87063,87048,31677,-6.945921736022632,1.0,-6.433358724567771
KGHM,50,xgboost,,-5.129465318104095,0.4477605261980402,2017-12-27,10,5,1,0.0,22354,22349,10007,-5.425239507678852,1.0,-5.408585114966173
KGHM,50,xgboost,,-6.33025999635022,0.3693251533742331,2017-12-28,10,5,1,0.0,35050,35045,12943,-7.238568314234692,1.0,-6.867808139774235
KGHM,50,xgboost,,-7.152081972453433,0.29429419302623594,2017-12-29,10,5,1,0.0,29659,29654,8727,-8.255620647130407,1.0,-7.186853685286694
KGHM,50,xgboost,,-6.584552218579459,0.36390267438654533,all,10,15,5,0.0,87063,87048,31677,-7.3124456324210465,1.0,-6.871059249189081
KGHM,50,xgboost,,-5.5016848716190285,0.4477605261980402,2017-12-27,10,5,5,0.0,22354,22349,10007,-5.670899267571696,1.0,-5.7136892451653924
KGHM,50,xgboost,,-6.898846651903265,0.3693251533742331,2017-12-28,10,5,5,0.0,35050,35045,12943,-7.64111752990092,1.0,-7.3497023295080535
KGHM,50,xgboost,,-7.6570592259297365,0.29429419302623594,2017-12-29,10,5,5,0.0,29659,29654,8727,-8.707306879581058,1.0,-7.7570460928611125
PEKAO,10,linear,,-5.171723399561311,0.0006516932386826487,all,10,15,0,0.0,42980,42965,28,-6.15798811526342,1.0,-5.058481934720434
PEKAO,10,linear,,-4.903283658328443,0.0002206369051996764,2017-12-27,10,5,0,0.0,13602,13597,3,-5.241611774615145,1.0,-4.533871900778185
PEKAO,10,linear,,-5.355176774427778,0.0014083644602290123,2017-12-28,10,5,0,0.0,16336,16331,23,-6.344554104393201,1.0,-5.494126334693822
PEKAO,10,linear,,-5.275466091963805,0.00015340952673161004,2017-12-29,10,5,0,0.0,13042,13037,2,-5.387043751243336,1.0,-5.277762556535607
PEKAO,10,linear,,-5.407353853062698,0.0006516932386826487,all,10,15,1,0.0,42980,42965,28,-7.677712408730329,1.0,-5.282678063052345
PEKAO,10,linear,,-5.086898870752702,0.0002206369051996764,2017-12-27,10,5,1,0.0,13602,13597,3,-6.553689347907187,1.0,-4.788983809009522
PEKAO,10,linear,,-5.648761098064262,0.0014083644602290123,2017-12-28,10,5,1,0.0,16336,16331,23,-8.023512691227866,1.0,-5.709696171375408
PEKAO,10,linear,,-5.478255994371404,0.00015340952673161004,2017-12-29,10,5,1,0.0,13042,13037,2,-5.387043751243336,1.0,-5.46242312549702
PEKAO,10,linear,,-5.664795731515159,0.0006516932386826487,all,10,15,5,0.0,42980,42965,28,-7.233427379993891,1.0,-5.671928542300691
PEKAO,10,linear,,-5.31950764590973,0.0002206369051996764,2017-12-27,10,5,5,0.0,13602,13597,3,-5.244700423371683,1.0,-5.226722668957016
PEKAO,10,linear,,-5.8355138904787855,0.0014083644602290123,2017-12-28,10,5,5,0.0,16336,16331,23,-7.452666471323507,1.0,-6.028633702025741
PEKAO,10,linear,,-5.952422247924939,0.00015340952673161004,2017-12-29,10,5,5,0.0,13042,13037,2,-7.69526826463664,1.0,-5.878315929527108
PEKAO,10,xgboost,,-5.159719755288361,0.04045153031537298,all,10,15,0,0.0,42980,42965,1738,-4.406055656899838,1.0,-4.85153172741733
PEKAO,10,xgboost,,-4.806851549088319,0.03912627785540928,2017-12-27,10,5,0,0.0,13602,13597,532,-4.205398027673382,1.0,-4.402073722102908
PEKAO,10,xgboost,,-5.3001765562048195,0.054313881574918864,2017-12-28,10,5,0,0.0,16336,16331,887,-4.5141754257345434,1.0,-5.2662586925948185
PEKAO,10,xgboost,,-5.5657297434988395,0.0244688195136918,2017-12-29,10,5,0,0.0,13042,13037,319,-4.440060747157174,1.0,-4.970055896503798
PEKAO,10,xgboost,,-5.403381595212478,0.04045153031537298,all,10,15,1,0.0,42980,42965,1738,-5.031006542954961,1.0,-5.100832921048253
PEKAO,10,xgboost,,-5.006209003776914,0.03912627785540928,2017-12-27,10,5,1,0.0,13602,13597,532,-4.9357880576312825,1.0,-4.641993447636834
PEKAO,10,xgboost,,-5.560490178882436,0.054313881574918864,2017-12-28,10,5,1,0.0,16336,16331,887,-5.017543209267911,1.0,-5.503692955251188
PEKAO,10,xgboost,,-5.863469641380898,0.0244688195136918,2017-12-29,10,5,1,0.0,13042,13037,319,-5.227239179859697,1.0,-5.256908283923704
PEKAO,10,xgboost,,-5.712835191601095,0.04045153031537298,all,10,15,5,0.0,42980,42965,1738,-5.481700963037462,1.0,-5.615861296339431
PEKAO,10,xgboost,,-5.2756000694969885,0.03912627785540928,2017-12-27,10,5,5,0.0,13602,13597,532,-5.400783232127061,1.0,-5.2534048246163
PEKAO,10,xgboost,,-5.850775493535794,0.054313881574918864,2017-12-28,10,5,5,0.0,16336,16331,887,-5.394433840341801,1.0,-5.899897531227521
PEKAO,10,xgboost,,-6.329778533034659,0.0244688195136918,2017-12-29,10,5,5,0.0,13042,13037,319,-5.859300244151521,1.0,-5.797603529670731
PEKAO,20,linear,,-5.262864874139305,0.10348200768603703,all,10,15,0,0.0,42950,42935,4443,-4.464708864731409,1.0,-5.078175735746463
PEKAO,20,linear,,-4.767337649981448,0.12173401045116655,2017-12-27,10,5,0,0.0,13592,13587,1654,-3.8065696488693193,1.0,-4.182984740672754
PEKAO,20,linear,,-5.583850903676446,0.12689173457508732,2017-12-28,10,5,0,0.0,16326,16321,2071,-5.168822829552816,1.0,-5.784976587215524
PEKAO,20,linear,,-5.439631977839277,0.055116296921777844,2017-12-29,10,5,0,0.0,13032,13027,718,-3.9498651904845556,1.0,-5.410886555494367
PEKAO,20,linear,,-5.479412089964764,0.10348200768603703,all,10,15,1,0.0,42950,42935,4443,-4.761905931592411,1.0,-5.29276794255219
PEKAO,20,linear,,-4.963235101051281,0.12173401045116655,2017-12-27,10,5,1,0.0,13592,13587,1654,-4.131783892937789,1.0,-4.4354295969681585
PEKAO,20,linear,,-5.832608049076095,0.12689173457508732,2017-12-28,10,5,1,0.0,16326,16321,2071,-5.451950479737328,1.0,-5.980377480691546
PEKAO,20,linear,,-5.619171453232233,0.055116296921777844,2017-12-29,10,5,1,0.0,13032,13027,718,-4.223103135947037,1.0,-5.5935047938812525
PEKAO,20,linear,,-5.744817864759417,0.10348200768603703,all,10,15,5,0.0,42950,42935,4443,-5.214007675251093,1.0,-5.643283325730658
PEKAO,20,linear,,-5.258246559594074,0.12173401045116655,2017-12-27,10,5,5,0.0,13592,13587,1654,-4.801375172119185,1.0,-4.905378470598826
PEKAO,20,linear,,-6.016573831418062,0.12689173457508732,2017-12-28,10,5,5,0.0,16326,16321,2071,-5.785719497254096,1.0,-6.281917508097133
PEKAO,20,linear,,-6.020712459382335,0.055116296921777844,2017-12-29,10,5,5,0.0,13032,13027,718,-4.515510428471085,1.0,-5.823752957373987
PEKAO,20,xgboost,,-5.0316425475198505,0.13455223011529055,all,10,15,0,0.0,42950,42935,5777,-4.599169393128873,1.0,-4.871843610094957
PEKAO,20,xgboost,,-4.67322074635795,0.15301391035548687,2017-12-27,10,5,0,0.0,13592,13587,2079,-4.158799836147804,1.0,-4.210339444889315
PEKAO,20,xgboost,,-5.163770061921026,0.16843330678267263,2017-12-28,10,5,0,0.0,16326,16321,2749,-4.952439457709525,1.0,-5.427925320886047
PEKAO,20,xgboost,,-5.442832191328342,0.0728486988562217,2017-12-29,10,5,0,0.0,13032,13027,949,-4.540569710759465,1.0,-5.118868009133854
PEKAO,20,xgboost,,-5.287329402137601,0.13455223011529055,all,10,15,1,0.0,42950,42935,5777,-4.926638475189321,1.0,-5.119118480407685
PEKAO,20,xgboost,,-4.907793602146463,0.15301391035548687,2017-12-27,10,5,1,0.0,13592,13587,2079,-4.483612879217168,1.0,-4.460948045693191
PEKAO,20,xgboost,,-5.425718835329448,0.16843330678267263,2017-12-28,10,5,1,0.0,16326,16321,2749,-5.2722328544625725,1.0,-5.677649179894028
PEKAO,20,xgboost,,-5.728103738382965,0.0728486988562217,2017-12-29,10,5,1,0.0,13032,13027,949,-4.896091863391577,1.0,-5.355811100806431
PEKAO,20,xgboost,,-5.6482654324308985,0.13455223011529055,all,10,15,5,0.0,42950,42935,5777,-5.404884354394924,1.0,-5.570732112969494
PEKAO,20,xgboost,,-5.262271940348761,0.15301391035548687,2017-12-27,10,5,5,0.0,13592,13587,2079,-5.086226602690123,1.0,-5.021945914035102
PEKAO,20,xgboost,,-5.761742284476149,0.16843330678267263,2017-12-28,10,5,5,0.0,16326,16321,2749,-5.680764269362188,1.0,-6.04623617774098
PEKAO,20,xgboost,,-6.192638722654181,0.0728486988562217,2017-12-29,10,5,5,0.0,13032,13027,949,-5.303825955605962,1.0,-5.7511336087099405
PEKAO,50,linear,,-5.166573243049626,0.3186602870813397,all,10,15,0,0.0,42860,42845,13653,-5.899523612182713,1.0,-5.261889925727741
PEKAO,50,linear,,-4.828318583157691,0.3630596739691672,2017-12-27,10,5,0,0.0,13562,13557,4922,-5.037062488436928,1.0,-3.8742845423780374
PEKAO,50,linear,,-5.41725193812992,0.33454054385857224,2017-12-28,10,5,0,0.0,16296,16291,5450,-6.148828065738709,1.0,-5.864083497432758
PEKAO,50,linear,,-5.251545036984009,0.2524428714318689,2017-12-29,10,5,0,0.0,13002,12997,3281,-6.779232353175272,1.0,-6.445071813620198
PEKAO,50,linear,,-5.357958105135369,0.3186602870813397,all,10,15,1,0.0,42860,42845,13653,-6.053197422059694,1.0,-5.464741511003258
PEKAO,50,linear,,-5.011425913832876,0.3630596739691672,2017-12-27,10,5,1,0.0,13562,13557,4922,-5.205355366200879,1.0,-4.140266580817378
PEKAO,50,linear,,-5.645527971486627,0.33454054385857224,2017-12-28,10,5,1,0.0,16296,16291,5450,-6.311699139876686,1.0,-6.042377386888695
PEKAO,50,linear,,-5.377490040656639,0.2524428714318689,2017-12-29,10,5,1,0.0,13002,12997,3281,-6.895697951421009,1.0,-6.589477168010889
PEKAO,50,linear,,-5.5510083122149965,0.3186602870813397,all,10,15,5,0.0,42860,42845,13653,-6.333790460185303,1.0,-5.914589313480003
PEKAO,50,linear,,-5.263743067533382,0.3630596739691672,2017-12-27,10,5,5,0.0,13562,13557,4922,-5.54286249748741,1.0,-4.788259151537734
PEKAO,50,linear,,-5.768072698736611,0.33454054385857224,2017-12-28,10,5,5,0.0,16296,16291,5450,-6.547578997052951,1.0,-6.3297414192937405
PEKAO,50,linear,,-5.614008911400943,0.2524428714318689,2017-12-29,10,5,5,0.0,13002,12997,3281,-7.165183299706896,1.0,-6.994718664572603
PEKAO,50,xgboost,,-5.845125346551891,0.30096860777220213,all,10,15,0,0.0,42860,42845,12895,-6.105331291033697,1.0,-5.389028316121944
PEKAO,50,xgboost,,-5.682410225364841,0.3280224238400826,2017-12-27,10,5,0,0.0,13562,13557,4447,-5.247426861314543,1.0,-4.187338319297796
PEKAO,50,xgboost,,-5.998371756727453,0.3217113743784912,2017-12-28,10,5,0,0.0,16296,16291,5241,-6.231658409102898,1.0,-6.111257121631027
PEKAO,50,xgboost,,-5.669156052572592,0.24674924982688312,2017-12-29,10,5,0,0.0,13002,12997,3207,-7.088499539602576,1.0,-6.038457976378096
PEKAO,50,xgboost,,-6.039791313336071,0.30096860777220213,all,10,15,1,0.0,42860,42845,12895,-6.257813582320361,1.0,-5.613249146011819
PEKAO,50,xgboost,,-5.866539338791972,0.3280224238400826,2017-12-27,10,5,1,0.0,13562,13557,4447,-5.418680629702803,1.0,-4.468567929209254
PEKAO,50,xgboost,,-6.193789768779982,0.3217113743784912,2017-12-28,10,5,1,0.0,16296,16291,5241,-6.375673458630522,1.0,-6.293857224032111
PEKAO,50,xgboost,,-5.879941816819179,0.24674924982688312,2017-12-29,10,5,1,0.0,13002,12997,3207,-7.228789768334931,1.0,-6.242570015227927
PEKAO,50,xgboost,,-6.250673654006075,0.30096860777220213,all,10,15,5,0.0,42860,42845,12895,-6.5278602220295685,1.0,-6.095634250237223
PEKAO,50,xgboost,,-6.13558617390414,0.3280224238400826,2017-12-27,10,5,5,0.0,13562,13557,4447,-5.755230184173496,1.0,-5.136880464641185
PEKAO,50,xgboost,,-6.368921516433123,0.3217113743784912,2017-12-28,10,5,5,0.0,16296,16291,5241,-6.61077723417168,1.0,-6.62585737682332
PEKAO,50,xgboost,,-6.096638929476431,0.24674924982688312,2017-12-29,10,5,5,0.0,13002,12997,3207,-7.463724805038343,1.0,-6.680669184592657
PKNORLEN,10,linear,,-7.608154718335292,2.0380088653385642e-05,all,10,15,0,0.0,98150,98135,2,-4.456540611343181,1.0,-7.147001246600657
PKNORLEN,10,linear,,-6.3151657142821085,3.3840947546531304e-05,2017-12-27,10,5,0,0.0,29555,29550,1,-4.425757911042014,1.0,-6.765556467214911
PKNORLEN,10,linear,,-8.380963728428986,3.6260787584306334e-05,2017-12-28,10,5,0,0.0,27583,27578,1,-4.4873233116443485,1.0,-7.3271798753909
PKNORLEN,10,linear,,-7.702322615083813,0.0,2017-12-29,10,5,0,0.0,41012,41007,0,,1.0,-7.488795478552952
PKNORLEN,10,linear,,-7.8103124973426485,2.0380088653385642e-05,all,10,15,1,0.0,98150,98135,2,-20.082584871376667,1.0,-7.366942276180095
PKNORLEN,10,linear,,-6.42323580315432,3.3840947546531304e-05,2017-12-27,10,5,1,0.0,29555,29550,1,-13.271400132713246,1.0,-6.978582341162026
PKNORLEN,10,linear,,-8.6067236707424,3.6260787584306334e-05,2017-12-28,10,5,1,0.0,27583,27578,1,-26.893769610040085,1.0,-7.534352893274844
PKNORLEN,10,linear,,-7.923998779640621,0.0,2017-12-29,10,5,1,0.0,41012,41007,0,,1.0,-7.730403725408472
PKNORLEN,10,linear,,-8.152612989851464,2.0380088653385642e-05,all,10,15,5,0.0,98150,98135,2,-20.082584871376667,1.0,-7.815457773289695
PKNORLEN,10,linear,,-6.597030760801497,3.3840947546531304e-05,2017-12-27,10,5,5,0.0,29555,29550,1,-13.271400132713246,1.0,-7.530253117677364
PKNORLEN,10,linear,,-9.01483754773409,3.6260787584306334e-05,2017-12-28,10,5,5,0.0,27583,27578,1,-26.893769610040085,1.0,-7.940654705804787
PKNORLEN,10,linear,,-8.292117654936058,0.0,2017-12-29,10,5,5,0.0,41012,41007,0,,1.0,-8.080203085935432
PKNORLEN,10,xgboost,,-8.113766708912106,0.027798440923218017,all,10,15,0,0.0,98150,98135,2728,-6.584377366368481,1.0,-7.796109005507119
PKNORLEN,10,xgboost,,-6.231098250675497,0.02934010152284264,2017-12-27,10,5,0,0.0,29555,29550,867,-5.88217325413381,1.0,-7.592342487814359
PKNORLEN,10,xgboost,,-8.274251321842787,0.027521937776488505,2017-12-28,10,5,0,0.0,27583,27578,759,-6.344114169672648,1.0,-7.3891851510139075
PKNORLEN,10,xgboost,,-8.69890147803458,0.026873460628673154,2017-12-29,10,5,0,0.0,41012,41007,1102,-7.302318139144886,1.0,-8.432555126146038
PKNORLEN,10,xgboost,,-8.3298140613917,0.027798440923218017,all,10,15,1,0.0,98150,98135,2728,-7.165855889260492,1.0,-8.025310359609412
PKNORLEN,10,xgboost,,-6.426078787664491,0.02934010152284264,2017-12-27,10,5,1,0.0,29555,29550,867,-6.552283910597143,1.0,-7.784651806431381
PKNORLEN,10,xgboost,,-8.597942772904183,0.027521937776488505,2017-12-28,10,5,1,0.0,27583,27578,759,-7.130494104761316,1.0,-7.6219311910042755
PKNORLEN,10,xgboost,,-8.882013758321904,0.026873460628673154,2017-12-29,10,5,1,0.0,41012,41007,1102,-7.672939827496425,1.0,-8.70535625950168
PKNORLEN,10,xgboost,,-8.703342918927016,0.027798440923218017,all,10,15,5,0.0,98150,98135,2728,-7.802971946366217,1.0,-8.473036035332157
PKNORLEN,10,xgboost,,-6.7233099738897675,0.02934010152284264,2017-12-27,10,5,5,0.0,29555,29550,867,-7.227195839246985,1.0,-8.285324037622368
PKNORLEN,10,xgboost,,-9.115388064274791,0.027521937776488505,2017-12-28,10,5,5,0.0,27583,27578,759,-8.010957649117433,1.0,-8.040657371028304
PKNORLEN,10,xgboost,,-9.227999488075914,0.026873460628673154,2017-12-29,10,5,5,0.0,41012,41007,1102,-8.11271490143355,1.0,-9.112689986103991
PKNORLEN,20,linear,,-7.463896064008646,0.023546200499464858,all,10,15,0,0.0,98120,98105,2310,-4.850549208390059,1.0,-7.151793748378999
PKNORLEN,20,linear,,-5.835931941056878,0.02064996614759648,2017-12-27,10,5,0,0.0,29545,29540,610,-4.428307585717521,1.0,-6.73214219902993
PKNORLEN,20,linear,,-8.202513126239312,0.020966337782936738,2017-12-28,10,5,0,0.0,27573,27568,578,-4.896450081632401,1.0,-7.258504504793601
PKNORLEN,20,linear,,-7.665674023689927,0.027367856184598874,2017-12-29,10,5,0,0.0,41002,40997,1122,-5.056464257495384,1.0,-7.5904151828310225
PKNORLEN,20,linear,,-7.669372318114108,0.023546200499464858,all,10,15,1,0.0,98120,98105,2310,-5.28125468774254,1.0,-7.381720102941355
PKNORLEN,20,linear,,-5.93259677003015,0.02064996614759648,2017-12-27,10,5,1,0.0,29545,29540,610,-4.769817108959686,1.0,-6.953413402692272
PKNORLEN,20,linear,,-8.447053972780445,0.020966337782936738,2017-12-28,10,5,1,0.0,27573,27568,578,-5.475245126476726,1.0,-7.498697635820427
PKNORLEN,20,linear,,-7.888647687018788,0.027367856184598874,2017-12-29,10,5,1,0.0,41002,40997,1122,-5.459374517928974,1.0,-7.821840700350491
PKNORLEN,20,linear,,-8.0402033949546,0.023546200499464858,all,10,15,5,0.0,98120,98105,2310,-5.886915375870558,1.0,-7.880006186903429
PKNORLEN,20,linear,,-6.070251755423121,0.02064996614759648,2017-12-27,10,5,5,0.0,29545,29540,610,-5.110986710720688,1.0,-7.508499873797627
PKNORLEN,20,linear,,-8.93590703428565,0.020966337782936738,2017-12-28,10,5,5,0.0,27573,27568,578,-6.324655191521698,1.0,-7.999168610431622
PKNORLEN,20,linear,,-8.283619754943278,0.027367856184598874,2017-12-29,10,5,5,0.0,41002,40997,1122,-6.083263746900025,1.0,-8.245199742892398
PKNORLEN,20,xgboost,,-7.618488138454465,0.09615208195300953,all,10,15,0,0.0,98120,98105,9433,-6.002898161254823,1.0,-7.665105711660521
PKNORLEN,20,xgboost,,-5.446341326555715,0.1083276912660799,2017-12-27,10,5,0,0.0,29545,29540,3200,-5.494528525464955,1.0,-7.504889252782841
PKNORLEN,20,xgboost,,-7.879969154146631,0.0860780615206036,2017-12-28,10,5,0,0.0,27573,27568,2373,-5.885355797497031,1.0,-7.252945069435559
PKNORLEN,20,xgboost,,-8.269816712990062,0.09415323072419933,2017-12-29,10,5,0,0.0,41002,40997,3860,-6.496605638903741,1.0,-8.219791296342807
PKNORLEN,20,xgboost,,-7.82572595976862,0.09615208195300953,all,10,15,1,0.0,98120,98105,9433,-6.3459913438984294,1.0,-7.88537716446934
PKNORLEN,20,xgboost,,-5.627850867121845,0.1083276912660799,2017-12-27,10,5,1,0.0,29545,29540,3200,-5.810667513726075,1.0,-7.704981026639877
PKNORLEN,20,xgboost,,-8.189995858107904,0.0860780615206036,2017-12-28,10,5,1,0.0,27573,27568,2373,-6.35645698138659,1.0,-7.462518611173555
PKNORLEN,20,xgboost,,-8.445641910216983,0.09415323072419933,2017-12-29,10,5,1,0.0,41002,40997,3860,-6.783349193326445,1.0,-8.472919470259258
PKNORLEN,20,xgboost,,-8.221474682218387,0.09615208195300953,all,10,15,5,0.0,98120,98105,9433,-6.986401326380253,1.0,-8.376464222434066
PKNORLEN,20,xgboost,,-5.941045818183518,0.1083276912660799,2017-12-27,10,5,5,0.0,29545,29540,3200,-6.384517730403737,1.0,-8.25855222860407
PKNORLEN,20,xgboost,,-8.753201955166436,0.0860780615206036,2017-12-28,10,5,5,0.0,27573,27568,2373,-7.176264395647723,1.0,-7.937268618858891
PKNORLEN,20,xgboost,,-8.804320903362386,0.09415323072419933,2017-12-29,10,5,5,0.0,41002,40997,3860,-7.368650664140134,1.0,-8.906681937178236
PKNORLEN,50,linear,,-7.655572410876018,0.23864714584502372,all,10,15,0,0.0,98030,98015,23391,-7.987218132965947,1.0,-7.777811520628787
PKNORLEN,50,linear,,-4.8594971842306265,0.22419518807184005,2017-12-27,10,5,0,0.0,29515,29510,6616,-6.795730424323709,1.0,-7.199943825959764
PKNORLEN,50,linear,,-8.288237720744547,0.21777180623138936,2017-12-28,10,5,0,0.0,27543,27538,5997,-8.242818683741664,1.0,-7.5281946239929445
PKNORLEN,50,linear,,-8.270127341808633,0.2630898039885762,2017-12-29,10,5,0,0.0,40972,40967,10778,-8.576385527415297,1.0,-8.689923427152761
PKNORLEN,50,linear,,-7.824291810472652,0.23864714584502372,all,10,15,1,0.0,98030,98015,23391,-8.177739320760056,1.0,-7.999102518756787
PKNORLEN,50,linear,,-5.009359196370235,0.22419518807184005,2017-12-27,10,5,1,0.0,29515,29510,6616,-6.982941814009579,1.0,-7.422062363543118
PKNORLEN,50,linear,,-8.50710813213952,0.21777180623138936,2017-12-28,10,5,1,0.0,27543,27538,5997,-8.468512251872152,1.0,-7.766920030211992
PKNORLEN,50,linear,,-8.424082289998324,0.2630898039885762,2017-12-29,10,5,1,0.0,40972,40967,10778,-8.749368105022619,1.0,-8.895047541828882
PKNORLEN,50,linear,,-8.222976885684558,0.23864714584502372,all,10,15,5,0.0,98030,98015,23391,-8.603401060145927,1.0,-8.440070789586022
PKNORLEN,50,linear,,-5.384354885894536,0.22419518807184005,2017-12-27,10,5,5,0.0,29515,29510,6616,-7.4253624971702274,1.0,-7.90011329343381
PKNORLEN,50,linear,,-8.916296808699842,0.21777180623138936,2017-12-28,10,5,5,0.0,27543,27538,5997,-8.916021471916437,1.0,-8.220092823349297
PKNORLEN,50,linear,,-8.825854464062994,0.2630898039885762,2017-12-29,10,5,5,0.0,40972,40967,10778,-9.152586300752668,1.0,-9.280803012003899
PKNORLEN,50,xgboost,,-7.762587955856315,0.3168596643370913,all,10,15,0,0.0,98030,98015,31057,-8.720292674953061,1.0,-7.758430867270285
PKNORLEN,50,xgboost,,-4.91265344986897,0.30650626906133516,2017-12-27,10,5,0,0.0,29515,29510,9045,-7.661059010692707,1.0,-7.499588494601952
PKNORLEN,50,xgboost,,-7.694000299747643,0.2921417677391241,2017-12-28,10,5,0,0.0,27543,27538,8045,-8.716860426810495,1.0,-7.238425549047245
PKNORLEN,50,xgboost,,-8.757229157068416,0.34093294602973123,2017-12-29,10,5,0,0.0,40972,40967,13967,-9.408227158345474,1.0,-8.49102411335967
PKNORLEN,50,xgboost,,-7.947767176879464,0.3168596643370913,all,10,15,1,0.0,98030,98015,31057,-8.888166967897916,1.0,-7.974446239800475
PKNORLEN,50,xgboost,,-5.1636621616788,0.30650626906133516,2017-12-27,10,5,1,0.0,29515,29510,9045,-7.802900752372841,1.0,-7.691643472232697
PKNORLEN,50,xgboost,,-7.980492485217289,0.2921417677391241,2017-12-28,10,5,1,0.0,27543,27538,8045,-8.933745568558194,1.0,-7.462200776380301
PKNORLEN,50,xgboost,,-8.879499603832524,0.34093294602973123,2017-12-29,10,5,1,0.0,40972,40967,13967,-9.564729800081805,1.0,-8.726320125171249
PKNORLEN,50,xgboost,,-8.373997605266366,0.3168596643370913,all,10,15,5,0.0,98030,98015,31057,-9.28247945921742,1.0,-8.424902956768298
PKNORLEN,50,xgboost,,-5.579847277443163,0.30650626906133516,2017-12-27,10,5,5,0.0,29515,29510,9045,-8.19410741329503,1.0,-8.160725152512121
PKNORLEN,50,xgboost,,-8.454538078721695,0.2921417677391241,2017-12-28,10,5,5,0.0,27543,27538,8045,-9.376955767806992,1.0,-7.908239749258828
PKNORLEN,50,xgboost,,-9.28999265650576,0.34093294602973123,2017-12-29,10,5,5,0.0,40972,40967,13967,-9.932888512898586,1.0,-9.160387986777277
PKOBP,10,linear,,-4.599352780830932,0.0,all,10,15,0,0.0,102527,102512,0,,1.0,-4.0161354133966
PKOBP,10,linear,,-4.225726948975765,0.0,2017-12-27,10,5,0,0.0,22628,22623,0,,1.0,-3.51118981799949
PKOBP,10,linear,,-4.90459625438522,0.0,2017-12-28,10,5,0,0.0,37723,37718,0,,1.0,-4.464366672977221
PKOBP,10,linear,,-4.586664119900456,0.0,2017-12-29,10,5,0,0.0,42176,42171,0,,1.0,-3.9693824003369786
PKOBP,10,linear,,-4.692045369018119,0.0,all,10,15,1,0.0,102527,102512,0,,1.0,-4.251049080644965
PKOBP,10,linear,,-4.311842964679224,0.0,2017-12-27,10,5,1,0.0,22628,22623,0,,1.0,-3.6221789778476725
PKOBP,10,linear,,-4.996402747833372,0.0,2017-12-28,10,5,1,0.0,37723,37718,0,,1.0,-4.61896763835354
PKOBP,10,linear,,-4.6846944660001935,0.0,2017-12-29,10,5,1,0.0,42176,42171,0,,1.0,-4.260813669915754
PKOBP,10,linear,,-4.797919949064531,0.0,all,10,15,5,0.0,102527,102512,0,,1.0,-4.495307461213757
PKOBP,10,linear,,-4.474067857140158,0.0,2017-12-27,10,5,5,0.0,22628,22623,0,,1.0,-3.8269336592244225
PKOBP,10,linear,,-5.103017396769468,0.0,2017-12-28,10,5,5,0.0,37723,37718,0,,1.0,-4.763880522560649
PKOBP,10,linear,,-4.750921562530847,0.0,2017-12-29,10,5,5,0.0,42176,42171,0,,1.0,-4.549433579250243
PKOBP,10,xgboost,,-4.618727183135685,0.008594115810831903,all,10,15,0,0.0,102527,102512,881,-3.0279314936341932,1.0,-4.722709309625194
PKOBP,10,xgboost,,-4.024581036902004,0.007426070812889537,2017-12-27,10,5,0,0.0,22628,22623,168,-2.844355957043238,1.0,-3.492315173131497
PKOBP,10,xgboost,,-5.047634814503278,0.006972798133517154,2017-12-28,10,5,0,0.0,37723,37718,263,-3.626552258388006,1.0,-5.971846663569954
PKOBP,10,xgboost,,-4.711974174934111,0.01067084015081454,2017-12-29,10,5,0,0.0,42176,42171,450,-2.7466057803386987,1.0,-4.435381093514852
PKOBP,10,xgboost,,-4.714061478883052,0.008594115810831903,all,10,15,1,0.0,102527,102512,881,-3.8578272824095796,1.0,-4.899247638748158
PKOBP,10,xgboost,,-4.100958623848021,0.007426070812889537,2017-12-27,10,5,1,0.0,22628,22623,168,-3.3725431264734715,1.0,-3.597786658680362
PKOBP,10,xgboost,,-5.155474395536814,0.006972798133517154,2017-12-28,10,5,1,0.0,37723,37718,263,-4.280699516723792,1.0,-6.15364235191045
PKOBP,10,xgboost,,-4.8112010592335785,0.01067084015081454,2017-12-29,10,5,1,0.0,42176,42171,450,-3.791854705904309,1.0,-4.626892451916397
PKOBP,10,xgboost,,-4.84110837620804,0.008594115810831903,all,10,15,5,0.0,102527,102512,881,-3.9713195247045494,1.0,-5.1419588766172915
PKOBP,10,xgboost,,-4.279823922417767,0.007426070812889537,2017-12-27,10,5,5,0.0,22628,22623,168,-3.5347927714554706,1.0,-3.7265693427111524
PKOBP,10,xgboost,,-5.2739808555964585,0.006972798133517154,2017-12-28,10,5,5,0.0,37723,37718,263,-4.634135328420176,1.0,-6.392380917422163
PKOBP,10,xgboost,,-4.907658863544075,0.01067084015081454,2017-12-29,10,5,5,0.0,42176,42171,450,-3.746910498412627,1.0,-4.899459658617472
PKOBP,20,linear,,-4.518175331180273,1.951562225561562e-05,all,10,15,0,0.0,102497,102482,2,-1.1344299489504266,1.0,-3.991132515278402
PKOBP,20,linear,,-4.275943938579639,4.422234997567771e-05,2017-12-27,10,5,0,0.0,22618,22613,1,0.0,1.0,-3.473341913143289
PKOBP,20,linear,,-4.8252226624978105,2.651957144372547e-05,2017-12-28,10,5,0,0.0,37713,37708,1,-2.268859897900853,1.0,-4.341471594979312
PKOBP,20,linear,,-4.409211455698817,0.0,2017-12-29,10,5,0,0.0,42166,42161,0,,1.0,-3.98461149034265
PKOBP,20,linear,,-4.613537047663629,1.951562225561562e-05,all,10,15,1,0.0,102497,102482,2,-7.9429719436235455,1.0,-4.2293719802681995
PKOBP,20,linear,,-4.365973956606305,4.422234997567771e-05,2017-12-27,10,5,1,0.0,22618,22613,1,-2.280501710375829,1.0,-3.5836248677843296
PKOBP,20,linear,,-4.916047846818043,2.651957144372547e-05,2017-12-28,10,5,1,0.0,37713,37708,1,-13.605442176871263,1.0,-4.514431406405512
PKOBP,20,linear,,-4.512114624074345,0.0,2017-12-29,10,5,1,0.0,42166,42161,0,,1.0,-4.2724562012504546
PKOBP,20,linear,,-4.745009885841062,1.951562225561562e-05,all,10,15,5,0.0,102497,102482,2,-7.9429719436235455,1.0,-4.512232738374303
PKOBP,20,linear,,-4.526445757952652,4.422234997567771e-05,2017-12-27,10,5,5,0.0,22618,22613,1,-2.280501710375829,1.0,-3.773742297284602
PKOBP,20,linear,,-5.063770295549674,2.651957144372547e-05,2017-12-28,10,5,5,0.0,37713,37708,1,-13.605442176871263,1.0,-4.677249976204046
PKOBP,20,linear,,-4.60998349019857,0.0,2017-12-29,10,5,5,0.0,42166,42161,0,,1.0,-4.615799939323036
PKOBP,20,xgboost,,-4.607867439434281,0.033205831267929975,all,10,15,0,0.0,102497,102482,3403,-3.7458120433045914,1.0,-4.660077763550089
PKOBP,20,xgboost,,-4.139969110268808,0.025560518285941716,2017-12-27,10,5,0,0.0,22618,22613,578,-3.6444430122285896,1.0,-3.5432762179565924
PKOBP,20,xgboost,,-5.01680332157392,0.027368197729924684,2017-12-28,10,5,0,0.0,37713,37708,1032,-4.412346852066065,1.0,-5.971134139832127
PKOBP,20,xgboost,,-4.584734644357451,0.042527454282393684,2017-12-29,10,5,0,0.0,42166,42161,1793,-3.3948512944591296,1.0,-4.353528012105662
PKOBP,20,xgboost,,-4.6978720195792105,0.033205831267929975,all,10,15,1,0.0,102497,102482,3403,-4.15279107970594,1.0,-4.844127848821466
PKOBP,20,xgboost,,-4.205356506723533,0.025560518285941716,2017-12-27,10,5,1,0.0,22618,22613,578,-4.061801479011146,1.0,-3.68741039396313
PKOBP,20,xgboost,,-5.1188275051389445,0.027368197729924684,2017-12-28,10,5,1,0.0,37713,37708,1032,-4.805201590884573,1.0,-6.141690931954937
PKOBP,20,xgboost,,-4.681986268383353,0.042527454282393684,2017-12-29,10,5,1,0.0,42166,42161,1793,-3.806613913875066,1.0,-4.552034053893426
PKOBP,20,xgboost,,-4.81052464135283,0.033205831267929975,all,10,15,5,0.0,102497,102482,3403,-4.3991546540789415,1.0,-5.114123641573659
PKOBP,20,xgboost,,-4.361537961692952,0.025560518285941716,2017-12-27,10,5,5,0.0,22618,22613,578,-4.24260179782259,1.0,-3.838112851253961
PKOBP,20,xgboost,,-5.228703481451827,0.027368197729924684,2017-12-28,10,5,5,0.0,37713,37708,1032,-5.217738601006059,1.0,-6.40163678743541
PKOBP,20,xgboost,,-4.765354484481799,0.042527454282393684,2017-12-29,10,5,5,0.0,42166,42161,1793,-3.978468049331249,1.0,-4.852484711297089
PKOBP,50,linear,,-4.415491225859867,0.23886631768106883,all,10,15,0,0.0,102407,102392,24458,-4.6714519498817975,1.0,-4.173988820894378
PKOBP,50,linear,,-4.142774209079183,0.19705087897976353,2017-12-27,10,5,0,0.0,22588,22583,4450,-3.831447375213194,1.0,-3.236261588787555
PKOBP,50,linear,,-4.847038455592067,0.1953129146982324,2017-12-28,10,5,0,0.0,37683,37678,7359,-5.244139526882444,1.0,-4.799043725267822
PKOBP,50,linear,,-4.198376667540294,0.3002302342693029,2017-12-29,10,5,0,0.0,42136,42131,12649,-4.633789880004932,1.0,-4.154883915075277
PKOBP,50,linear,,-4.511137818017146,0.23886631768106883,all,10,15,1,0.0,102407,102392,24458,-4.818794731251905,1.0,-4.406411440490153
PKOBP,50,linear,,-4.231255350438435,0.19705087897976353,2017-12-27,10,5,1,0.0,22588,22583,4450,-3.916840050584114,1.0,-3.3598283033998753
PKOBP,50,linear,,-4.933994148697034,0.1953129146982324,2017-12-28,10,5,1,0.0,37683,37678,7359,-5.352168737255545,1.0,-4.97440602551319
PKOBP,50,linear,,-4.306499274787437,0.3002302342693029,2017-12-29,10,5,1,0.0,42136,42131,12649,-4.825799159964915,1.0,-4.429851066829307
PKOBP,50,linear,,-4.633415022943715,0.23886631768106883,all,10,15,5,0.0,102407,102392,24458,-4.99400774493126,1.0,-4.691034675375332
PKOBP,50,linear,,-4.378109758398307,0.19705087897976353,2017-12-27,10,5,5,0.0,22588,22583,4450,-4.066154303362604,1.0,-3.5657444398342952
PKOBP,50,linear,,-5.070591605962812,0.1953129146982324,2017-12-28,10,5,5,0.0,37683,37678,7359,-5.515550506244477,1.0,-5.209445164562494
PKOBP,50,linear,,-4.40004360488491,0.3002302342693029,2017-12-29,10,5,5,0.0,42136,42131,12649,-5.017006767342244,1.0,-4.74811136534187
PKOBP,50,xgboost,,-4.638159858468296,0.19481014141729822,all,10,15,0,0.0,102407,102392,19947,-5.181009509643329,1.0,-5.448671865348555
PKOBP,50,xgboost,,-4.311902239033635,0.13603152814063676,2017-12-27,10,5,0,0.0,22588,22583,3072,-3.9835865225350084,1.0,-3.814210015559845
PKOBP,50,xgboost,,-5.132734076259986,0.1582621158235575,2017-12-28,10,5,0,0.0,37683,37678,5963,-5.988891281258155,1.0,-6.689403698201212
PKOBP,50,xgboost,,-4.395401145547036,0.25900168521990935,2017-12-29,10,5,0,0.0,42136,42131,10912,-5.076636746837019,1.0,-5.143881220366447
PKOBP,50,xgboost,,-4.7258268087459845,0.19481014141729822,all,10,15,1,0.0,102407,102392,19947,-5.2979536885317104,1.0,-5.591269687896445
PKOBP,50,xgboost,,-4.362696742701821,0.13603152814063676,2017-12-27,10,5,1,0.0,22588,22583,3072,-4.08060070163658,1.0,-3.9773659856204944
PKOBP,50,xgboost,,-5.229840776130381,0.1582621158235575,2017-12-28,10,5,1,0.0,37683,37678,5963,-6.110074870384524,1.0,-6.820611020358968
PKOBP,50,xgboost,,-4.500980367986399,0.25900168521990935,2017-12-29,10,5,1,0.0,42136,42131,10912,-5.196875038270852,1.0,-5.288399451056961
PKOBP,50,xgboost,,-4.850982365834921,0.19481014141729822,all,10,15,5,0.0,102407,102392,19947,-5.477016654021228,1.0,-5.807768616948495
PKOBP,50,xgboost,,-4.517500593216896,0.13603152814063676,2017-12-27,10,5,5,0.0,22588,22583,3072,-4.251709685464948,1.0,-4.115696481913393
PKOBP,50,xgboost,,-5.349112890581625,0.1582621158235575,2017-12-28,10,5,5,0.0,37683,37678,5963,-6.292741066851675,1.0,-7.04122544191007
PKOBP,50,xgboost,,-4.610066913005608,0.25900168521990935,2017-12-29,10,5,5,0.0,42136,42131,10912,-5.376208216860024,1.0,-5.515385807945194
PZU,10,linear,,-4.3414763438475905,6.525157745688502e-06,all,10,705,0,0.0,153958,153253,1,0.0,1.0,-5.13508215691754
PZU,10,linear,,-4.1721106421216,1.2466496291217353e-05,2017-12-27,10,695,0,0.0,80910,80215,1,0.0,1.0,-5.189037632833459
PZU,10,linear,,-4.396152742357455,0.0,2017-12-28,10,5,0,0.0,34932,34927,0,,1.0,-4.80742627570312
PZU,10,linear,,-4.685513202740468,0.0,2017-12-29,10,5,0,0.0,38116,38111,0,,1.0,-5.4129461849115
PZU,10,linear,,-4.505973738486009,6.525157745688502e-06,all,10,705,1,0.0,153958,153253,1,-4.9267151126993785,1.0,-5.296288357239527
PZU,10,linear,,-4.356875768258396,1.2466496291217353e-05,2017-12-27,10,695,1,0.0,80910,80215,1,-4.9267151126993785,1.0,-5.348096765061466
PZU,10,linear,,-4.537177144899405,0.0,2017-12-28,10,5,1,0.0,34932,34927,0,,1.0,-4.955512639242465
PZU,10,linear,,-4.829196004398534,0.0,2017-12-29,10,5,1,0.0,38116,38111,0,,1.0,-5.596030592022206
PZU,10,linear,,-4.807338641425594,6.525157745688502e-06,all,10,705,5,0.0,153958,153253,1,-4.927322000493502,1.0,-5.60069930846338
PZU,10,linear,,-4.680070096266129,1.2466496291217353e-05,2017-12-27,10,695,5,0.0,80910,80215,1,-4.927322000493502,1.0,-5.655586986753992
PZU,10,linear,,-4.801930820671707,0.0,2017-12-28,10,5,5,0.0,34932,34927,0,,1.0,-5.249965975565103
PZU,10,linear,,-5.121764612221774,0.0,2017-12-29,10,5,5,0.0,38116,38111,0,,1.0,-5.905292697558397
PZU,10,xgboost,,-4.387896404607712,0.0035823116023829876,all,10,705,0,0.0,153958,153253,549,-2.5363080009763763,1.0,-5.30183799203067
PZU,10,xgboost,,-4.475184266435833,0.003976812316898335,2017-12-27,10,695,0,0.0,80910,80215,319,-2.597502715993437,1.0,-5.420105263540869
PZU,10,xgboost,,-4.14446005070451,0.00363615540985484,2017-12-28,10,5,0,0.0,34932,34927,127,-2.423250966909685,1.0,-4.644022347144958
PZU,10,xgboost,,-4.442610687708405,0.002702631786098502,2017-12-29,10,5,0,0.0,38116,38111,103,-2.4861830421028577,1.0,-5.784329415744543
PZU,10,xgboost,,-4.556344770578904,0.0035823116023829876,all,10,705,1,0.0,153958,153253,549,-3.8499260481924056,1.0,-5.488864220264691
PZU,10,xgboost,,-4.649815086302762,0.003976812316898335,2017-12-27,10,695,1,0.0,80910,80215,319,-4.073215152418428,1.0,-5.6126775505424025
PZU,10,xgboost,,-4.2831260558943836,0.00363615540985484,2017-12-28,10,5,1,0.0,34932,34927,127,-3.480224207213585,1.0,-4.843925783440354
PZU,10,xgboost,,-4.6302177064755385,0.002702631786098502,2017-12-29,10,5,1,0.0,38116,38111,103,-3.6142261409711356,1.0,-5.941028061068852
PZU,10,xgboost,,-4.897778817075083,0.0035823116023829876,all,10,705,5,0.0,153958,153253,549,-4.432899902888919,1.0,-5.85305294380561
PZU,10,xgboost,,-4.986703033373254,0.003976812316898335,2017-12-27,10,695,5,0.0,80910,80215,319,-4.441333808653055,1.0,-5.980946271903952
PZU,10,xgboost,,-4.599469987492986,0.00363615540985484,2017-12-28,10,5,5,0.0,34932,34927,127,-4.216849511413176,1.0,-5.217599681857075
PZU,10,xgboost,,-5.014832733728778,0.002702631786098502,2017-12-29,10,5,5,0.0,38116,38111,103,-4.673171590060382,1.0,-6.2828915913282
PZU,20,linear,,-4.316351862809412,3.948407475651487e-05,all,10,627,0,0.0,152587,151960,6,-6.398144752916046,1.0,-5.172276736513579
PZU,20,linear,,-4.107954400573463,2.53350561171493e-05,2017-12-27,10,617,0,0.0,79559,78942,2,-1.2125621438104905,1.0,-5.243731497771801
PZU,20,linear,,-4.375747531925057,8.591803419537761e-05,2017-12-28,10,5,0,0.0,34922,34917,3,-8.8253593985733,1.0,-4.819059236906284
PZU,20,linear,,-4.742612245228976,2.624603028791895e-05,2017-12-29,10,5,0,0.0,38106,38101,1,-9.487666034155396,1.0,-5.458078028054454
PZU,20,linear,,-4.4879288559803285,3.948407475651487e-05,all,10,627,1,0.0,152587,151960,6,-8.025984469512984,1.0,-5.337694089637831
PZU,20,linear,,-4.301924359684629,2.53350561171493e-05,2017-12-27,10,617,1,0.0,79559,78942,2,-4.888187818231737,1.0,-5.421001875570368
PZU,20,linear,,-4.523593157116055,8.591803419537761e-05,2017-12-28,10,5,1,0.0,34922,34917,3,-9.630621715486344,1.0,-4.949893102957649
PZU,20,linear,,-4.888630306791271,2.624603028791895e-05,2017-12-29,10,5,1,0.0,38106,38101,1,-9.487666034155396,1.0,-5.63893941536615
PZU,20,linear,,-4.809210028321078,3.948407475651487e-05,all,10,627,5,0.0,152587,151960,6,-7.623070548056218,1.0,-5.648553765679248
PZU,20,linear,,-4.669050887230565,2.53350561171493e-05,2017-12-27,10,617,5,0.0,79559,78942,2,-4.888197307677473,1.0,-5.766366713168351
PZU,20,linear,,-4.782409134727598,8.591803419537761e-05,2017-12-28,10,5,5,0.0,34922,34917,3,-8.824787546275656,1.0,-5.232967972271645
PZU,20,linear,,-5.173780176871773,2.624603028791895e-05,2017-12-29,10,5,5,0.0,38106,38101,1,-9.487666034155396,1.0,-5.897711836016144
PZU,20,xgboost,,-4.431539509209957,0.020498815477757306,all,10,627,0,0.0,152587,151960,3115,-2.929529517415636,1.0,-5.436349001572948
PZU,20,xgboost,,-4.297535353384347,0.022624205112614326,2017-12-27,10,617,0,0.0,79559,78942,1786,-2.907469033073739,1.0,-5.497146950932205
PZU,20,xgboost,,-4.368895755846341,0.024515279090414413,2017-12-28,10,5,0,0.0,34922,34917,856,-2.64444190785721,1.0,-5.186017702068815
PZU,20,xgboost,,-4.850348389965211,0.012414372326185665,2017-12-29,10,5,0,0.0,38106,38101,473,-3.5287578870068437,1.0,-5.610045171098603
PZU,20,xgboost,,-4.611060869681469,0.020498815477757306,all,10,627,1,0.0,152587,151960,3115,-3.614965898561929,1.0,-5.628727901561869
PZU,20,xgboost,,-4.4934900470668575,0.022624205112614326,2017-12-27,10,617,1,0.0,79559,78942,1786,-3.611381341366198,1.0,-5.685378384789592
PZU,20,xgboost,,-4.516643109972839,0.024515279090414413,2017-12-28,10,5,1,0.0,34922,34917,856,-3.2488872196348364,1.0,-5.382186962779351
PZU,20,xgboost,,-5.024983325567849,0.012414372326185665,2017-12-29,10,5,1,0.0,38106,38101,473,-4.291002618040084,1.0,-5.80890142385746
PZU,20,xgboost,,-4.955955720352563,0.020498815477757306,all,10,627,5,0.0,152587,151960,3115,-4.209077517825147,1.0,-6.012170052864018
PZU,20,xgboost,,-4.8778449583272385,0.022624205112614326,2017-12-27,10,617,5,0.0,79559,78942,1786,-4.184636643755123,1.0,-6.106912189330431
PZU,20,xgboost,,-4.778999347944461,0.024515279090414413,2017-12-28,10,5,5,0.0,34922,34917,856,-3.821491434074049,1.0,-5.716947339248628
PZU,20,xgboost,,-5.365497160001101,0.012414372326185665,2017-12-29,10,5,5,0.0,38106,38101,473,-5.002788064928744,1.0,-6.151984547943548
PZU,50,linear,,-4.443482334849639,0.08178151260504202,all,10,472,0,0.0,149222,148750,12165,-3.7829365255408414,1.0,-5.255412203675208
PZU,50,linear,,-4.173912665547216,0.07933554992611358,2017-12-27,10,462,0,0.0,76254,75792,6013,-3.7129891499941645,1.0,-5.385469638272219
PZU,50,linear,,-4.6789224408261685,0.10230171697193798,2017-12-28,10,5,0,0.0,34892,34887,3569,-3.5270695412713615,1.0,-4.689659914281088
PZU,50,linear,,-4.801674882320082,0.06784691760132384,2017-12-29,10,5,0,0.0,38076,38071,2583,-4.299306187182321,1.0,-5.717910083416279
PZU,50,linear,,-4.619388524171649,0.08178151260504202,all,10,472,1,0.0,149222,148750,12165,-4.040823774194847,1.0,-5.411972590282155
PZU,50,linear,,-4.373904259515658,0.07933554992611358,2017-12-27,10,462,1,0.0,76254,75792,6013,-3.990876069769965,1.0,-5.565178192955661
PZU,50,linear,,-4.834164256525495,0.10230171697193798,2017-12-28,10,5,1,0.0,34892,34887,3569,-3.783118862138342,1.0,-4.807463078461963
PZU,50,linear,,-4.945167933851583,0.06784691760132384,2017-12-29,10,5,1,0.0,38076,38071,2583,-4.513175449702581,1.0,-5.869523185221768
PZU,50,linear,,-4.949231657769644,0.08178151260504202,all,10,472,5,0.0,149222,148750,12165,-4.45069101279073,1.0,-5.733174492296007
PZU,50,linear,,-4.731509712640214,0.07933554992611358,2017-12-27,10,462,5,0.0,76254,75792,6013,-4.434995259883782,1.0,-5.9280049473673335
PZU,50,linear,,-5.177460329216417,0.10230171697193798,2017-12-28,10,5,5,0.0,34892,34887,3569,-4.218636814238432,1.0,-5.124115794585139
PZU,50,linear,,-5.196581197883319,0.06784691760132384,2017-12-29,10,5,5,0.0,38076,38071,2583,-4.807864840457257,1.0,-6.0900473608196775
PZU,50,xgboost,,-4.6456090722357155,0.11488403361344537,all,10,472,0,0.0,149222,148750,17089,-4.4952286996727295,1.0,-5.735252959742872
PZU,50,xgboost,,-4.409735575180145,0.12026335233270002,2017-12-27,10,462,0,0.0,76254,75792,9115,-4.409249462774519,1.0,-5.6638171222869165
PZU,50,xgboost,,-4.821967658440307,0.1261214779144094,2017-12-28,10,5,0,0.0,34892,34887,4400,-4.164991549957853,1.0,-5.187818684739136
PZU,50,xgboost,,-5.025927599635342,0.0938772293871976,2017-12-29,10,5,0,0.0,38076,38071,3574,-5.121066473336033,1.0,-6.6192213982707555
PZU,50,xgboost,,-4.824499450883981,0.11488403361344537,all,10,472,1,0.0,149222,148750,17089,-4.742280383843247,1.0,-5.905033154196633
PZU,50,xgboost,,-4.604738146115359,0.12026335233270002,2017-12-27,10,462,1,0.0,76254,75792,9115,-4.6794023318257105,1.0,-5.858781291416069
PZU,50,xgboost,,-4.9808568301100316,0.1261214779144094,2017-12-28,10,5,1,0.0,34892,34887,4400,-4.400992231941104,1.0,-5.3434970094067324
PZU,50,xgboost,,-5.188206901554604,0.0938772293871976,2017-12-29,10,5,1,0.0,38076,38071,3574,-5.322806772346117,1.0,-6.745145823323503
PZU,50,xgboost,,-5.155694051491263,0.11488403361344537,all,10,472,5,0.0,149222,148750,17089,-5.11880758761867,1.0,-6.2059988235575645
PZU,50,xgboost,,-4.954996179837108,0.12026335233270002,2017-12-27,10,462,5,0.0,76254,75792,9115,-5.072129019876545,1.0,-6.20467420511039
PZU,50,xgboost,,-5.272165997701504,0.1261214779144094,2017-12-28,10,5,5,0.0,34892,34887,4400,-4.775012211182495,1.0,-5.621583091575553
PZU,50,xgboost,,-5.518850984206928,0.0938772293871976,2017-12-29,10,5,5,0.0,38076,38071,3574,-5.661106077067083,1.0,-6.9649294771223955
KGHM,20,xgboost,7.0,-10.395400271647318,0.0,all,10,15,0,0.0,87153,87138,0,,1.0,-10.644999276995444
KGHM,20,xgboost,7.0,-8.532677608052483,0.0,2017-12-27,10,5,0,0.0,22384,22379,0,,1.0,-6.159190643373366
KGHM,20,xgboost,7.0,-9.661421012579924,0.0,2017-12-28,10,5,0,0.0,35080,35075,0,,1.0,-10.106785435479354
KGHM,20,xgboost,7.0,-11.692032403116805,0.0,2017-12-29,10,5,0,0.0,29689,29684,0,,1.0,-15.783228486834416
KGHM,20,xgboost,7.0,-10.401024362973768,0.0,all,10,15,1,0.0,87153,87138,0,,1.0,-10.63872991334986
KGHM,20,xgboost,7.0,-8.535013996218078,0.0,2017-12-27,10,5,1,0.0,22384,22379,0,,1.0,-6.203004932439912
KGHM,20,xgboost,7.0,-9.673603947687516,0.0,2017-12-28,10,5,1,0.0,35080,35075,0,,1.0,-10.147687603000398
KGHM,20,xgboost,7.0,-11.695177020920328,0.0,2017-12-29,10,5,1,0.0,29689,29684,0,,1.0,-15.52734235453808
KGHM,20,xgboost,7.0,-10.322554430475277,0.0,all,10,15,5,0.0,87153,87138,0,,1.0,-10.622722649919842
KGHM,20,xgboost,7.0,-8.435260104432656,0.0,2017-12-27,10,5,5,0.0,22384,22379,0,,1.0,-6.4006722701503715
KGHM,20,xgboost,7.0,-9.599034883557934,0.0,2017-12-28,10,5,5,0.0,35080,35075,0,,1.0,-10.191275717852163
KGHM,20,xgboost,7.0,-11.624063514720982,0.0,2017-12-29,10,5,5,0.0,29689,29684,0,,1.0,-15.107980941050094
PEKAO,20,xgboost,7.0,-7.907898223830933,0.0,all,10,15,0,0.0,42950,42935,0,,1.0,-9.74497560537083
PEKAO,20,xgboost,7.0,-6.269394664281835,0.0,2017-12-27,10,5,0,0.0,13592,13587,0,,1.0,-11.498668730558851
PEKAO,20,xgboost,7.0,-8.917057264071387,0.0,2017-12-28,10,5,0,0.0,16326,16321,0,,1.0,-7.653778370571031
PEKAO,20,xgboost,7.0,-9.88742320504319,0.0,2017-12-29,10,5,0,0.0,13032,13027,0,,1.0,-12.81468653799879
PEKAO,20,xgboost,7.0,-7.974840070873533,0.0,all,10,15,1,0.0,42950,42935,0,,1.0,-9.714228050861074
PEKAO,20,xgboost,7.0,-6.326510495919433,0.0,2017-12-27,10,5,1,0.0,13592,13587,0,,1.0,-11.408619951486653
PEKAO,20,xgboost,7.0,-9.027506770411714,0.0,2017-12-28,10,5,1,0.0,16326,16321,0,,1.0,-7.639399403141717
PEKAO,20,xgboost,7.0,-9.93205694428403,0.0,2017-12-29,10,5,1,0.0,13032,13027,0,,1.0,-12.779433219284272
PEKAO,20,xgboost,7.0,-7.964345205446236,0.0,all,10,15,5,0.0,42950,42935,0,,1.0,-9.632101701097065
PEKAO,20,xgboost,7.0,-6.301734824995027,0.0,2017-12-27,10,5,5,0.0,13592,13587,0,,1.0,-11.3323438376268
PEKAO,20,xgboost,7.0,-8.962879420779995,0.0,2017-12-28,10,5,5,0.0,16326,16321,0,,1.0,-7.6409969771351225
PEKAO,20,xgboost,7.0,-9.996238361652225,0.0,2017-12-29,10,5,5,0.0,13032,13027,0,,1.0,-12.541825414219868
PKNORLEN,20,xgboost,7.0,-17.38456132630874,0.0,all,10,15,0,0.0,98120,98105,0,,1.0,-10.962625463814673
PKNORLEN,20,xgboost,7.0,-16.5976311911801,0.0,2017-12-27,10,5,0,0.0,29545,29540,0,,1.0,-9.379039695479404
PKNORLEN,20,xgboost,7.0,-15.269504371905354,0.0,2017-12-28,10,5,0,0.0,27573,27568,0,,1.0,-10.209600223612254
PKNORLEN,20,xgboost,7.0,-19.653968210402475,0.0,2017-12-29,10,5,0,0.0,41002,40997,0,,1.0,-12.12253528002888
PKNORLEN,20,xgboost,7.0,-17.33522591331922,0.0,all,10,15,1,0.0,98120,98105,0,,1.0,-11.107622970184995
PKNORLEN,20,xgboost,7.0,-16.533331915706864,0.0,2017-12-27,10,5,1,0.0,29545,29540,0,,1.0,-9.554232816277478
PKNORLEN,20,xgboost,7.0,-15.275189554241305,0.0,2017-12-28,10,5,1,0.0,27573,27568,0,,1.0,-10.349176691284713
PKNORLEN,20,xgboost,7.0,-19.56846858254552,0.0,2017-12-29,10,5,1,0.0,41002,40997,0,,1.0,-12.253682531534379
PKNORLEN,20,xgboost,7.0,-17.237918875679973,0.0,all,10,15,5,0.0,98120,98105,0,,1.0,-11.372074540089825
PKNORLEN,20,xgboost,7.0,-16.321373755498445,0.0,2017-12-27,10,5,5,0.0,29545,29540,0,,1.0,-9.91765930278088
PKNORLEN,20,xgboost,7.0,-15.209711644107237,0.0,2017-12-28,10,5,5,0.0,27573,27568,0,,1.0,-10.448055110411751
PKNORLEN,20,xgboost,7.0,-19.51865543550595,0.0,2017-12-29,10,5,5,0.0,41002,40997,0,,1.0,-12.534509571610318
PKOBP,20,xgboost,7.0,-6.78892642181927,0.0,all,10,15,0,0.0,102497,102482,0,,1.0,-4.965427806975393
PKOBP,20,xgboost,7.0,-4.259295109178191,0.0,2017-12-27,10,5,0,0.0,22618,22613,0,,1.0,-4.698754830148364
PKOBP,20,xgboost,7.0,-6.978928753007118,0.0,2017-12-28,10,5,0,0.0,37713,37708,0,,1.0,-5.030754532474835
PKOBP,20,xgboost,7.0,-7.033072026141808,0.0,2017-12-29,10,5,0,0.0,42166,42161,0,,1.0,-5.2934571480985015
PKOBP,20,xgboost,7.0,-6.823549038219031,0.0,all,10,15,1,0.0,102497,102482,0,,1.0,-4.988328964951572
PKOBP,20,xgboost,7.0,-4.335708938801825,0.0,2017-12-27,10,5,1,0.0,22618,22613,0,,1.0,-4.713972545299302
PKOBP,20,xgboost,7.0,-6.995479147123699,0.0,2017-12-28,10,5,1,0.0,37713,37708,0,,1.0,-5.029925976779329
PKOBP,20,xgboost,7.0,-7.072252312750344,0.0,2017-12-29,10,5,1,0.0,42166,42161,0,,1.0,-5.352026283725887
PKOBP,20,xgboost,7.0,-6.912029116322053,0.0,all,10,15,5,0.0,102497,102482,0,,1.0,-5.041651597502716
PKOBP,20,xgboost,7.0,-4.335706290956139,0.0,2017-12-27,10,5,5,0.0,22618,22613,0,,1.0,-4.786458940714648
PKOBP,20,xgboost,7.0,-7.0858873826160185,0.0,2017-12-28,10,5,5,0.0,37713,37708,0,,1.0,-5.07220252049994
PKOBP,20,xgboost,7.0,-7.17198641880898,0.0,2017-12-29,10,5,5,0.0,42166,42161,0,,1.0,-5.388277475407323
PZU,20,xgboost,7.0,-11.867700486905212,0.0,all,10,627,0,0.0,152587,151960,0,,1.0,-4.2416506798653515
PZU,20,xgboost,7.0,-11.935595946476033,0.0,2017-12-27,10,617,0,0.0,79559,78942,0,,1.0,-4.374665817589965
PZU,20,xgboost,7.0,-12.930867062487176,0.0,2017-12-28,10,5,0,0.0,34922,34917,0,,1.0,-4.020278821323873
PZU,20,xgboost,7.0,-11.316005677982318,0.0,2017-12-29,10,5,0,0.0,38106,38101,0,,1.0,-4.2038064625442635
PZU,20,xgboost,7.0,-11.807567435546193,0.0,all,10,627,1,0.0,152587,151960,0,,1.0,-4.379150983369058
PZU,20,xgboost,7.0,-11.850916309154082,0.0,2017-12-27,10,617,1,0.0,79559,78942,0,,1.0,-4.5103587381902095
PZU,20,xgboost,7.0,-12.821666146654506,0.0,2017-12-28,10,5,1,0.0,34922,34917,0,,1.0,-4.169474739272864
PZU,20,xgboost,7.0,-11.306685482866127,0.0,2017-12-29,10,5,1,0.0,38106,38101,0,,1.0,-4.3298637786478995
PZU,20,xgboost,7.0,-11.622161347233778,0.0,all,10,627,5,0.0,152587,151960,0,,1.0,-4.697285304305161
PZU,20,xgboost,7.0,-11.646074137061849,0.0,2017-12-27,10,617,5,0.0,79559,78942,0,,1.0,-4.840894366350692
PZU,20,xgboost,7.0,-12.546892117869529,0.0,2017-12-28,10,5,5,0.0,34922,34917,0,,1.0,-4.509532641034819
PZU,20,xgboost,7.0,-11.183907452141662,0.0,2017-12-29,10,5,5,0.0,38106,38101,0,,1.0,-4.585889029397407
