symbol,horizon_events,feature_set,model,fold,day,negative_control,n_test,ic,direction_accuracy,cost_coverage,mean_abs_markout_bps,mean_signed_markout_after_cost_bps
PEKAO,10,spread,linear,1,2017-01-03,False,40621,-0.005612045064461795,0.49910569105691055,0.0,1.0244944332252044,
PEKAO,10,spread,linear,1,2017-01-03,True,40621,0.005612045064461795,0.5039837398373984,0.0,1.0244944332252044,
PEKAO,10,spread,linear,2,2017-01-04,False,45485,-0.033871003047515065,0.5107315598548973,0.0,0.8921301228568822,
PEKAO,10,spread,linear,2,2017-01-04,True,45485,0.033871003047515065,0.5017382103990327,0.0,0.8921301228568822,
PEKAO,10,spread,linear,3,2017-01-05,False,20691,-0.059664944490494164,0.48344370860927155,0.0,0.7439959293290249,
PEKAO,10,spread,linear,3,2017-01-05,True,20691,0.059664944490494164,0.5044999150959416,0.0,0.7439959293290249,
PEKAO,10,spread,linear,4,2017-01-09,False,42009,-0.008558636434010886,0.47763374109914186,0.0,0.7043053634426805,
PEKAO,10,spread,linear,4,2017-01-09,True,42009,-0.008558636434010886,0.4756253423406975,0.0,0.7043053634426805,
PEKAO,10,spread,linear,5,2017-01-10,False,32364,-0.013033914775652996,0.49591676921355854,0.0,0.7532148607046824,
PEKAO,10,spread,linear,5,2017-01-10,True,32364,0.013033914775652996,0.49233695044188386,0.0,0.7532148607046824,
PEKAO,10,spread,linear,6,2017-01-11,False,18492,-0.03740220421793232,0.49160929432013767,0.0,0.680915000607559,
PEKAO,10,spread,linear,6,2017-01-11,True,18492,0.03740220421793232,0.4939759036144578,0.0,0.680915000607559,
PEKAO,10,spread,linear,7,2017-01-12,False,37020,0.03582803063412078,0.47752529441034997,0.0,0.908851117296522,
PEKAO,10,spread,linear,7,2017-01-12,True,37020,-0.03582803063412078,0.47346160225576384,0.0,0.908851117296522,
PEKAO,10,spread,linear,8,2017-01-13,False,19922,-0.027855793627164952,0.4757627118644068,0.0,0.7460039644481214,
PEKAO,10,spread,linear,8,2017-01-13,True,19922,0.027855793627164952,0.4757627118644068,0.0,0.7460039644481214,
PEKAO,10,spread,linear,9,2017-01-16,False,58110,0.02021421846553365,0.528464177397703,0.0,1.2838882230790947,
PEKAO,10,spread,linear,9,2017-01-16,True,58110,-0.02021421846553365,0.528464177397703,0.0,1.2838882230790947,
PEKAO,10,spread,tree,1,2017-01-03,False,40621,0.027731599297494244,0.5082926829268293,0.003938849363629649,1.0244944332252044,-0.6638013278491066
PEKAO,10,spread,tree,1,2017-01-03,True,40621,0.014817671018450026,0.5039837398373984,0.0,1.0244944332252044,
PEKAO,10,spread,tree,2,2017-01-04,False,45485,-0.06458533271642397,0.4344770253929867,0.031197097944377267,0.8921301228568822,-1.368280043332391
PEKAO,10,spread,tree,2,2017-01-04,True,45485,-0.04217471092833048,0.5118651753325272,0.0,0.8921301228568822,
PEKAO,10,spread,tree,3,2017-01-05,False,20691,-0.025865513274703773,0.45389709628120223,0.0,0.7439959293290249,
PEKAO,10,spread,tree,3,2017-01-05,True,20691,0.01336254344859159,0.5044999150959416,0.0,0.7439959293290249,
PEKAO,10,spread,tree,4,2017-01-09,False,42009,0.054185621658947684,0.5367902136205952,0.0,0.7043053634426805,
PEKAO,10,spread,tree,4,2017-01-09,True,42009,0.020153970640865555,0.47243016249771774,0.0,0.7043053634426805,
PEKAO,10,spread,tree,5,2017-01-10,False,32364,-0.018596313662194414,0.46280344557556774,0.0,0.7532148607046824,
PEKAO,10,spread,tree,5,2017-01-10,True,32364,-0.02702867651386189,0.49233695044188386,0.0,0.7532148607046824,
PEKAO,10,spread,tree,6,2017-01-11,False,18492,0.033797742787989984,0.5230206540447504,0.0,0.680915000607559,
PEKAO,10,spread,tree,6,2017-01-11,True,18492,-0.004138749742250309,0.48085197934595525,0.0,0.680915000607559,
PEKAO,10,spread,tree,7,2017-01-12,False,37020,-0.005552074824975061,0.46972964007298057,0.020583468395461914,0.908851117296522,-1.2518800387522209
PEKAO,10,spread,tree,7,2017-01-12,True,37020,0.06443323249941683,0.47346160225576384,0.0,0.908851117296522,
PEKAO,10,spread,tree,8,2017-01-13,False,19922,0.004893711241527604,0.4993220338983051,0.0,0.7460039644481214,
PEKAO,10,spread,tree,8,2017-01-13,True,19922,0.0049269688787956884,0.4738983050847458,0.0,0.7460039644481214,
PEKAO,10,spread,tree,9,2017-01-16,False,58110,0.014024430846459546,0.5145428329935863,0.0,1.2838882230790947,
PEKAO,10,spread,tree,9,2017-01-16,True,58110,0.0018396217784692208,0.5292596827922239,0.0,1.2838882230790947,
PEKAO,10,imbalance,linear,1,2017-01-03,False,40621,0.2185095182431181,0.6717073170731708,0.0,1.0244944332252044,
PEKAO,10,imbalance,linear,1,2017-01-03,True,40621,-0.07198118504928139,0.5039837398373984,0.0,1.0244944332252044,
PEKAO,10,imbalance,linear,2,2017-01-04,False,45485,0.2457372494821955,0.6942261185006046,0.0,0.8921301228568822,
PEKAO,10,imbalance,linear,2,2017-01-04,True,45485,-0.12316176047720126,0.5017382103990327,0.0,0.8921301228568822,
PEKAO,10,imbalance,linear,3,2017-01-05,False,20691,0.2840290077357767,0.7383256919680761,0.0,0.7439959293290249,
PEKAO,10,imbalance,linear,3,2017-01-05,True,20691,0.07018479364182284,0.5084055017829853,0.0,0.7439959293290249,
PEKAO,10,imbalance,linear,4,2017-01-09,False,42009,0.25221435832251726,0.7049479642139858,0.0,0.7043053634426805,
PEKAO,10,imbalance,linear,4,2017-01-09,True,42009,-0.14718094050194908,0.47608179660398026,0.0,0.7043053634426805,
PEKAO,10,imbalance,linear,5,2017-01-10,False,32364,0.24408324230238576,0.70030204720886,0.0,0.7532148607046824,
PEKAO,10,imbalance,linear,5,2017-01-10,True,32364,-0.09898982200334541,0.49166573442219486,0.0,0.7532148607046824,
PEKAO,10,imbalance,linear,6,2017-01-11,False,18492,0.27300568557701543,0.71815834767642,0.0,0.680915000607559,
PEKAO,10,imbalance,linear,6,2017-01-11,True,18492,0.16399339170897378,0.523881239242685,0.0,0.680915000607559,
PEKAO,10,imbalance,linear,7,2017-01-12,False,37020,0.24917074868223127,0.6717531929009786,0.0,0.908851117296522,
PEKAO,10,imbalance,linear,7,2017-01-12,True,37020,-0.16683204224032064,0.47346160225576384,0.0,0.908851117296522,
PEKAO,10,imbalance,linear,8,2017-01-13,False,19922,0.23439695070152974,0.6925423728813559,0.0,0.7460039644481214,
PEKAO,10,imbalance,linear,8,2017-01-13,True,19922,-0.15198413128499597,0.44796610169491524,0.0,0.7460039644481214,
PEKAO,10,imbalance,linear,9,2017-01-16,False,58110,0.19682297043267682,0.6358574056580322,0.0,1.2838882230790947,
PEKAO,10,imbalance,linear,9,2017-01-16,True,58110,0.017903747323977367,0.527668672003182,0.0,1.2838882230790947,
PEKAO,10,imbalance,tree,1,2017-01-03,False,40621,0.16490519877108395,0.6370731707317073,0.07934319686861475,1.0244944332252044,-0.6907948137488491
PEKAO,10,imbalance,tree,1,2017-01-03,True,40621,0.0019888001265747596,0.5020325203252033,0.0,1.0244944332252044,
PEKAO,10,imbalance,tree,2,2017-01-04,False,45485,0.21956112495218294,0.6735187424425635,0.040650763988127954,0.8921301228568822,-0.4134493277279903
PEKAO,10,imbalance,tree,2,2017-01-04,True,45485,0.017609333049283138,0.5111094316807738,0.0,0.8921301228568822,
PEKAO,10,imbalance,tree,3,2017-01-05,False,20691,0.27839724951741407,0.7204958397011377,0.028998115122517036,0.7439959293290249,-0.4323060829972794
PEKAO,10,imbalance,tree,3,2017-01-05,True,20691,0.013273182752470395,0.5044999150959416,0.0,0.7439959293290249,
PEKAO,10,imbalance,tree,4,2017-01-09,False,42009,0.2589131639179057,0.6954537155377031,0.01835321002642291,0.7043053634426805,-0.2978649570074001
PEKAO,10,imbalance,tree,4,2017-01-09,True,42009,-0.066750611596908,0.4756253423406975,0.0,0.7043053634426805,
PEKAO,10,imbalance,tree,5,2017-01-10,False,32364,0.23299080294929672,0.684192862736324,0.016654307254974663,0.7532148607046824,-0.06253338086625657
PEKAO,10,imbalance,tree,5,2017-01-10,True,32364,-0.01539055772324594,0.49233695044188386,0.0,0.7532148607046824,
PEKAO,10,imbalance,tree,6,2017-01-11,False,18492,0.28114423496035185,0.7211703958691911,0.011626649361886222,0.680915000607559,0.08267300655575247
PEKAO,10,imbalance,tree,6,2017-01-11,True,18492,0.045451818581332105,0.5357142857142857,0.0,0.680915000607559,
PEKAO,10,imbalance,tree,7,2017-01-12,False,37020,0.24756218699972715,0.6669431083098358,0.011399243652079958,0.908851117296522,-0.4319750422813928
PEKAO,10,imbalance,tree,7,2017-01-12,True,37020,-0.0528934311378541,0.4150771272184442,0.0,0.908851117296522,
PEKAO,10,imbalance,tree,8,2017-01-13,False,19922,0.23066285872151204,0.6811864406779661,0.004718401766890874,0.7460039644481214,-0.31969498627994375
PEKAO,10,imbalance,tree,8,2017-01-13,True,19922,-0.1499309664136846,0.4752542372881356,0.0,0.7460039644481214,
PEKAO,10,imbalance,tree,9,2017-01-16,False,58110,0.19947572798640892,0.635310495699299,0.017002237136465325,1.2838882230790947,-0.135091105194624
PEKAO,10,imbalance,tree,9,2017-01-16,True,58110,-0.023938892873345347,0.5063889026997465,0.0,1.2838882230790947,
PEKAO,10,ofi,linear,1,2017-01-03,False,40621,0.21883536648730703,0.6722764227642276,0.0,1.0244944332252044,
PEKAO,10,ofi,linear,1,2017-01-03,True,40621,-0.06974962263518227,0.5039837398373984,0.0,1.0244944332252044,
PEKAO,10,ofi,linear,2,2017-01-04,False,45485,0.2471451283056829,0.6945284159613059,0.00032977904803781465,0.8921301228568822,1.14347600153042
PEKAO,10,ofi,linear,2,2017-01-04,True,45485,-0.10262542860519416,0.502040507859734,0.0,0.8921301228568822,
PEKAO,10,ofi,linear,3,2017-01-05,False,20691,0.28538860774242436,0.739344540669044,0.0003383113430960321,0.7439959293290249,-3.074595134702
PEKAO,10,ofi,linear,3,2017-01-05,True,20691,0.06348329455474896,0.5080658855493293,0.0,0.7439959293290249,
PEKAO,10,ofi,linear,4,2017-01-09,False,42009,0.25352853287412674,0.706134745298521,0.00019043538289414174,0.7043053634426805,0.2589512251703905
PEKAO,10,ofi,linear,4,2017-01-09,True,42009,-0.1449919814570786,0.47599050575132373,0.0,0.7043053634426805,
PEKAO,10,ofi,linear,5,2017-01-10,False,32364,0.24598777692001886,0.7013088712383936,0.00021628970461006055,0.7532148607046824,-2.6328205270212313
PEKAO,10,ofi,linear,5,2017-01-10,True,32364,-0.11030240704157494,0.48573665958160867,0.0,0.7532148607046824,
PEKAO,10,ofi,linear,6,2017-01-11,False,18492,0.27496248978263665,0.7183734939759037,0.00016223231667748214,0.680915000607559,-0.8705274416388455
PEKAO,10,ofi,linear,6,2017-01-11,True,18492,0.17795518106996203,0.5329173838209983,0.0,0.680915000607559,
PEKAO,10,ofi,linear,7,2017-01-12,False,37020,0.2509871328764782,0.6716702604080279,0.0004051863857374392,0.908851117296522,0.25191238941716837
PEKAO,10,ofi,linear,7,2017-01-12,True,37020,-0.1625899929408433,0.47354453474871455,0.0,0.908851117296522,
PEKAO,10,ofi,linear,8,2017-01-13,False,19922,0.23511447181652154,0.6898305084745763,5.019576347756249e-05,0.7460039644481214,-1.0
PEKAO,10,ofi,linear,8,2017-01-13,True,19922,-0.1531394309857376,0.4447457627118644,0.0,0.7460039644481214,
PEKAO,10,ofi,linear,9,2017-01-16,False,58110,0.19983815833324628,0.6362551583552926,0.0005506797453106178,1.2838882230790947,0.9777042578781114
PEKAO,10,ofi,linear,9,2017-01-16,True,58110,0.007058496667053767,0.5248844031223586,0.0,1.2838882230790947,
PEKAO,10,ofi,tree,1,2017-01-03,False,40621,0.1774935529019867,0.636260162601626,0.08114029689077078,1.0244944332252044,-0.6258321059557391
PEKAO,10,ofi,tree,1,2017-01-03,True,40621,-0.036771659945704166,0.5039837398373984,0.0,1.0244944332252044,
PEKAO,10,ofi,tree,2,2017-01-04,False,45485,0.23141190237436207,0.6764661426844014,0.06661536770363856,0.8921301228568822,-0.2562504383272274
PEKAO,10,ofi,tree,2,2017-01-04,True,45485,0.05488405442643636,0.5032496977025392,0.0,0.8921301228568822,
PEKAO,10,ofi,tree,3,2017-01-05,False,20691,0.2858009700321056,0.7204958397011377,0.045768691701706055,0.7439959293290249,0.3003182970138363
PEKAO,10,ofi,tree,3,2017-01-05,True,20691,0.012677106877134425,0.5046697232127696,0.0,0.7439959293290249,
PEKAO,10,ofi,tree,4,2017-01-09,False,42009,0.26729962031504967,0.7007485849917838,0.05106048703849175,0.7043053634426805,0.025480209428406484
PEKAO,10,ofi,tree,4,2017-01-09,True,42009,-0.066750611596908,0.4756253423406975,0.0,0.7043053634426805,
PEKAO,10,ofi,tree,5,2017-01-10,False,32364,0.24709580673329606,0.6849759480926279,0.03871585712520084,0.7532148607046824,0.2179947573707559
PEKAO,10,ofi,tree,5,2017-01-10,True,32364,-0.0014126437220434262,0.49233695044188386,0.0,0.7532148607046824,
PEKAO,10,ofi,tree,6,2017-01-11,False,18492,0.2883289289811314,0.7149311531841652,0.0518061864590093,0.680915000607559,0.1271229650449872
PEKAO,10,ofi,tree,6,2017-01-11,True,18492,0.0505050416281164,0.5598106712564543,0.0,0.680915000607559,
PEKAO,10,ofi,tree,7,2017-01-12,False,37020,0.24914951584737646,0.6666113783380329,0.042625607779578606,0.908851117296522,0.06688093293080807
PEKAO,10,ofi,tree,7,2017-01-12,True,37020,-0.040513588430914106,0.41416486979598605,0.0,0.908851117296522,
PEKAO,10,ofi,tree,8,2017-01-13,False,19922,0.2348619497111859,0.6825423728813559,0.01832145366931031,0.7460039644481214,0.16994505190194942
PEKAO,10,ofi,tree,8,2017-01-13,True,19922,-0.14236660343666546,0.47423728813559324,0.0,0.7460039644481214,
PEKAO,10,ofi,tree,9,2017-01-16,False,58110,0.20676403050379227,0.6414259434196788,0.030252968508002066,1.2838882230790947,0.21145316871357908
PEKAO,10,ofi,tree,9,2017-01-16,True,58110,-0.041980452023629794,0.528911649182121,0.0,1.2838882230790947,
PEKAO,10,microprice,linear,1,2017-01-03,False,40621,0.22306109842365743,0.6721951219512196,0.010511804239186628,1.0244944332252044,-0.5300987422734339
PEKAO,10,microprice,linear,1,2017-01-03,True,40621,-0.16530454499695546,0.5039837398373984,0.0,1.0244944332252044,
PEKAO,10,microprice,linear,2,2017-01-04,False,45485,0.2521618255377496,0.6957376058041113,0.016774760910190173,0.8921301228568822,0.18131888298385973
PEKAO,10,microprice,linear,2,2017-01-04,True,45485,0.09258786360329238,0.5022672309552599,0.0,0.8921301228568822,
PEKAO,10,microprice,linear,3,2017-01-05,False,20691,0.2826396246420705,0.7327220241127526,0.004398047460248417,0.7439959293290249,0.1426436293127362
PEKAO,10,microprice,linear,3,2017-01-05,True,20691,0.0644083157656209,0.5136695534046527,0.0,0.7439959293290249,
PEKAO,10,microprice,linear,4,2017-01-09,False,42009,0.25649866039169644,0.7078692714989958,0.011902211430883857,0.7043053634426805,-0.2615842428565354
PEKAO,10,microprice,linear,4,2017-01-09,True,42009,-0.17146228640064723,0.4769947051305459,0.0,0.7043053634426805,
PEKAO,10,microprice,linear,5,2017-01-10,False,32364,0.2458415618121911,0.7005257858820897,0.001050549993820294,0.7532148607046824,0.5581198873945222
PEKAO,10,microprice,linear,5,2017-01-10,True,32364,-0.04544776583687811,0.4941268598277212,0.0,0.7532148607046824,
PEKAO,10,microprice,linear,6,2017-01-11,False,18492,0.277659838113771,0.7151462994836488,0.0003244646333549643,0.680915000607559,1.6348784948445243
PEKAO,10,microprice,linear,6,2017-01-11,True,18492,0.050202464327384434,0.5027969018932874,0.0,0.680915000607559,
PEKAO,10,microprice,linear,7,2017-01-12,False,37020,0.2535848579134935,0.6695140155913086,0.0009184224743381956,0.908851117296522,0.8718508446724514
PEKAO,10,microprice,linear,7,2017-01-12,True,37020,-0.1745830223218222,0.3678885387294742,0.0,0.908851117296522,
PEKAO,10,microprice,linear,8,2017-01-13,False,19922,0.23622786153037573,0.6884745762711865,0.00025097881738781245,0.7460039644481214,-0.2179844018089785
PEKAO,10,microprice,linear,8,2017-01-13,True,19922,-0.15131147327330743,0.45152542372881355,0.0,0.7460039644481214,
PEKAO,10,microprice,linear,9,2017-01-16,False,58110,0.20473484194883915,0.6410281907224183,0.0007399759077611427,1.2838882230790947,-0.3338491459351336
PEKAO,10,microprice,linear,9,2017-01-16,True,58110,-0.024442398874280662,0.5095212051906727,0.0,1.2838882230790947,
PEKAO,10,microprice,tree,1,2017-01-03,False,40621,0.18020290231046457,0.6433333333333333,0.08926417370325694,1.0244944332252044,-0.6286700746377432
PEKAO,10,microprice,tree,1,2017-01-03,True,40621,-0.02638542725264889,0.5039837398373984,0.0,1.0244944332252044,
PEKAO,10,microprice,tree,2,2017-01-04,False,45485,0.23909439320781636,0.6876511487303507,0.0645927228756733,0.8921301228568822,-0.24770803731750668
PEKAO,10,microprice,tree,2,2017-01-04,True,45485,0.01707699017619863,0.50113361547763,0.0,0.8921301228568822,
PEKAO,10,microprice,tree,3,2017-01-05,False,20691,0.28473180056406766,0.7216844965189336,0.04876516359769948,0.7439959293290249,0.10230289853541516
PEKAO,10,microprice,tree,3,2017-01-05,True,20691,0.1927919229870301,0.5046697232127696,0.0,0.7439959293290249,
PEKAO,10,microprice,tree,4,2017-01-09,False,42009,0.26860226898759065,0.7014789118130363,0.04653764669475589,0.7043053634426805,0.032695648555417754
PEKAO,10,microprice,tree,4,2017-01-09,True,42009,-0.06905042377635791,0.4756253423406975,0.0,0.7043053634426805,
PEKAO,10,microprice,tree,5,2017-01-10,False,32364,0.24982204596360927,0.6954916657344222,0.03661475713756025,0.7532148607046824,0.1942741505045189
PEKAO,10,microprice,tree,5,2017-01-10,True,32364,-0.13813429127966947,0.49233695044188386,0.0,0.7532148607046824,
PEKAO,10,microprice,tree,6,2017-01-11,False,18492,0.29017428044800386,0.7280550774526678,0.050616482803374434,0.680915000607559,0.1014855379387409
PEKAO,10,microprice,tree,6,2017-01-11,True,18492,0.032710555933024056,0.5038726333907056,0.0,0.680915000607559,
PEKAO,10,microprice,tree,7,2017-01-12,False,37020,0.2514399569789796,0.6705921379996683,0.041842247433819556,0.908851117296522,0.03954687359595427
PEKAO,10,microprice,tree,7,2017-01-12,True,37020,-0.04503190912068729,0.40122740089567094,0.0,0.908851117296522,
PEKAO,10,microprice,tree,8,2017-01-13,False,19922,0.2349855836030959,0.6796610169491526,0.018070474851922497,0.7460039644481214,0.21102801845023803
PEKAO,10,microprice,tree,8,2017-01-13,True,19922,-0.12798172482799106,0.47559322033898305,0.0,0.7460039644481214,
PEKAO,10,microprice,tree,9,2017-01-16,False,58110,0.2054769203224309,0.6427186396857754,0.030046463603510584,1.2838882230790947,0.06575615799327843
PEKAO,10,microprice,tree,9,2017-01-16,True,58110,-0.016887473715092118,0.5116094068512902,0.0,1.2838882230790947,
PEKAO,20,spread,linear,1,2017-01-03,False,40611,0.020989163129270964,0.5014902363823227,0.0,1.6979163618400055,
PEKAO,20,spread,linear,1,2017-01-03,True,40611,-0.020989163129270964,0.4983556012332991,0.0,1.6979163618400055,
PEKAO,20,spread,linear,2,2017-01-04,False,45475,-0.02944467642261205,0.5163294865205812,0.0,1.480256932063636,
PEKAO,20,spread,linear,2,2017-01-04,True,45475,0.02944467642261205,0.4998831939447741,0.0,1.480256932063636,
PEKAO,20,spread,linear,3,2017-01-05,False,20681,-0.0802234012925969,0.46578705124271247,0.0,1.262496846717636,
PEKAO,20,spread,linear,3,2017-01-05,True,20681,0.0802234012925969,0.5059834305001534,0.0,1.262496846717636,
PEKAO,20,spread,linear,4,2017-01-09,False,41999,-0.01515672689418781,0.48945926298719455,0.0,1.1913477456356454,
PEKAO,20,spread,linear,4,2017-01-09,True,41999,0.01515672689418781,0.47877872840127494,0.0,1.1913477456356454,
PEKAO,20,spread,linear,5,2017-01-10,False,32354,-0.017704668483631218,0.48020585906571656,0.0,1.3257777091374983,
PEKAO,20,spread,linear,5,2017-01-10,True,32354,0.017704668483631218,0.4947215624175244,0.0,1.3257777091374983,
PEKAO,20,spread,linear,6,2017-01-11,False,18482,-0.043329971437198016,0.47751957565041675,0.0,1.2239893186373885,
PEKAO,20,spread,linear,6,2017-01-11,True,18482,0.043329971437198016,0.4863601919676686,0.0,1.2239893186373885,
PEKAO,20,spread,linear,7,2017-01-12,False,37010,0.05205559824456842,0.48253638253638254,0.0,1.5318661619733982,
PEKAO,20,spread,linear,7,2017-01-12,True,37010,0.05205559824456842,0.47416839916839915,0.0,1.5318661619733982,
PEKAO,20,spread,linear,8,2017-01-13,False,19912,-0.03880939120950894,0.45109401538615246,0.0,1.3179444885198381,
PEKAO,20,spread,linear,8,2017-01-13,True,19912,0.03880939120950894,0.4684783694674793,0.0,1.3179444885198381,
PEKAO,20,spread,linear,9,2017-01-16,False,58100,-0.028014554330091396,0.5261279005354835,0.0,2.159920584973991,
PEKAO,20,spread,linear,9,2017-01-16,True,58100,-0.028014554330091396,0.537668492644796,0.0,2.159920584973991,
PEKAO,20,spread,tree,1,2017-01-03,False,40611,0.039439212386223534,0.5153648509763618,0.08694688631159045,1.6979163618400055,-0.8527624830644943
PEKAO,20,spread,tree,1,2017-01-03,True,40611,0.011943898326335696,0.4983556012332991,0.0,1.6979163618400055,
PEKAO,20,spread,tree,2,2017-01-04,False,45475,-0.0778803146069686,0.4517590991917021,0.03120395821880154,1.480256932063636,-1.5758846883053634
PEKAO,20,spread,tree,2,2017-01-04,True,45475,-0.022094257492950492,0.4998831939447741,0.0,1.480256932063636,
PEKAO,20,spread,tree,3,2017-01-05,False,20681,-0.024713342155765226,0.47345811598649895,0.0,1.262496846717636,
PEKAO,20,spread,tree,3,2017-01-05,True,20681,0.04291325871639809,0.5059834305001534,0.0,1.262496846717636,
PEKAO,20,spread,tree,4,2017-01-09,False,41999,0.05094279104136066,0.49728792708158587,0.0,1.1913477456356454,
PEKAO,20,spread,tree,4,2017-01-09,True,41999,-0.04086403260131545,0.47877872840127494,0.0,1.1913477456356454,
PEKAO,20,spread,tree,5,2017-01-10,False,32354,-0.0038617874703677016,0.47314594879915545,0.0,1.3257777091374983,
PEKAO,20,spread,tree,5,2017-01-10,True,32354,-0.009760235455623672,0.4971628397994194,0.0,1.3257777091374983,
PEKAO,20,spread,tree,6,2017-01-11,False,18482,0.004601250448493709,0.5082091437231624,0.0,1.2239893186373885,
PEKAO,20,spread,tree,6,2017-01-11,True,18482,0.0357730056206522,0.48130841121495327,0.0,1.2239893186373885,
PEKAO,20,spread,tree,7,2017-01-12,False,37010,0.0061652000167098375,0.45862785862785865,0.15149959470413402,1.5318661619733982,-0.5678296133375597
PEKAO,20,spread,tree,7,2017-01-12,True,37010,0.06616196366499767,0.47344074844074846,0.0,1.5318661619733982,
PEKAO,20,spread,tree,8,2017-01-13,False,19912,0.019034665430474412,0.48196623039264663,0.0,1.3179444885198381,
PEKAO,20,spread,tree,8,2017-01-13,True,19912,0.02097817097828986,0.4684783694674793,0.0,1.3179444885198381,
PEKAO,20,spread,tree,9,2017-01-16,False,58100,-0.012133482406428867,0.490213577891303,0.0,2.159920584973991,
PEKAO,20,spread,tree,9,2017-01-16,True,58100,0.036321119339199764,0.5420077552778975,0.0,2.159920584973991,
PEKAO,20,imbalance,linear,1,2017-01-03,False,40611,0.24801044370770342,0.6458376156217883,0.19024402255546527,1.6979163618400055,-0.09053157512258357
PEKAO,20,imbalance,linear,1,2017-01-03,True,40611,-0.1699993754644227,0.49825282631038026,0.0,1.6979163618400055,
PEKAO,20,imbalance,linear,2,2017-01-04,False,45475,0.2967160236096935,0.6837826472924357,0.1525013743815283,1.480256932063636,0.052242158454665365
PEKAO,20,imbalance,linear,2,2017-01-04,True,45475,0.22274340318271876,0.4998831939447741,0.0,1.480256932063636,
PEKAO,20,imbalance,linear,3,2017-01-05,False,20681,0.32953313678969326,0.7172956939756572,0.15830955949905712,1.262496846717636,0.15107255851789655
PEKAO,20,imbalance,linear,3,2017-01-05,True,20681,-0.26582515601444406,0.5059834305001534,0.0,1.262496846717636,
PEKAO,20,imbalance,linear,4,2017-01-09,False,41999,0.2922965740105244,0.6911032824470167,0.13778899497607086,1.1913477456356454,0.04013221664057518
PEKAO,20,imbalance,linear,4,2017-01-09,True,41999,0.08701861150136941,0.47877872840127494,0.0,1.1913477456356454,
PEKAO,20,imbalance,linear,5,2017-01-10,False,32354,0.2730941590566713,0.6745843230403801,0.12007788836001732,1.3257777091374983,0.09000014048199802
PEKAO,20,imbalance,linear,5,2017-01-10,True,32354,0.10317742722038072,0.4947215624175244,0.0,1.3257777091374983,
PEKAO,20,imbalance,linear,6,2017-01-11,False,18482,0.3099444471002009,0.684011113917656,0.12958554269018505,1.2239893186373885,0.09335608023208086
PEKAO,20,imbalance,linear,6,2017-01-11,True,18482,0.01229010531947937,0.4863601919676686,0.0,1.2239893186373885,
PEKAO,20,imbalance,linear,7,2017-01-12,False,37010,0.28535986988718803,0.6548336798336798,0.1958930018913807,1.5318661619733982,0.06385766054105499
PEKAO,20,imbalance,linear,7,2017-01-12,True,37010,-0.20669700469899238,0.47448024948024947,0.0,1.5318661619733982,
PEKAO,20,imbalance,linear,8,2017-01-13,False,19912,0.2535853882395342,0.6619042861424718,0.0680996384089996,1.3179444885198381,-0.059076819154075165
PEKAO,20,imbalance,linear,8,2017-01-13,True,19912,0.08735455820930933,0.4684783694674793,0.0,1.3179444885198381,
PEKAO,20,imbalance,linear,9,2017-01-16,False,58100,0.23154128656578044,0.6231304240782913,0.14497418244406196,2.159920584973991,0.3058552202540843
PEKAO,20,imbalance,linear,9,2017-01-16,True,58100,0.17854305743600116,0.5373915184341724,0.0,2.159920584973991,
PEKAO,20,imbalance,tree,1,2017-01-03,False,40611,0.19070259496251482,0.6173175745118191,0.21516337937997093,1.6979163618400055,-0.49955126264458
PEKAO,20,imbalance,tree,1,2017-01-03,True,40611,-0.11993432055345615,0.5003597122302158,0.0,1.6979163618400055,
PEKAO,20,imbalance,tree,2,2017-01-04,False,45475,0.26015125652529064,0.637901228799701,0.24499175371083012,1.480256932063636,-0.02282074210993333
PEKAO,20,imbalance,tree,2,2017-01-04,True,45475,-0.0023039620710894526,0.4984347988599729,0.0,1.480256932063636,
PEKAO,20,imbalance,tree,3,2017-01-05,False,20681,0.31797428866426297,0.7014421601718318,0.1550215173347517,1.262496846717636,0.20880119199885275
PEKAO,20,imbalance,tree,3,2017-01-05,True,20681,-0.17544174123335862,0.5059834305001534,0.0,1.262496846717636,
PEKAO,20,imbalance,tree,4,2017-01-09,False,41999,0.30041618576835294,0.6884191690432254,0.1680754303673897,1.1913477456356454,0.04404387070575156
PEKAO,20,imbalance,tree,4,2017-01-09,True,41999,-0.048959050215529216,0.4806799753956271,0.0,1.1913477456356454,
PEKAO,20,imbalance,tree,5,2017-01-10,False,32354,0.25984149931108613,0.6529427289522302,0.13095753229894294,1.3257777091374983,0.04791327719975334
PEKAO,20,imbalance,tree,5,2017-01-10,True,32354,-0.0054586077408135085,0.49320401161256266,0.0,1.3257777091374983,
PEKAO,20,imbalance,tree,6,2017-01-11,False,18482,0.3185152187331499,0.6857792371811063,0.11908884319878801,1.2239893186373885,0.1323894917074572
PEKAO,20,imbalance,tree,6,2017-01-11,True,18482,0.04372602796102307,0.49431674665319525,0.0,1.2239893186373885,
PEKAO,20,imbalance,tree,7,2017-01-12,False,37010,0.27886685244244475,0.6521829521829522,0.2176979194812213,1.5318661619733982,0.05912771577361548
PEKAO,20,imbalance,tree,7,2017-01-12,True,37010,0.005564202623768362,0.47411642411642413,0.0,1.5318661619733982,
PEKAO,20,imbalance,tree,8,2017-01-13,False,19912,0.24685856760583758,0.6620041962233989,0.07929891522699879,1.3179444885198381,0.08461867148574695
PEKAO,20,imbalance,tree,8,2017-01-13,True,19912,-0.010564199529772608,0.4684783694674793,0.0,1.3179444885198381,
PEKAO,20,imbalance,tree,9,2017-01-16,False,58100,0.2297783229117436,0.6194066596910199,0.13662650602409637,2.159920584973991,0.26679300743147244
PEKAO,20,imbalance,tree,9,2017-01-16,True,58100,0.022586932615861813,0.5417000061549825,0.0,2.159920584973991,
PEKAO,20,ofi,linear,1,2017-01-03,False,40611,0.2480813891841299,0.6457862281603289,0.19019477481470537,1.6979163618400055,-0.08935576805478845
PEKAO,20,ofi,linear,1,2017-01-03,True,40611,-0.17095283101476672,0.4972764645426516,7.387161113983896e-05,1.6979163618400055,-1.8028611790655837
PEKAO,20,ofi,linear,2,2017-01-04,False,45475,0.29741369757482605,0.6842498715133393,0.15340296866410116,1.480256932063636,0.06839764730482921
PEKAO,20,ofi,linear,2,2017-01-04,True,45475,0.20837218443665423,0.49955613699014156,0.0,1.480256932063636,
PEKAO,20,ofi,linear,3,2017-01-05,False,20681,0.3306345825354594,0.7171934131124067,0.15874474155021517,1.262496846717636,0.16658863712287242
PEKAO,20,ofi,linear,3,2017-01-05,True,20681,-0.20837863284697752,0.5052674644574,0.0,1.262496846717636,
PEKAO,20,ofi,linear,4,2017-01-09,False,41999,0.29323094013670475,0.6924453391489124,0.1379080454296531,1.1913477456356454,0.049581029504781896
PEKAO,20,ofi,linear,4,2017-01-09,True,41999,0.08481857755102123,0.4787228093720293,0.0,1.1913477456356454,
PEKAO,20,ofi,linear,5,2017-01-10,False,32354,0.2744988715338842,0.6753760886777513,0.12010879643938925,1.3257777091374983,0.10874100731343046
PEKAO,20,ofi,linear,5,2017-01-10,True,32354,0.11098107833006182,0.4947215624175244,0.0,1.3257777091374983,
PEKAO,20,ofi,linear,6,2017-01-11,False,18482,0.31101624465025113,0.6842637029552917,0.1280164484363164,1.2239893186373885,0.12900297828445742
PEKAO,20,ofi,linear,6,2017-01-11,True,18482,0.027753040654064767,0.4863601919676686,0.0,1.2239893186373885,
PEKAO,20,ofi,linear,7,2017-01-12,False,37010,0.28659679781064573,0.6544178794178794,0.197135909213726,1.5318661619733982,0.0665045270864877
PEKAO,20,ofi,linear,7,2017-01-12,True,37010,-0.20486551881776588,0.47448024948024947,0.0,1.5318661619733982,
PEKAO,20,ofi,linear,8,2017-01-13,False,19912,0.254954181475086,0.6638025776800879,0.06835074327038972,1.3179444885198381,-0.01288050847013934
PEKAO,20,ofi,linear,8,2017-01-13,True,19912,0.08579120563668553,0.46887800979118793,0.0,1.3179444885198381,
PEKAO,20,ofi,linear,9,2017-01-16,False,58100,0.23383034813695466,0.6245768449559919,0.143631669535284,2.159920584973991,0.3378277930526369
PEKAO,20,ofi,linear,9,2017-01-16,True,58100,0.18287403468632293,0.5406536591370714,0.0,2.159920584973991,
PEKAO,20,ofi,tree,1,2017-01-03,False,40611,0.1976910895222878,0.620606372045221,0.22850951712590184,1.6979163618400055,-0.38114651783400144
PEKAO,20,ofi,tree,1,2017-01-03,True,40611,-0.1294584699993567,0.49912641315519013,0.0,1.6979163618400055,
PEKAO,20,ofi,tree,2,2017-01-04,False,45475,0.2658695594021579,0.6458907629771528,0.2382847718526663,1.480256932063636,0.016988211644218258
PEKAO,20,ofi,tree,2,2017-01-04,True,45475,-0.038396460175851174,0.4979208522169789,0.0,1.480256932063636,
PEKAO,20,ofi,tree,3,2017-01-05,False,20681,0.323289725427761,0.6935665337015444,0.15632706348822592,1.262496846717636,0.2512408360548618
PEKAO,20,ofi,tree,3,2017-01-05,True,20681,-0.11152412714275668,0.5121202822951826,0.0,1.262496846717636,
PEKAO,20,ofi,tree,4,2017-01-09,False,41999,0.3051372272949694,0.6925571772074037,0.15990856925164884,1.1913477456356454,0.13246635929396075
PEKAO,20,ofi,tree,4,2017-01-09,True,41999,-0.0481858486644716,0.4806799753956271,0.0,1.1913477456356454,
PEKAO,20,ofi,tree,5,2017-01-10,False,32354,0.2706715915155021,0.6648851939825812,0.1402917722692712,1.3257777091374983,0.10900659380082141
PEKAO,20,ofi,tree,5,2017-01-10,True,32354,-0.025027573495683936,0.49445764053840063,0.0,1.3257777091374983,
PEKAO,20,ofi,tree,6,2017-01-11,False,18482,0.3258937275517212,0.6912099014902753,0.1368358402770263,1.2239893186373885,0.28174908357865674
PEKAO,20,ofi,tree,6,2017-01-11,True,18482,0.05605478937775626,0.48547613033594345,0.0,1.2239893186373885,
PEKAO,20,ofi,tree,7,2017-01-12,False,37010,0.2842708323956439,0.6526507276507276,0.218886787354769,1.5318661619733982,0.12973268961840195
PEKAO,20,ofi,tree,7,2017-01-12,True,37010,0.006292709851105984,0.47458419958419956,0.0,1.5318661619733982,
PEKAO,20,ofi,tree,8,2017-01-13,False,19912,0.2553047667629668,0.6628034768708163,0.08653073523503416,1.3179444885198381,0.3358775355121747
PEKAO,20,ofi,tree,8,2017-01-13,True,19912,-0.00319558836496618,0.4683784593865521,0.0,1.3179444885198381,
PEKAO,20,ofi,tree,9,2017-01-16,False,58100,0.23325268104637553,0.6204222317966394,0.146592082616179,2.159920584973991,0.22763217249624182
PEKAO,20,ofi,tree,9,2017-01-16,True,58100,0.029783800683330326,0.539207238259371,0.0,2.159920584973991,
PEKAO,20,microprice,linear,1,2017-01-03,False,40611,0.25395456722501203,0.6519527235354573,0.22732757134766443,1.6979163618400055,-0.004302672526625938
PEKAO,20,microprice,linear,1,2017-01-03,True,40611,-0.1798920874436567,0.49655704008221996,7.387161113983896e-05,1.6979163618400055,-1.8028611790655837
PEKAO,20,microprice,linear,2,2017-01-04,False,45475,0.30210730848529344,0.6885016119235621,0.21855964815832876,1.480256932063636,0.114275464347696
PEKAO,20,microprice,linear,2,2017-01-04,True,45475,-0.05455679856248593,0.5008176423865813,0.0,1.480256932063636,
PEKAO,20,microprice,linear,3,2017-01-05,False,20681,0.32497156594541776,0.7135113020353891,0.1773608626275325,1.262496846717636,0.008936498253403313
PEKAO,20,microprice,linear,3,2017-01-05,True,20681,-0.18831367854585482,0.5052674644574,0.0,1.262496846717636,
PEKAO,20,microprice,linear,4,2017-01-09,False,41999,0.2978949584017805,0.6933400436168428,0.17900426200623826,1.1913477456356454,0.038312789849069336
PEKAO,20,microprice,linear,4,2017-01-09,True,41999,-0.08481643765594264,0.4787228093720293,0.0,1.1913477456356454,
PEKAO,20,microprice,linear,5,2017-01-10,False,32354,0.2739211358736199,0.674716283979942,0.13645917042714967,1.3257777091374983,0.08245813826743184
PEKAO,20,microprice,linear,5,2017-01-10,True,32354,0.11714523694245717,0.4948535233570863,0.0,1.3257777091374983,
PEKAO,20,microprice,linear,6,2017-01-11,False,18482,0.31680571625524107,0.6851477645870169,0.16383508278324857,1.2239893186373885,0.044694401589072626
PEKAO,20,microprice,linear,6,2017-01-11,True,18482,0.05338568565424992,0.4863601919676686,0.0,1.2239893186373885,
PEKAO,20,microprice,linear,7,2017-01-12,False,37010,0.2898790891418304,0.6530665280665281,0.2131045663334234,1.5318661619733982,0.13958352332152943
PEKAO,20,microprice,linear,7,2017-01-12,True,37010,-0.157670379724211,0.4639293139293139,0.0,1.5318661619733982,
PEKAO,20,microprice,linear,8,2017-01-13,False,19912,0.2564536897399021,0.6655010490558497,0.0866311771795902,1.3179444885198381,0.1380592539698014
PEKAO,20,microprice,linear,8,2017-01-13,True,19912,0.08834561746280695,0.46907782995304226,0.0,1.3179444885198381,
PEKAO,20,microprice,linear,9,2017-01-16,False,58100,0.24138621139415517,0.6255924170616114,0.12080895008605852,2.159920584973991,0.47991479937645937
PEKAO,20,microprice,linear,9,2017-01-16,True,58100,0.14481957203147272,0.5399150612420754,0.0,2.159920584973991,
PEKAO,20,microprice,tree,1,2017-01-03,False,40611,0.20359446412803853,0.624820143884892,0.23766959690724188,1.6979163618400055,-0.30481527366221467
PEKAO,20,microprice,tree,1,2017-01-03,True,40611,-0.12588945676537555,0.5044193216855087,0.0,1.6979163618400055,
PEKAO,20,microprice,tree,2,2017-01-04,False,45475,0.2675532191651149,0.6558426388823997,0.23870258383727322,1.480256932063636,0.03210929814343723
PEKAO,20,microprice,tree,2,2017-01-04,True,45475,-0.08015565784837884,0.4998831939447741,0.0,1.480256932063636,
PEKAO,20,microprice,tree,3,2017-01-05,False,20681,0.3294314249509909,0.7089086631891173,0.153377496252599,1.262496846717636,0.11523706105485124
PEKAO,20,microprice,tree,3,2017-01-05,True,20681,-0.09015670546100929,0.5111997545259283,0.0,1.262496846717636,
PEKAO,20,microprice,tree,4,2017-01-09,False,41999,0.3045037578621468,0.6885869261309624,0.15297983285316316,1.1913477456356454,0.11858032745127096
PEKAO,20,microprice,tree,4,2017-01-09,True,41999,-0.08222493377059605,0.47866689034278365,0.0,1.1913477456356454,
PEKAO,20,microprice,tree,5,2017-01-10,False,32354,0.27305220177821493,0.6654130377408287,0.1402299561105273,1.3257777091374983,0.17372204892770868
PEKAO,20,microprice,tree,5,2017-01-10,True,32354,0.04096192854326521,0.4937318553708102,0.0,1.3257777091374983,
PEKAO,20,microprice,tree,6,2017-01-11,False,18482,0.32965826158085504,0.6910836069714574,0.13537495941997618,1.2239893186373885,0.2022060579350524
PEKAO,20,microprice,tree,6,2017-01-11,True,18482,0.10867525360233397,0.4856024248547613,0.0,1.2239893186373885,
PEKAO,20,microprice,tree,7,2017-01-12,False,37010,0.28463209901178893,0.6568607068607069,0.2218589570386382,1.5318661619733982,0.15766536307326706
PEKAO,20,microprice,tree,7,2017-01-12,True,37010,0.0054464309238589775,0.4743762993762994,0.0,1.5318661619733982,
PEKAO,20,microprice,tree,8,2017-01-13,False,19912,0.25479781659202133,0.6537116595064442,0.08607874648453194,1.3179444885198381,0.32334430654085444
PEKAO,20,microprice,tree,8,2017-01-13,True,19912,0.02963732725609803,0.47307423319012887,0.0,1.3179444885198381,
PEKAO,20,microprice,tree,9,2017-01-16,False,58100,0.23254914752354439,0.6238690219732874,0.14623063683304646,2.159920584973991,0.28512460715872273
PEKAO,20,microprice,tree,9,2017-01-16,True,58100,0.02697958542036407,0.5380685665045855,0.0,2.159920584973991,
PEKAO,50,spread,linear,1,2017-01-03,False,40581,0.08852054321426268,0.5096081200932892,0.30578349473891725,3.1180488234944725,-0.38075541354695847
PEKAO,50,spread,linear,1,2017-01-03,True,40581,-0.08852054321426268,0.4919357487764018,0.0,3.1180488234944725,
PEKAO,50,spread,linear,2,2017-01-04,False,45445,-0.043155456218921105,0.5240519772599488,0.0012102541533722082,2.571909252059388,4.391762726991732
PEKAO,50,spread,linear,2,2017-01-04,True,45445,0.043155456218921105,0.5148372586993191,0.0,2.571909252059388,
PEKAO,50,spread,linear,3,2017-01-05,False,20651,-0.10777261884161869,0.4422001447463649,0.0,2.4248202132178185,
PEKAO,50,spread,linear,3,2017-01-05,True,20651,-0.10777261884161869,0.5041121126389894,0.0,2.4248202132178185,
PEKAO,50,spread,linear,4,2017-01-09,False,41969,-0.011158539604468677,0.4933273715347046,0.0,2.3136330744366034,
PEKAO,50,spread,linear,4,2017-01-09,True,41969,0.011158539604468677,0.4812547293114123,0.0,2.3136330744366034,
PEKAO,50,spread,linear,5,2017-01-10,False,32324,-0.0254971372960379,0.4666418496918559,0.0,2.6045943250604693,
PEKAO,50,spread,linear,5,2017-01-10,True,32324,0.0254971372960379,0.4891839351449725,0.0,2.6045943250604693,
PEKAO,50,spread,linear,6,2017-01-11,False,18452,0.007516603410872319,0.4693862105502157,0.0,2.4743007792909344,
PEKAO,50,spread,linear,6,2017-01-11,True,18452,-0.007516603410872319,0.46968894270793915,0.0,2.4743007792909344,
PEKAO,50,spread,linear,7,2017-01-12,False,36980,0.05430564769030025,0.49857319006517525,0.0,2.7656849645698536,
PEKAO,50,spread,linear,7,2017-01-12,True,36980,-0.05430564769030025,0.5047031883036815,0.0,2.7656849645698536,
PEKAO,50,spread,linear,8,2017-01-13,False,19882,-0.04286521418091188,0.42829521968131207,0.0,2.5450141243356486,
PEKAO,50,spread,linear,8,2017-01-13,True,19882,-0.04286521418091188,0.4563637575838389,0.0,2.5450141243356486,
PEKAO,50,spread,linear,9,2017-01-16,False,58070,-0.033775757124061744,0.49713172879490275,0.0,3.8940987179550652,
PEKAO,50,spread,linear,9,2017-01-16,True,58070,-0.033775757124061744,0.5438284540970767,0.0,3.8940987179550652,
PEKAO,50,spread,tree,1,2017-01-03,False,40581,0.057550642700332895,0.508359885688007,0.12025332051945492,3.1180488234944725,-0.43911103768004645
PEKAO,50,spread,tree,1,2017-01-03,True,40581,-0.05726649073736673,0.4919357487764018,0.0,3.1180488234944725,
PEKAO,50,spread,tree,2,2017-01-04,False,45445,-0.05760098562642274,0.47513587805335167,0.24550555616679504,2.571909252059388,-1.2305019442967435
PEKAO,50,spread,tree,2,2017-01-04,True,45445,0.0020467465500050006,0.5119010432935591,0.0,2.571909252059388,
PEKAO,50,spread,tree,3,2017-01-05,False,20651,-0.06227779511686232,0.4579906572800842,0.0627572514648201,2.4248202132178185,-0.8295963193559442
PEKAO,50,spread,tree,3,2017-01-05,True,20651,0.00012226304845588872,0.5041121126389894,0.0,2.4248202132178185,
PEKAO,50,spread,tree,4,2017-01-09,False,41969,0.057333214579200154,0.5115911123340442,0.1117253210703138,2.3136330744366034,-1.0898612548383189
PEKAO,50,spread,tree,4,2017-01-09,True,41969,0.02244045122553707,0.4812547293114123,0.0,2.3136330744366034,
PEKAO,50,spread,tree,5,2017-01-10,False,32324,-0.016451080592716147,0.47603093849526407,0.012374706100730107,2.6045943250604693,-0.7448915211825465
PEKAO,50,spread,tree,5,2017-01-10,True,32324,0.06886286976830441,0.4886462340240725,0.0,2.6045943250604693,
PEKAO,50,spread,tree,6,2017-01-11,False,18452,0.03854215488645089,0.4793763717550897,0.005582050726208541,2.4743007792909344,-0.3783846715347079
PEKAO,50,spread,tree,6,2017-01-11,True,18452,-0.01939733683745098,0.46968894270793915,0.0,2.4743007792909344,
PEKAO,50,spread,tree,7,2017-01-12,False,36980,0.03021957101640081,0.4915272150783865,0.2272850189291509,2.7656849645698536,-0.6187660707566898
PEKAO,50,spread,tree,7,2017-01-12,True,36980,-0.0814219930580128,0.5047031883036815,0.0,2.7656849645698536,
PEKAO,50,spread,tree,8,2017-01-13,False,19882,-0.02127423520833864,0.46176411760784053,0.0,2.5450141243356486,
PEKAO,50,spread,tree,8,2017-01-13,True,19882,0.021607184089630287,0.4563637575838389,0.0,2.5450141243356486,
PEKAO,50,spread,tree,9,2017-01-16,False,58070,-0.02863274993341962,0.4807688236912851,0.020354744274151886,3.8940987179550652,0.29788957215953543
PEKAO,50,spread,tree,9,2017-01-16,True,58070,-0.018975360679333777,0.5424101945344086,0.0,3.8940987179550652,
PEKAO,50,imbalance,linear,1,2017-01-03,False,40581,0.27468174258760436,0.6202082580560392,0.5156353958749168,3.1180488234944725,0.3213448290147488
PEKAO,50,imbalance,linear,1,2017-01-03,True,40581,-0.1521061427802686,0.4919357487764018,0.0,3.1180488234944725,
PEKAO,50,imbalance,linear,2,2017-01-04,False,45445,0.312148363488681,0.6660211157618542,0.4582902409505996,2.571909252059388,0.31048048013827684
PEKAO,50,imbalance,linear,2,2017-01-04,True,45445,-0.28316313258520076,0.5148372586993191,0.0,2.571909252059388,
PEKAO,50,imbalance,linear,3,2017-01-05,False,20651,0.32318003516453186,0.6717547207053095,0.44370732652171807,2.4248202132178185,0.3842775024307428
PEKAO,50,imbalance,linear,3,2017-01-05,True,20651,-0.15610344816828076,0.5041121126389894,0.0,2.4248202132178185,
PEKAO,50,imbalance,linear,4,2017-01-09,False,41969,0.3132949062066346,0.654295934511935,0.4550978102885463,2.3136330744366034,0.32161536799252005
PEKAO,50,imbalance,linear,4,2017-01-09,True,41969,-0.03673698158816284,0.4812547293114123,0.0,2.3136330744366034,
PEKAO,50,imbalance,linear,5,2017-01-10,False,32324,0.2496391492171771,0.6156264218058485,0.415542630862517,2.6045943250604693,0.15613311604672211
PEKAO,50,imbalance,linear,5,2017-01-10,True,32324,0.17449207102095882,0.4891839351449725,0.0,2.6045943250604693,
PEKAO,50,imbalance,linear,6,2017-01-11,False,18452,0.32304926578799176,0.6442140316355105,0.49300888792542813,2.4743007792909344,0.33789149211946445
PEKAO,50,imbalance,linear,6,2017-01-11,True,18452,-0.25791597524979376,0.46968894270793915,0.0,2.4743007792909344,
PEKAO,50,imbalance,linear,7,2017-01-12,False,36980,0.29703362040173303,0.6427338382948741,0.5053272038939968,2.7656849645698536,0.20596051004494376
PEKAO,50,imbalance,linear,7,2017-01-12,True,36980,-0.2728789865104372,0.5047031883036815,0.0,2.7656849645698536,
PEKAO,50,imbalance,linear,8,2017-01-13,False,19882,0.27581269630487304,0.6403760250683379,0.36419877275927975,2.5450141243356486,0.3960932046778231
PEKAO,50,imbalance,linear,8,2017-01-13,True,19882,0.22706650689055485,0.4563637575838389,0.0,2.5450141243356486,
PEKAO,50,imbalance,linear,9,2017-01-16,False,58070,0.23693837446099328,0.6017442475815499,0.47251592905114514,3.8940987179550652,0.49162007266595564
PEKAO,50,imbalance,linear,9,2017-01-16,True,58070,-0.10833474397079235,0.5417328168328359,0.0,3.8940987179550652,
PEKAO,50,imbalance,tree,1,2017-01-03,False,40581,0.22926319641097173,0.6029300660250304,0.4987802173430916,3.1180488234944725,0.2143878887901336
PEKAO,50,imbalance,tree,1,2017-01-03,True,40581,-0.1267544765704494,0.4919357487764018,0.0,3.1180488234944725,
PEKAO,50,imbalance,tree,2,2017-01-04,False,45445,0.24813055442476664,0.641125757481102,0.49783254483441525,2.571909252059388,0.05082351782064007
PEKAO,50,imbalance,tree,2,2017-01-04,True,45445,-0.1978909300372476,0.506965702505154,0.0,2.571909252059388,
PEKAO,50,imbalance,tree,3,2017-01-05,False,20651,0.29437750722311146,0.6310941509309823,0.3895695123722822,2.4248202132178185,0.42765576480443607
PEKAO,50,imbalance,tree,3,2017-01-05,True,20651,-0.10201132579232701,0.5048358444634515,0.0,2.4248202132178185,
PEKAO,50,imbalance,tree,4,2017-01-09,False,41969,0.31685684424203997,0.6568067689344431,0.43034144249326883,2.3136330744366034,0.32273985044990644
PEKAO,50,imbalance,tree,4,2017-01-09,True,41969,-0.034260618453897405,0.4812547293114123,0.0,2.3136330744366034,
PEKAO,50,imbalance,tree,5,2017-01-10,False,32324,0.24438846006915604,0.6195971377755718,0.38596708328177204,2.6045943250604693,0.19263949178221598
PEKAO,50,imbalance,tree,5,2017-01-10,True,32324,0.10088785493604628,0.4926583116184804,0.0,2.6045943250604693,
PEKAO,50,imbalance,tree,6,2017-01-11,False,18452,0.335218516146037,0.6448951789903883,0.47642531974853675,2.4743007792909344,0.44793273119159027
PEKAO,50,imbalance,tree,6,2017-01-11,True,18452,-0.049315756772749214,0.46976462574737,0.0,2.4743007792909344,
PEKAO,50,imbalance,tree,7,2017-01-12,False,36980,0.28116640803012416,0.6305795314426634,0.5104651162790698,2.7656849645698536,0.20251755362736
PEKAO,50,imbalance,tree,7,2017-01-12,True,36980,-0.24842515304547794,0.5047031883036815,0.0,2.7656849645698536,
PEKAO,50,imbalance,tree,8,2017-01-13,False,19882,0.2630777219542404,0.6267751183412228,0.3495624182677799,2.5450141243356486,0.4941230942455424
PEKAO,50,imbalance,tree,8,2017-01-13,True,19882,0.028280144806374412,0.4563637575838389,0.0,2.5450141243356486,
PEKAO,50,imbalance,tree,9,2017-01-16,False,58070,0.22661317081945545,0.5948646302999513,0.41520578612019976,3.8940987179550652,0.6066377048201244
PEKAO,50,imbalance,tree,9,2017-01-16,True,58070,-0.13459578932771746,0.5426642111724984,0.0,3.8940987179550652,
PEKAO,50,ofi,linear,1,2017-01-03,False,40581,0.2746293799269984,0.6202739546036856,0.5156353958749168,3.1180488234944725,0.3206277449742136
PEKAO,50,ofi,linear,1,2017-01-03,True,40581,-0.15067727219315497,0.4919357487764018,7.392622163081245e-05,3.1180488234944725,-0.959217772314742
PEKAO,50,ofi,linear,2,2017-01-04,False,45445,0.31248414964879395,0.6660835884300619,0.45789415777313236,2.571909252059388,0.3111096160874096
PEKAO,50,ofi,linear,2,2017-01-04,True,45445,-0.2797485474052727,0.5147123133629037,6.601386291121135e-05,2.571909252059388,-2.7911700072544465
PEKAO,50,ofi,linear,3,2017-01-05,False,20651,0.32427978140883407,0.671557339298638,0.4433683598857198,2.4248202132178185,0.4000622078512737
PEKAO,50,ofi,linear,3,2017-01-05,True,20651,-0.10671595577057291,0.5039147312323179,0.0,2.4248202132178185,
PEKAO,50,ofi,linear,4,2017-01-09,False,41969,0.3143483964053354,0.6548462543853615,0.4543353427529844,2.3136330744366034,0.3271066584511554
PEKAO,50,ofi,linear,4,2017-01-09,True,41969,-0.01388341864000451,0.4813923092797689,4.765422097262265e-05,2.3136330744366034,3.0558813357588486
PEKAO,50,ofi,linear,5,2017-01-10,False,32324,0.2510156363817541,0.6161227613020639,0.4157591882192798,2.6045943250604693,0.1621689276811634
PEKAO,50,ofi,linear,5,2017-01-10,True,32324,0.1749963508967032,0.4891839351449725,0.0,2.6045943250604693,
PEKAO,50,ofi,linear,6,2017-01-11,False,18452,0.32421885888027824,0.6464088397790055,0.4955018426186863,2.4743007792909344,0.33537908233543223
PEKAO,50,ofi,linear,6,2017-01-11,True,18452,-0.2543641739171131,0.4691591614319231,0.0,2.4743007792909344,
PEKAO,50,ofi,linear,7,2017-01-12,False,36980,0.29857772509622393,0.643438435793553,0.5054894537587885,2.7656849645698536,0.2155457474650551
PEKAO,50,ofi,linear,7,2017-01-12,True,36980,-0.2646875472303511,0.5048441078034173,0.0,2.7656849645698536,
PEKAO,50,ofi,linear,8,2017-01-13,False,19882,0.2772425613438424,0.6414427628508568,0.36636153304496527,2.5450141243356486,0.39641083357999446
PEKAO,50,ofi,linear,8,2017-01-13,True,19882,0.22716266371897856,0.4563637575838389,0.0,2.5450141243356486,
PEKAO,50,ofi,linear,9,2017-01-16,False,58070,0.2390592232317262,0.6024004572299486,0.47215429653866026,3.8940987179550652,0.5021333426342165
PEKAO,50,ofi,linear,9,2017-01-16,True,58070,-0.11289796672843906,0.5395948434622467,0.0,3.8940987179550652,
PEKAO,50,ofi,tree,1,2017-01-03,False,40581,0.23063340195881724,0.6021417074532733,0.5034375693058328,3.1180488234944725,0.1816388118335391
PEKAO,50,ofi,tree,1,2017-01-03,True,40581,-0.14730248033496188,0.4919357487764018,0.0,3.1180488234944725,
PEKAO,50,ofi,tree,2,2017-01-04,False,45445,0.2515529928294251,0.6418441931654901,0.49114314005941245,2.571909252059388,0.003962040834131572
PEKAO,50,ofi,tree,2,2017-01-04,True,45445,-0.2341625376964775,0.5148372586993191,0.0,2.571909252059388,
PEKAO,50,ofi,tree,3,2017-01-05,False,20651,0.30067808593942397,0.6328705835910258,0.39441189288654305,2.4248202132178185,0.4174190837370849
PEKAO,50,ofi,tree,3,2017-01-05,True,20651,-0.08899088850444407,0.5046384630567801,0.0,2.4248202132178185,
PEKAO,50,ofi,tree,4,2017-01-09,False,41969,0.32599290694210425,0.6584577285547224,0.4211441778455527,2.3136330744366034,0.3574083586180164
PEKAO,50,ofi,tree,4,2017-01-09,True,41969,-0.034260618453897405,0.4812547293114123,0.0,2.3136330744366034,
PEKAO,50,ofi,tree,5,2017-01-10,False,32324,0.25822100550411475,0.6163709310501716,0.3788206905086004,2.6045943250604693,0.2613251154974458
PEKAO,50,ofi,tree,5,2017-01-10,True,32324,0.06836970307934927,0.4910865698804649,0.0,2.6045943250604693,
PEKAO,50,ofi,tree,6,2017-01-11,False,18452,0.3364733757908868,0.64943616135624,0.4811944504660741,2.4743007792909344,0.47307896528089177
PEKAO,50,ofi,tree,6,2017-01-11,True,18452,-0.13546233005990724,0.4689321123136305,0.0,2.4743007792909344,
PEKAO,50,ofi,tree,7,2017-01-12,False,36980,0.29061287496905663,0.6341729786859257,0.512520281233099,2.7656849645698536,0.24677560280332264
PEKAO,50,ofi,tree,7,2017-01-12,True,36980,-0.23775560526047793,0.5047031883036815,0.0,2.7656849645698536,
PEKAO,50,ofi,tree,8,2017-01-13,False,19882,0.2636326908677711,0.6209080605373691,0.33910069409516147,2.5450141243356486,0.5430702191977699
PEKAO,50,ofi,tree,8,2017-01-13,True,19882,0.11538841561505982,0.4570971398093206,0.0,2.5450141243356486,
PEKAO,50,ofi,tree,9,2017-01-16,False,58070,0.23333025149489497,0.6010880379331512,0.40983296022042365,3.8940987179550652,0.604295768751056
PEKAO,50,ofi,tree,9,2017-01-16,True,58070,-0.13220369880536498,0.5428970597574141,0.0,3.8940987179550652,
PEKAO,50,microprice,linear,1,2017-01-03,False,40581,0.2724659317097357,0.6320993331800414,0.559325792858727,3.1180488234944725,0.3465078910547244
PEKAO,50,microprice,linear,1,2017-01-03,True,40581,-0.1797226073064197,0.4919357487764018,7.392622163081245e-05,3.1180488234944725,-0.959217772314742
PEKAO,50,microprice,linear,2,2017-01-04,False,45445,0.31193709652454954,0.6692072218404448,0.5049620420288261,2.571909252059388,0.29099654509005435
PEKAO,50,microprice,linear,2,2017-01-04,True,45445,-0.2511943347153116,0.5144936590241769,6.601386291121135e-05,2.571909252059388,-2.7911700072544465
PEKAO,50,microprice,linear,3,2017-01-05,False,20651,0.3176470910764623,0.6733995657609053,0.43668587477603993,2.4248202132178185,0.3838791069369103
PEKAO,50,microprice,linear,3,2017-01-05,True,20651,-0.09713603257875317,0.5039147312323179,0.0,2.4248202132178185,
PEKAO,50,microprice,linear,4,2017-01-09,False,41969,0.3164566274952809,0.6559812891243035,0.46424742071528985,2.3136330744366034,0.30418662517075695
PEKAO,50,microprice,linear,4,2017-01-09,True,41969,-0.03892117418584101,0.4813923092797689,4.765422097262265e-05,2.3136330744366034,3.0558813357588486
PEKAO,50,microprice,linear,5,2017-01-10,False,32324,0.2516311308589835,0.6156677834305332,0.4144289073134513,2.6045943250604693,0.1800280368401767
PEKAO,50,microprice,linear,5,2017-01-10,True,32324,0.15892707768220318,0.4891839351449725,0.0,2.6045943250604693,
PEKAO,50,microprice,linear,6,2017-01-11,False,18452,0.3293534734646734,0.6459547415424204,0.49821157598092347,2.4743007792909344,0.3317942712034337
PEKAO,50,microprice,linear,6,2017-01-11,True,18452,-0.23243879707116794,0.4693862105502157,0.0,2.4743007792909344,
PEKAO,50,microprice,linear,7,2017-01-12,False,36980,0.2983171761747884,0.640232517174564,0.49586262844780965,2.7656849645698536,0.2575497671400262
PEKAO,50,microprice,linear,7,2017-01-12,True,36980,-0.23941667296621516,0.4919852034525277,0.0,2.7656849645698536,
PEKAO,50,microprice,linear,8,2017-01-13,False,19882,0.27593075859415395,0.6403093539569304,0.35921939442712003,2.5450141243356486,0.39109349771575236
PEKAO,50,microprice,linear,8,2017-01-13,True,19882,0.23266170698049174,0.4563637575838389,0.0,2.5450141243356486,
PEKAO,50,microprice,linear,9,2017-01-16,False,58070,0.24349128432574074,0.601892423953769,0.43709316342345444,3.8940987179550652,0.6194297774275254
PEKAO,50,microprice,linear,9,2017-01-16,True,58070,-0.12592030420231218,0.5247560381871679,0.0,3.8940987179550652,
PEKAO,50,microprice,tree,1,2017-01-03,False,40581,0.232642165921615,0.602864369477384,0.4928414775387497,3.1180488234944725,0.27822735453412584
PEKAO,50,microprice,tree,1,2017-01-03,True,40581,-0.1523710177120438,0.4919357487764018,0.0,3.1180488234944725,
PEKAO,50,microprice,tree,2,2017-01-04,False,45445,0.2567681611177018,0.6418129568313863,0.46834635273407416,2.571909252059388,-0.047417824387567906
PEKAO,50,microprice,tree,2,2017-01-04,True,45445,-0.21676715359553714,0.5148372586993191,0.0,2.571909252059388,
PEKAO,50,microprice,tree,3,2017-01-05,False,20651,0.3073611135910315,0.6371471807355747,0.39203912643455524,2.4248202132178185,0.43188611370192376
PEKAO,50,microprice,tree,3,2017-01-05,True,20651,-0.11758059698330635,0.5057569576945852,0.0,2.4248202132178185,
PEKAO,50,microprice,tree,4,2017-01-09,False,41969,0.32327123155831333,0.6524386049391209,0.4044175462841621,2.3136330744366034,0.359867758257638
PEKAO,50,microprice,tree,4,2017-01-09,True,41969,-0.15427562056858077,0.4812547293114123,0.0,2.3136330744366034,
PEKAO,50,microprice,tree,5,2017-01-10,False,32324,0.25580483558767003,0.6198453075236795,0.38206905086004206,2.6045943250604693,0.2777749013382182
PEKAO,50,microprice,tree,5,2017-01-10,True,32324,0.051940057868989135,0.490755676882988,0.0,2.6045943250604693,
PEKAO,50,microprice,tree,6,2017-01-11,False,18452,0.33573449582545883,0.6507984560659956,0.4614133969217429,2.4743007792909344,0.47477501285089574
PEKAO,50,microprice,tree,6,2017-01-11,True,18452,-0.14464035123204547,0.4689321123136305,0.0,2.4743007792909344,
PEKAO,50,microprice,tree,7,2017-01-12,False,36980,0.2894676476753053,0.6354764840584816,0.4826392644672796,2.7656849645698536,0.3241260389208013
PEKAO,50,microprice,tree,7,2017-01-12,True,36980,-0.22281065387348709,0.5051259468028888,0.0,2.7656849645698536,
PEKAO,50,microprice,tree,8,2017-01-13,False,19882,0.2622250714799329,0.6230415361024069,0.32672769339100693,2.5450141243356486,0.5012938481930644
PEKAO,50,microprice,tree,8,2017-01-13,True,19882,0.10388654800982638,0.45616374424961664,0.0,2.5450141243356486,
PEKAO,50,microprice,tree,9,2017-01-16,False,58070,0.2342723549984687,0.5980821743824221,0.4213535388324436,3.8940987179550652,0.6313699277355135
PEKAO,50,microprice,tree,9,2017-01-16,True,58070,-0.13549595387563476,0.543595605512161,0.0,3.8940987179550652,
